Sample,Month,Day,Year,Hour,Minute,Second,Loop_L,ambient_L,Loop_R,ambient_R
0,1,26,2016,16,57,21,5537,20,0,0
1,1,26,2016,16,57,22,5537,20,0,0
2,1,26,2016,16,57,23,5537,20,0,0
3,1,26,2016,16,57,24,5537,20,0,0
4,1,26,2016,16,57,25,5537,20,0,0
5,1,26,2016,16,57,26,5537,20,0,0
6,1,26,2016,16,57,27,5537,20,0,0
7,1,26,2016,16,57,28,5537,20,0,0
8,1,26,2016,16,57,29,5537,20,0,0
9,1,26,2016,16,57,30,5537,20,0,0
10,1,26,2016,16,57,31,5537,20,0,0
11,1,26,2016,16,57,32,5537,20,0,0
12,1,26,2016,16,57,33,5537,20,0,0
13,1,26,2016,16,57,35,5537,20,0,0
14,1,26,2016,16,57,36,5537,20,0,0
15,1,26,2016,16,57,37,5537,20,0,0
16,1,26,2016,16,57,38,5537,20,0,0
17,1,26,2016,16,57,39,5537,20,0,0
18,1,26,2016,16,57,40,5537,20,0,0
19,1,26,2016,16,57,41,5537,20,0,0
20,1,26,2016,16,57,42,5537,20,0,0
21,1,26,2016,16,57,43,5537,20,0,0
22,1,26,2016,16,57,44,5537,20,0,0
23,1,26,2016,16,57,45,5537,20,0,0
24,1,26,2016,16,57,46,5537,20,0,0
25,1,26,2016,16,57,47,5537,20,0,0
26,1,26,2016,16,57,48,5537,20,0,0
27,1,26,2016,16,57,49,5537,20,0,0
28,1,26,2016,16,57,50,5537,20,0,0
29,1,26,2016,16,57,51,5537,20,0,0
30,1,26,2016,16,57,52,5537,20,0,0
31,1,26,2016,16,57,53,5537,20,0,0
32,1,26,2016,16,57,54,5537,20,0,0
33,1,26,2016,16,57,55,5537,20,0,0
34,1,26,2016,16,57,56,5537,20,0,0
35,1,26,2016,16,57,57,5537,20,0,0
36,1,26,2016,16,57,58,5537,20,0,0
37,1,26,2016,16,57,59,5537,20,0,0
38,1,26,2016,16,58,0,5537,20,0,0
39,1,26,2016,16,58,1,5537,20,0,0
40,1,26,2016,16,58,2,5537,20,0,0
41,1,26,2016,16,58,3,5537,20,0,0
42,1,26,2016,16,58,4,5537,20,0,0
43,1,26,2016,16,58,5,5537,20,0,0
44,1,26,2016,16,58,6,5537,20,0,0
45,1,26,2016,16,58,7,5537,20,0,0
46,1,26,2016,16,58,8,5537,20,0,0
47,1,26,2016,16,58,9,5537,20,0,0
48,1,26,2016,16,58,10,5537,20,0,0
49,1,26,2016,16,58,11,5537,20,0,0
50,1,26,2016,16,58,12,5537,20,0,0
51,1,26,2016,16,58,13,5537,20,0,0
52,1,26,2016,16,58,14,5537,20,0,0
53,1,26,2016,16,58,15,5537,20,0,0
54,1,26,2016,16,58,16,5537,20,0,0
55,1,26,2016,16,58,17,5537,20,0,0
56,1,26,2016,16,58,18,5537,20,0,0
57,1,26,2016,16,58,19,5537,20,0,0
58,1,26,2016,16,58,20,5537,20,0,0
59,1,26,2016,16,58,21,5537,20,0,0
60,1,26,2016,16,58,22,5537,20,0,0
61,1,26,2016,16,58,23,5537,20,0,0
62,1,26,2016,16,58,24,5537,20,0,0
63,1,26,2016,16,58,25,5537,20,0,0
64,1,26,2016,16,58,26,5537,20,0,0
65,1,26,2016,16,58,27,5537,20,0,0
66,1,26,2016,16,58,28,5537,20,0,0
67,1,26,2016,16,58,29,5537,20,0,0
68,1,26,2016,16,58,30,5537,20,0,0
69,1,26,2016,16,58,31,5537,20,0,0
70,1,26,2016,16,58,32,5537,20,0,0
71,1,26,2016,16,58,33,5537,20,0,0
72,1,26,2016,16,58,34,5537,20,0,0
73,1,26,2016,16,58,35,5537,20,0,0
74,1,26,2016,16,58,36,5537,20,0,0
75,1,26,2016,16,58,37,5537,20,0,0
76,1,26,2016,16,58,38,5537,20,0,0
77,1,26,2016,16,58,39,5537,20,0,0
78,1,26,2016,16,58,40,5537,20,0,0
79,1,26,2016,16,58,41,5537,20,0,0
80,1,26,2016,16,58,42,5537,20,0,0
81,1,26,2016,16,58,43,5537,20,0,0
82,1,26,2016,16,58,44,5537,20,0,0
83,1,26,2016,16,58,45,5537,20,0,0
84,1,26,2016,16,58,47,5537,20,0,0
85,1,26,2016,16,58,48,5537,20,0,0
86,1,26,2016,16,58,49,5537,20,0,0
87,1,26,2016,16,58,50,5537,20,0,0
88,1,26,2016,16,58,51,5537,20,0,0
89,1,26,2016,16,58,52,5537,20,0,0
90,1,26,2016,16,58,53,5537,20,0,0
91,1,26,2016,16,58,54,5537,20,0,0
92,1,26,2016,16,58,55,5537,20,0,0
93,1,26,2016,16,58,56,5537,20,0,0
94,1,26,2016,16,58,57,5537,20,0,0
95,1,26,2016,16,58,58,5537,20,0,0
96,1,26,2016,16,58,59,5537,20,0,0
97,1,26,2016,16,59,0,5537,20,0,0
98,1,26,2016,16,59,1,5537,20,0,0
99,1,26,2016,16,59,2,5537,20,0,0
100,1,26,2016,16,59,3,5537,20,0,0
101,1,26,2016,16,59,4,5537,20,0,0
102,1,26,2016,16,59,5,5537,20,0,0
103,1,26,2016,16,59,6,5537,20,0,0
104,1,26,2016,16,59,7,5537,20,0,0
105,1,26,2016,16,59,8,5537,20,0,0
106,1,26,2016,16,59,9,5537,20,0,0
107,1,26,2016,16,59,10,5537,20,0,0
108,1,26,2016,16,59,11,5537,20,0,0
109,1,26,2016,16,59,12,5537,20,0,0
110,1,26,2016,16,59,13,5537,20,0,0
111,1,26,2016,16,59,14,5537,20,0,0
112,1,26,2016,16,59,15,5537,20,0,0
113,1,26,2016,16,59,16,5537,20,0,0
114,1,26,2016,16,59,17,5537,20,0,0
115,1,26,2016,16,59,18,5537,20,0,0
116,1,26,2016,16,59,19,5537,20,0,0
117,1,26,2016,16,59,20,5537,20,0,0
118,1,26,2016,16,59,21,5537,20,0,0
119,1,26,2016,16,59,22,5537,20,0,0
120,1,26,2016,16,59,23,5537,20,0,0
121,1,26,2016,16,59,24,5537,20,0,0
122,1,26,2016,16,59,25,5537,20,0,0
123,1,26,2016,16,59,26,5537,20,0,0
124,1,26,2016,16,59,27,5537,20,0,0
125,1,26,2016,16,59,28,5537,20,0,0
126,1,26,2016,16,59,29,5537,20,0,0
127,1,26,2016,16,59,30,5537,20,0,0
128,1,26,2016,16,59,31,5537,20,0,0
129,1,26,2016,16,59,32,5537,20,0,0
130,1,26,2016,16,59,33,5537,20,0,0
131,1,26,2016,16,59,34,5537,20,0,0
132,1,26,2016,16,59,35,5537,20,0,0
133,1,26,2016,16,59,36,5537,20,0,0
134,1,26,2016,16,59,37,5537,20,0,0
135,1,26,2016,16,59,38,5537,20,0,0
136,1,26,2016,16,59,39,5537,20,0,0
137,1,26,2016,16,59,40,5537,20,0,0
138,1,26,2016,16,59,41,5537,20,0,0
139,1,26,2016,16,59,42,5537,20,0,0
140,1,26,2016,16,59,43,5537,20,0,0
141,1,26,2016,16,59,44,5537,20,0,0
142,1,26,2016,16,59,45,5537,20,0,0
143,1,26,2016,16,59,46,5537,20,0,0
144,1,26,2016,16,59,47,5537,20,0,0
145,1,26,2016,16,59,48,5537,20,0,0
146,1,26,2016,16,59,49,5537,20,0,0
147,1,26,2016,16,59,50,5537,20,0,0
148,1,26,2016,16,59,51,5537,20,0,0
149,1,26,2016,16,59,52,5537,20,0,0
150,1,26,2016,16,59,53,5537,20,0,0
151,1,26,2016,16,59,54,5537,20,0,0
152,1,26,2016,16,59,55,5537,20,0,0
153,1,26,2016,16,59,56,5537,20,0,0
154,1,26,2016,16,59,57,5537,20,0,0
155,1,26,2016,16,59,59,5537,20,0,0
156,1,26,2016,17,0,0,5537,20,0,0
157,1,26,2016,17,0,1,5537,20,0,0
158,1,26,2016,17,0,2,5537,20,0,0
159,1,26,2016,17,0,3,5537,20,0,0
160,1,26,2016,17,0,4,5537,20,0,0
161,1,26,2016,17,0,5,5537,20,0,0
162,1,26,2016,17,0,6,5537,20,0,0
163,1,26,2016,17,0,7,5537,20,0,0
164,1,26,2016,17,0,8,5537,20,0,0
165,1,26,2016,17,0,9,5537,20,0,0
166,1,26,2016,17,0,10,5537,20,0,0
167,1,26,2016,17,0,11,5537,20,0,0
168,1,26,2016,17,0,12,5537,20,0,0
169,1,26,2016,17,0,13,5537,20,0,0
170,1,26,2016,17,0,14,5537,20,0,0
171,1,26,2016,17,0,15,5537,20,0,0
172,1,26,2016,17,0,16,5537,20,0,0
173,1,26,2016,17,0,17,5537,20,0,0
174,1,26,2016,17,0,18,5537,20,0,0
175,1,26,2016,17,0,19,5537,20,0,0
176,1,26,2016,17,0,20,5537,20,0,0
177,1,26,2016,17,0,21,5537,20,0,0
178,1,26,2016,17,0,22,5537,20,0,0
179,1,26,2016,17,0,23,5537,20,0,0
180,1,26,2016,17,0,24,5537,20,0,0
181,1,26,2016,17,0,25,5537,20,0,0
182,1,26,2016,17,0,26,5537,20,0,0
183,1,26,2016,17,0,27,5537,20,0,0
184,1,26,2016,17,0,28,5537,20,0,0
185,1,26,2016,17,0,29,5537,20,0,0
186,1,26,2016,17,0,30,5537,20,0,0
187,1,26,2016,17,0,31,5537,20,0,0
188,1,26,2016,17,0,32,5537,20,0,0
189,1,26,2016,17,0,33,5537,20,0,0
190,1,26,2016,17,0,34,5537,20,0,0
191,1,26,2016,17,0,35,5537,20,0,0
192,1,26,2016,17,0,36,5537,20,0,0
193,1,26,2016,17,0,37,5537,20,0,0
194,1,26,2016,17,0,38,5537,20,0,0
195,1,26,2016,17,0,39,5537,20,0,0
196,1,26,2016,17,0,40,5537,20,0,0
197,1,26,2016,17,0,41,5537,20,0,0
198,1,26,2016,17,0,42,5537,20,0,0
199,1,26,2016,17,0,43,5537,20,0,0
200,1,26,2016,17,0,44,5537,20,0,0
201,1,26,2016,17,0,45,5537,20,0,0
202,1,26,2016,17,0,46,5537,20,0,0
203,1,26,2016,17,0,47,5537,20,0,0
204,1,26,2016,17,0,48,5537,20,0,0
205,1,26,2016,17,0,49,5537,20,0,0
206,1,26,2016,17,0,50,5537,20,0,0
207,1,26,2016,17,0,51,5537,20,0,0
208,1,26,2016,17,0,52,5537,20,0,0
209,1,26,2016,17,0,53,5537,20,0,0
210,1,26,2016,17,0,54,5537,20,0,0
211,1,26,2016,17,0,55,5537,20,0,0
212,1,26,2016,17,0,56,5537,20,0,0
213,1,26,2016,17,0,57,5537,20,0,0
214,1,26,2016,17,0,58,5537,20,0,0
215,1,26,2016,17,0,59,5537,20,0,0
216,1,26,2016,17,1,0,5537,20,0,0
217,1,26,2016,17,1,1,5537,20,0,0
218,1,26,2016,17,1,2,5537,20,0,0
219,1,26,2016,17,1,3,5537,20,0,0
220,1,26,2016,17,1,4,5537,20,0,0
221,1,26,2016,17,1,5,5537,20,0,0
222,1,26,2016,17,1,6,5537,20,0,0
223,1,26,2016,17,1,7,5537,20,0,0
224,1,26,2016,17,1,8,5537,20,0,0
225,1,26,2016,17,1,9,5537,20,0,0
226,1,26,2016,17,1,10,5537,20,0,0
227,1,26,2016,17,1,12,5537,20,0,0
228,1,26,2016,17,1,13,5537,20,0,0
229,1,26,2016,17,1,14,5537,20,0,0
230,1,26,2016,17,1,15,5537,20,0,0
231,1,26,2016,17,1,16,5537,20,0,0
232,1,26,2016,17,1,17,5537,20,0,0
233,1,26,2016,17,1,18,5537,20,0,0
234,1,26,2016,17,1,19,5537,20,0,0
235,1,26,2016,17,1,20,5537,20,0,0
236,1,26,2016,17,1,21,5537,20,0,0
237,1,26,2016,17,1,22,5537,20,0,0
238,1,26,2016,17,1,23,5537,20,0,0
239,1,26,2016,17,1,24,5537,20,0,0
240,1,26,2016,17,1,25,5537,20,0,0
241,1,26,2016,17,1,26,5537,20,0,0
242,1,26,2016,17,1,27,5537,20,0,0
243,1,26,2016,17,1,28,5537,20,0,0
244,1,26,2016,17,1,29,5537,20,0,0
245,1,26,2016,17,1,30,5537,20,0,0
246,1,26,2016,17,1,31,5537,20,0,0
247,1,26,2016,17,1,32,5537,20,0,0
248,1,26,2016,17,1,33,5537,20,0,0
249,1,26,2016,17,1,34,5537,20,0,0
250,1,26,2016,17,1,35,5537,20,0,0
251,1,26,2016,17,1,36,5537,20,0,0
252,1,26,2016,17,1,37,5537,20,0,0
253,1,26,2016,17,1,38,5537,20,0,0
254,1,26,2016,17,1,39,5537,20,0,0
255,1,26,2016,17,1,40,5537,20,0,0
256,1,26,2016,17,1,41,5537,20,0,0
257,1,26,2016,17,1,42,5537,20,0,0
258,1,26,2016,17,1,43,5537,20,0,0
259,1,26,2016,17,1,44,5537,20,0,0
260,1,26,2016,17,1,45,5537,20,0,0
261,1,26,2016,17,1,46,5537,20,0,0
262,1,26,2016,17,1,47,5537,20,0,0
263,1,26,2016,17,1,48,5537,20,0,0
264,1,26,2016,17,1,49,5537,20,0,0
265,1,26,2016,17,1,50,5537,20,0,0
266,1,26,2016,17,1,51,5537,20,0,0
267,1,26,2016,17,1,52,5537,20,0,0
268,1,26,2016,17,1,53,5537,20,0,0
269,1,26,2016,17,1,54,5537,20,0,0
270,1,26,2016,17,1,55,5537,20,0,0
271,1,26,2016,17,1,56,5537,20,0,0
272,1,26,2016,17,1,57,5537,20,0,0
273,1,26,2016,17,1,58,5537,20,0,0
274,1,26,2016,17,1,59,5537,20,0,0
275,1,26,2016,17,2,0,5537,20,0,0
276,1,26,2016,17,2,1,5537,20,0,0
277,1,26,2016,17,2,2,5537,20,0,0
278,1,26,2016,17,2,3,5537,20,0,0
279,1,26,2016,17,2,4,5537,20,0,0
280,1,26,2016,17,2,5,5537,20,0,0
281,1,26,2016,17,2,6,5537,20,0,0
282,1,26,2016,17,2,7,5537,20,0,0
283,1,26,2016,17,2,8,5537,20,0,0
284,1,26,2016,17,2,9,5537,20,0,0
285,1,26,2016,17,2,10,5537,20,0,0
286,1,26,2016,17,2,11,5537,20,0,0
287,1,26,2016,17,2,12,5537,20,0,0
288,1,26,2016,17,2,13,5537,20,0,0
289,1,26,2016,17,2,14,5537,20,0,0
290,1,26,2016,17,2,15,5537,20,0,0
291,1,26,2016,17,2,16,5537,20,0,0
292,1,26,2016,17,2,17,5537,20,0,0
293,1,26,2016,17,2,18,5537,20,0,0
294,1,26,2016,17,2,19,5537,20,0,0
295,1,26,2016,17,2,20,5537,20,0,0
296,1,26,2016,17,2,21,5537,20,0,0
297,1,26,2016,17,2,22,5537,20,0,0
298,1,26,2016,17,2,24,5537,20,0,0
299,1,26,2016,17,2,25,5537,20,0,0
300,1,26,2016,17,2,26,5537,20,0,0
301,1,26,2016,17,2,27,5537,20,0,0
302,1,26,2016,17,2,28,5537,20,0,0
303,1,26,2016,17,2,29,5537,20,0,0
304,1,26,2016,17,2,30,5537,20,0,0
305,1,26,2016,17,2,31,5537,20,0,0
306,1,26,2016,17,2,32,5537,20,0,0
307,1,26,2016,17,2,33,5537,20,0,0
308,1,26,2016,17,2,34,5537,20,0,0
309,1,26,2016,17,2,35,5537,20,0,0
310,1,26,2016,17,2,36,5537,20,0,0
311,1,26,2016,17,2,37,5537,20,0,0
312,1,26,2016,17,2,38,5537,20,0,0
313,1,26,2016,17,2,39,5537,20,0,0
314,1,26,2016,17,2,40,5537,20,0,0
315,1,26,2016,17,2,41,5537,20,0,0
316,1,26,2016,17,2,42,5537,20,0,0
317,1,26,2016,17,2,43,5537,20,0,0
318,1,26,2016,17,2,44,5537,20,0,0
319,1,26,2016,17,2,45,5537,20,0,0
320,1,26,2016,17,2,46,5537,20,0,0
321,1,26,2016,17,2,47,5537,20,0,0
322,1,26,2016,17,2,48,5537,20,0,0
323,1,26,2016,17,2,49,5537,20,0,0
324,1,26,2016,17,2,50,5537,20,0,0
325,1,26,2016,17,2,51,5537,20,0,0
326,1,26,2016,17,2,52,5537,20,0,0
327,1,26,2016,17,2,53,5537,20,0,0
328,1,26,2016,17,2,54,5537,20,0,0
329,1,26,2016,17,2,55,5537,20,0,0
330,1,26,2016,17,2,56,5537,20,0,0
331,1,26,2016,17,2,57,5537,20,0,0
332,1,26,2016,17,2,58,5537,20,0,0
333,1,26,2016,17,2,59,5537,20,0,0
334,1,26,2016,17,3,0,5537,20,0,0
335,1,26,2016,17,3,1,5537,20,0,0
336,1,26,2016,17,3,2,5537,20,0,0
337,1,26,2016,17,3,3,5537,20,0,0
338,1,26,2016,17,3,4,5537,20,0,0
339,1,26,2016,17,3,5,5537,20,0,0
340,1,26,2016,17,3,6,5537,20,0,0
341,1,26,2016,17,3,7,5537,20,0,0
342,1,26,2016,17,3,8,5537,20,0,0
343,1,26,2016,17,3,9,5537,20,0,0
344,1,26,2016,17,3,10,5537,20,0,0
345,1,26,2016,17,3,11,5537,20,0,0
346,1,26,2016,17,3,12,5537,20,0,0
347,1,26,2016,17,3,13,5537,20,0,0
348,1,26,2016,17,3,14,5537,20,0,0
349,1,26,2016,17,3,15,5537,20,0,0
350,1,26,2016,17,3,16,5537,20,0,0
351,1,26,2016,17,3,17,5537,20,0,0
352,1,26,2016,17,3,18,5537,20,0,0
353,1,26,2016,17,3,19,5537,20,0,0
354,1,26,2016,17,3,20,5537,20,0,0
355,1,26,2016,17,3,21,5537,20,0,0
356,1,26,2016,17,3,22,5537,20,0,0
357,1,26,2016,17,3,23,5537,20,0,0
358,1,26,2016,17,3,24,5537,20,0,0
359,1,26,2016,17,3,25,5537,20,0,0
360,1,26,2016,17,3,26,5537,20,0,0
361,1,26,2016,17,3,27,5537,20,0,0
362,1,26,2016,17,3,28,5537,20,0,0
363,1,26,2016,17,3,29,5537,20,0,0
364,1,26,2016,17,3,30,5537,20,0,0
365,1,26,2016,17,3,31,5537,20,0,0
366,1,26,2016,17,3,32,5537,20,0,0
367,1,26,2016,17,3,33,5537,20,0,0
368,1,26,2016,17,3,34,5537,20,0,0
369,1,26,2016,17,3,35,5537,20,0,0
370,1,26,2016,17,3,37,5537,20,0,0
371,1,26,2016,17,3,38,5537,20,0,0
372,1,26,2016,17,3,39,5537,20,0,0
373,1,26,2016,17,3,40,5537,20,0,0
374,1,26,2016,17,3,41,5537,20,0,0
375,1,26,2016,17,3,42,5537,20,0,0
376,1,26,2016,17,3,43,5537,20,0,0
377,1,26,2016,17,3,44,5537,20,0,0
378,1,26,2016,17,3,45,5537,20,0,0
379,1,26,2016,17,3,46,5537,20,0,0
380,1,26,2016,17,3,47,5537,20,0,0
381,1,26,2016,17,3,48,5537,20,0,0
382,1,26,2016,17,3,49,5537,20,0,0
383,1,26,2016,17,3,50,5537,20,0,0
384,1,26,2016,17,3,51,5537,20,0,0
385,1,26,2016,17,3,52,5537,20,0,0
386,1,26,2016,17,3,53,5537,20,0,0
387,1,26,2016,17,3,54,5537,20,0,0
388,1,26,2016,17,3,55,5537,20,0,0
389,1,26,2016,17,3,56,5537,20,0,0
390,1,26,2016,17,3,57,5537,20,0,0
391,1,26,2016,17,3,58,5537,20,0,0
392,1,26,2016,17,3,59,5537,20,0,0
393,1,26,2016,17,4,0,5537,20,0,0
394,1,26,2016,17,4,1,5537,20,0,0
395,1,26,2016,17,4,2,5537,20,0,0
396,1,26,2016,17,4,3,5537,20,0,0
397,1,26,2016,17,4,4,5537,20,0,0
398,1,26,2016,17,4,5,5537,20,0,0
399,1,26,2016,17,4,6,5537,20,0,0
400,1,26,2016,17,4,7,5537,20,0,0
401,1,26,2016,17,4,8,5537,20,0,0
402,1,26,2016,17,4,9,5537,20,0,0
403,1,26,2016,17,4,10,5537,20,0,0
404,1,26,2016,17,4,11,5537,20,0,0
405,1,26,2016,17,4,12,5537,20,0,0
406,1,26,2016,17,4,13,5537,20,0,0
407,1,26,2016,17,4,14,5537,20,0,0
408,1,26,2016,17,4,15,5537,20,0,0
409,1,26,2016,17,4,16,5537,20,0,0
410,1,26,2016,17,4,17,5537,20,0,0
411,1,26,2016,17,4,18,5537,20,0,0
412,1,26,2016,17,4,19,5537,20,0,0
413,1,26,2016,17,4,20,5537,20,0,0
414,1,26,2016,17,4,21,5537,20,0,0
415,1,26,2016,17,4,22,5537,20,0,0
416,1,26,2016,17,4,23,5537,20,0,0
417,1,26,2016,17,4,24,5537,20,0,0
418,1,26,2016,17,4,25,5537,20,0,0
419,1,26,2016,17,4,26,5537,20,0,0
420,1,26,2016,17,4,27,5537,20,0,0
421,1,26,2016,17,4,28,5537,20,0,0
422,1,26,2016,17,4,29,5537,20,0,0
423,1,26,2016,17,4,30,5537,20,0,0
424,1,26,2016,17,4,31,5537,20,0,0
425,1,26,2016,17,4,32,5537,20,0,0
426,1,26,2016,17,4,33,5537,20,0,0
427,1,26,2016,17,4,34,5537,20,0,0
428,1,26,2016,17,4,35,5537,20,0,0
429,1,26,2016,17,4,36,5537,20,0,0
430,1,26,2016,17,4,37,5537,20,0,0
431,1,26,2016,17,4,38,5537,20,0,0
432,1,26,2016,17,4,39,5537,20,0,0
433,1,26,2016,17,4,40,5537,20,0,0
434,1,26,2016,17,4,41,5537,20,0,0
435,1,26,2016,17,4,42,5537,20,0,0
436,1,26,2016,17,4,43,5537,20,0,0
437,1,26,2016,17,4,44,5537,20,0,0
438,1,26,2016,17,4,45,5537,20,0,0
439,1,26,2016,17,4,46,5537,20,0,0
440,1,26,2016,17,4,47,5537,20,0,0
441,1,26,2016,17,4,49,5537,20,0,0
442,1,26,2016,17,4,50,5537,20,0,0
443,1,26,2016,17,4,51,5537,20,0,0
444,1,26,2016,17,4,52,5537,20,0,0
445,1,26,2016,17,4,53,5537,20,0,0
446,1,26,2016,17,4,54,5537,20,0,0
447,1,26,2016,17,4,55,5537,20,0,0
448,1,26,2016,17,4,56,5537,20,0,0
449,1,26,2016,17,4,57,5537,20,0,0
450,1,26,2016,17,4,58,5537,20,0,0
451,1,26,2016,17,4,59,5537,20,0,0
452,1,26,2016,17,5,0,5537,20,0,0
453,1,26,2016,17,5,1,5537,20,0,0
454,1,26,2016,17,5,2,5537,20,0,0
455,1,26,2016,17,5,3,5537,20,0,0
456,1,26,2016,17,5,4,5537,20,0,0
457,1,26,2016,17,5,5,5537,20,0,0
458,1,26,2016,17,5,6,5537,20,0,0
459,1,26,2016,17,5,7,5537,20,0,0
460,1,26,2016,17,5,8,5537,20,0,0
461,1,26,2016,17,5,9,5537,20,0,0
462,1,26,2016,17,5,10,5537,20,0,0
463,1,26,2016,17,5,11,5537,20,0,0
464,1,26,2016,17,5,12,5537,20,0,0
465,1,26,2016,17,5,13,5537,20,0,0
466,1,26,2016,17,5,14,5537,20,0,0
467,1,26,2016,17,5,15,5537,20,0,0
468,1,26,2016,17,5,16,5537,20,0,0
469,1,26,2016,17,5,17,5537,20,0,0
470,1,26,2016,17,5,18,5537,20,0,0
471,1,26,2016,17,5,19,5537,20,0,0
472,1,26,2016,17,5,20,5537,20,0,0
473,1,26,2016,17,5,21,5537,20,0,0
474,1,26,2016,17,5,22,5537,20,0,0
475,1,26,2016,17,5,23,5537,20,0,0
476,1,26,2016,17,5,24,5537,20,0,0
477,1,26,2016,17,5,25,5537,20,0,0
478,1,26,2016,17,5,26,5537,20,0,0
479,1,26,2016,17,5,27,5537,20,0,0
480,1,26,2016,17,5,28,5537,20,0,0
481,1,26,2016,17,5,29,5537,20,0,0
482,1,26,2016,17,5,30,5537,20,0,0
483,1,26,2016,17,5,31,5537,20,0,0
484,1,26,2016,17,5,32,5537,20,0,0
485,1,26,2016,17,5,33,5537,20,0,0
486,1,26,2016,17,5,34,5537,20,0,0
487,1,26,2016,17,5,35,5537,20,0,0
488,1,26,2016,17,5,36,5537,20,0,0
489,1,26,2016,17,5,37,5537,20,0,0
490,1,26,2016,17,5,38,5537,20,0,0
491,1,26,2016,17,5,39,5537,20,0,0
492,1,26,2016,17,5,40,5537,20,0,0
493,1,26,2016,17,5,41,5537,20,0,0
494,1,26,2016,17,5,42,5537,20,0,0
495,1,26,2016,17,5,43,5537,20,0,0
496,1,26,2016,17,5,44,5537,20,0,0
497,1,26,2016,17,5,45,5537,20,0,0
498,1,26,2016,17,5,46,5537,20,0,0
499,1,26,2016,17,5,47,5537,20,0,0
500,1,26,2016,17,5,48,5537,20,0,0
501,1,26,2016,17,5,49,5537,20,0,0
502,1,26,2016,17,5,50,5537,20,0,0
503,1,26,2016,17,5,51,5537,20,0,0
504,1,26,2016,17,5,52,5537,20,0,0
505,1,26,2016,17,5,53,5537,20,0,0
506,1,26,2016,17,5,54,5537,20,0,0
507,1,26,2016,17,5,55,5537,20,0,0
508,1,26,2016,17,5,56,5537,20,0,0
509,1,26,2016,17,5,57,5537,20,0,0
510,1,26,2016,17,5,58,5537,20,0,0
511,1,26,2016,17,5,59,5537,20,0,0
512,1,26,2016,17,6,1,5537,20,0,0
513,1,26,2016,17,6,2,5537,20,0,0
514,1,26,2016,17,6,3,5537,20,0,0
515,1,26,2016,17,6,4,5537,20,0,0
516,1,26,2016,17,6,5,5537,20,0,0
517,1,26,2016,17,6,6,5537,20,0,0
518,1,26,2016,17,6,7,5537,20,0,0
519,1,26,2016,17,6,8,5537,20,0,0
520,1,26,2016,17,6,9,5537,20,0,0
521,1,26,2016,17,6,10,5537,20,0,0
522,1,26,2016,17,6,11,5537,20,0,0
523,1,26,2016,17,6,12,5537,20,0,0
524,1,26,2016,17,6,13,5537,20,0,0
525,1,26,2016,17,6,14,5537,20,0,0
526,1,26,2016,17,6,15,5537,20,0,0
527,1,26,2016,17,6,16,5537,20,0,0
528,1,26,2016,17,6,17,5537,20,0,0
529,1,26,2016,17,6,18,5537,20,0,0
530,1,26,2016,17,6,19,5537,20,0,0
531,1,26,2016,17,6,20,5537,20,0,0
532,1,26,2016,17,6,21,5537,20,0,0
533,1,26,2016,17,6,22,5537,20,0,0
534,1,26,2016,17,6,23,5537,20,0,0
535,1,26,2016,17,6,24,5537,20,0,0
536,1,26,2016,17,6,25,5537,20,0,0
537,1,26,2016,17,6,26,5537,20,0,0
538,1,26,2016,17,6,27,5537,20,0,0
539,1,26,2016,17,6,28,5537,20,0,0
540,1,26,2016,17,6,29,5537,20,0,0
541,1,26,2016,17,6,30,5537,20,0,0
542,1,26,2016,17,6,31,5537,20,0,0
543,1,26,2016,17,6,32,5537,20,0,0
544,1,26,2016,17,6,33,5537,20,0,0
545,1,26,2016,17,6,34,5537,20,0,0
546,1,26,2016,17,6,35,5537,20,0,0
547,1,26,2016,17,6,36,5537,20,0,0
548,1,26,2016,17,6,37,5537,20,0,0
549,1,26,2016,17,6,38,5537,20,0,0
550,1,26,2016,17,6,39,5537,20,0,0
551,1,26,2016,17,6,40,5537,20,0,0
552,1,26,2016,17,6,41,5537,20,0,0
553,1,26,2016,17,6,42,5537,20,0,0
554,1,26,2016,17,6,43,5537,20,0,0
555,1,26,2016,17,6,44,5537,20,0,0
556,1,26,2016,17,6,45,5537,20,0,0
557,1,26,2016,17,6,46,5537,20,0,0
558,1,26,2016,17,6,47,5537,20,0,0
559,1,26,2016,17,6,48,5537,20,0,0
560,1,26,2016,17,6,49,5537,20,0,0
561,1,26,2016,17,6,50,5537,20,0,0
562,1,26,2016,17,6,51,5537,20,0,0
563,1,26,2016,17,6,52,5537,20,0,0
564,1,26,2016,17,6,53,5537,20,0,0
565,1,26,2016,17,6,54,5537,20,0,0
566,1,26,2016,17,6,55,5537,20,0,0
567,1,26,2016,17,6,56,5537,20,0,0
568,1,26,2016,17,6,57,5537,20,0,0
569,1,26,2016,17,6,58,5537,20,0,0
570,1,26,2016,17,6,59,5537,20,0,0
571,1,26,2016,17,7,0,5537,20,0,0
572,1,26,2016,17,7,1,5537,20,0,0
573,1,26,2016,17,7,2,5537,20,0,0
574,1,26,2016,17,7,3,5537,20,0,0
575,1,26,2016,17,7,4,5537,20,0,0
576,1,26,2016,17,7,5,5537,20,0,0
577,1,26,2016,17,7,6,5537,20,0,0
578,1,26,2016,17,7,7,5537,20,0,0
579,1,26,2016,17,7,8,5537,20,0,0
580,1,26,2016,17,7,9,5537,20,0,0
581,1,26,2016,17,7,10,5537,20,0,0
582,1,26,2016,17,7,11,5537,20,0,0
583,1,26,2016,17,7,12,5537,20,0,0
584,1,26,2016,17,7,14,5537,20,0,0
585,1,26,2016,17,7,15,5537,20,0,0
586,1,26,2016,17,7,16,5537,20,0,0
587,1,26,2016,17,7,17,5537,20,0,0
588,1,26,2016,17,7,18,5537,20,0,0
589,1,26,2016,17,7,19,5537,20,0,0
590,1,26,2016,17,7,20,5537,20,0,0
591,1,26,2016,17,7,21,5537,20,0,0
592,1,26,2016,17,7,22,5537,20,0,0
593,1,26,2016,17,7,23,5537,20,0,0
594,1,26,2016,17,7,24,5537,20,0,0
595,1,26,2016,17,7,25,5537,20,0,0
596,1,26,2016,17,7,26,5537,20,0,0
597,1,26,2016,17,7,27,5537,20,0,0
598,1,26,2016,17,7,28,5537,20,0,0
599,1,26,2016,17,7,29,5537,20,0,0
600,1,26,2016,17,7,30,5537,20,0,0
601,1,26,2016,17,7,31,5537,20,0,0
602,1,26,2016,17,7,32,5537,20,0,0
603,1,26,2016,17,7,33,5537,20,0,0
604,1,26,2016,17,7,34,5537,20,0,0
605,1,26,2016,17,7,35,5537,20,0,0
606,1,26,2016,17,7,36,5537,20,0,0
607,1,26,2016,17,7,37,5537,20,0,0
608,1,26,2016,17,7,38,5537,20,0,0
609,1,26,2016,17,7,39,5537,20,0,0
610,1,26,2016,17,7,40,5537,20,0,0
611,1,26,2016,17,7,41,5537,20,0,0
612,1,26,2016,17,7,42,5537,20,0,0
613,1,26,2016,17,7,43,5537,20,0,0
614,1,26,2016,17,7,44,5537,20,0,0
615,1,26,2016,17,7,45,5537,20,0,0
616,1,26,2016,17,7,46,5537,20,0,0
617,1,26,2016,17,7,47,5537,20,0,0
618,1,26,2016,17,7,48,5537,20,0,0
619,1,26,2016,17,7,49,5537,20,0,0
620,1,26,2016,17,7,50,5537,20,0,0
621,1,26,2016,17,7,51,5537,20,0,0
622,1,26,2016,17,7,52,5537,20,0,0
623,1,26,2016,17,7,53,5537,20,0,0
624,1,26,2016,17,7,54,5537,20,0,0
625,1,26,2016,17,7,55,5537,20,0,0
626,1,26,2016,17,7,56,5537,20,0,0
627,1,26,2016,17,7,57,5537,20,0,0
628,1,26,2016,17,7,58,5537,20,0,0
629,1,26,2016,17,7,59,5537,20,0,0
630,1,26,2016,17,8,0,5537,20,0,0
631,1,26,2016,17,8,1,5537,20,0,0
632,1,26,2016,17,8,2,5537,20,0,0
633,1,26,2016,17,8,3,5537,20,0,0
634,1,26,2016,17,8,4,5537,20,0,0
635,1,26,2016,17,8,5,5537,20,0,0
636,1,26,2016,17,8,6,5537,20,0,0
637,1,26,2016,17,8,7,5537,20,0,0
638,1,26,2016,17,8,8,5537,20,0,0
639,1,26,2016,17,8,9,5537,20,0,0
640,1,26,2016,17,8,10,5537,20,0,0
641,1,26,2016,17,8,11,5537,20,0,0
642,1,26,2016,17,8,12,5537,20,0,0
643,1,26,2016,17,8,13,5537,20,0,0
644,1,26,2016,17,8,14,5537,20,0,0
645,1,26,2016,17,8,15,5537,20,0,0
646,1,26,2016,17,8,16,5537,20,0,0
647,1,26,2016,17,8,17,5537,20,0,0
648,1,26,2016,17,8,18,5537,20,0,0
649,1,26,2016,17,8,19,5537,20,0,0
650,1,26,2016,17,8,20,5537,20,0,0
651,1,26,2016,17,8,21,5537,20,0,0
652,1,26,2016,17,8,22,37,20,0,0
653,1,26,2016,17,8,23,37,20,0,0
654,1,26,2016,17,8,24,37,20,0,0
655,1,26,2016,17,8,26,37,20,0,0
656,1,26,2016,17,8,27,37,20,0,0
657,1,26,2016,17,8,28,37,20,0,0
658,1,26,2016,17,8,29,37,20,0,0
659,1,26,2016,17,8,30,37,20,0,0
660,1,26,2016,17,8,31,37,20,0,0
661,1,26,2016,17,8,32,37,20,0,0
662,1,26,2016,17,8,33,37,20,0,0
663,1,26,2016,17,8,34,37,20,0,0
664,1,26,2016,17,8,35,37,20,0,0
665,1,26,2016,17,8,36,37,20,0,0
666,1,26,2016,17,8,37,37,20,0,0
667,1,26,2016,17,8,38,37,20,0,0
668,1,26,2016,17,8,39,37,20,0,0
669,1,26,2016,17,8,40,37,20,0,0
670,1,26,2016,17,8,41,37,20,0,0
671,1,26,2016,17,8,42,37,20,0,0
672,1,26,2016,17,8,43,37,20,0,0
673,1,26,2016,17,8,44,37,20,0,0
674,1,26,2016,17,8,45,37,20,0,0
675,1,26,2016,17,8,46,37,20,0,0
676,1,26,2016,17,8,47,37,20,0,0
677,1,26,2016,17,8,48,37,20,0,0
678,1,26,2016,17,8,49,37,20,0,0
679,1,26,2016,17,8,50,37,20,0,0
680,1,26,2016,17,8,51,37,20,0,0
681,1,26,2016,17,8,52,37,20,0,0
682,1,26,2016,17,8,53,37,20,0,0
683,1,26,2016,17,8,54,37,20,0,0
684,1,26,2016,17,8,55,37,20,0,0
685,1,26,2016,17,8,56,37,20,0,0
686,1,26,2016,17,8,57,37,20,0,0
687,1,26,2016,17,8,58,37,20,0,0
688,1,26,2016,17,8,59,37,20,0,0
689,1,26,2016,17,9,0,37,20,0,0
690,1,26,2016,17,9,1,37,20,0,0
691,1,26,2016,17,9,2,37,20,0,0
692,1,26,2016,17,9,3,37,20,0,0
693,1,26,2016,17,9,4,37,20,0,0
694,1,26,2016,17,9,5,37,20,0,0
695,1,26,2016,17,9,6,37,20,0,0
696,1,26,2016,17,9,7,37,20,0,0
697,1,26,2016,17,9,8,37,20,0,0
698,1,26,2016,17,9,9,37,20,0,0
699,1,26,2016,17,9,10,37,20,0,0
700,1,26,2016,17,9,11,37,20,0,0
701,1,26,2016,17,9,12,37,20,0,0
702,1,26,2016,17,9,13,37,20,0,0
703,1,26,2016,17,9,14,37,20,0,0
704,1,26,2016,17,9,15,37,20,0,0
705,1,26,2016,17,9,16,37,20,0,0
706,1,26,2016,17,9,17,37,20,0,0
707,1,26,2016,17,9,18,37,20,0,0
708,1,26,2016,17,9,19,37,20,0,0
709,1,26,2016,17,9,20,37,20,0,0
710,1,26,2016,17,9,21,37,20,0,0
711,1,26,2016,17,9,22,37,20,0,0
712,1,26,2016,17,9,23,37,20,0,0
713,1,26,2016,17,9,24,37,20,0,0
714,1,26,2016,17,9,25,37,20,0,0
715,1,26,2016,17,9,26,37,20,0,0
716,1,26,2016,17,9,27,37,20,0,0
717,1,26,2016,17,9,28,37,20,0,0
718,1,26,2016,17,9,29,37,20,0,0
719,1,26,2016,17,9,30,37,20,0,0
720,1,26,2016,17,9,31,37,20,0,0
721,1,26,2016,17,9,32,37,20,0,0
722,1,26,2016,17,9,33,37,20,0,0
723,1,26,2016,17,9,34,37,20,0,0
724,1,26,2016,17,9,35,36,20,0,0
725,1,26,2016,17,9,36,36,20,0,0
726,1,26,2016,17,9,37,36,20,0,0
727,1,26,2016,17,9,39,35,20,0,0
728,1,26,2016,17,9,40,35,20,0,0
729,1,26,2016,17,9,41,35,20,0,0
730,1,26,2016,17,9,42,34,20,0,0
731,1,26,2016,17,9,43,34,20,0,0
732,1,26,2016,17,9,44,34,20,0,0
733,1,26,2016,17,9,45,34,20,0,0
734,1,26,2016,17,9,46,34,20,0,0
735,1,26,2016,17,9,47,34,20,0,0
736,1,26,2016,17,9,48,34,20,0,0
737,1,26,2016,17,9,49,34,20,0,0
738,1,26,2016,17,9,50,34,20,0,0
739,1,26,2016,17,9,51,34,20,0,0
740,1,26,2016,17,9,52,34,20,0,0
741,1,26,2016,17,9,53,35,20,0,0
742,1,26,2016,17,9,54,35,20,0,0
743,1,26,2016,17,9,55,35,20,0,0
744,1,26,2016,17,9,56,35,20,0,0
745,1,26,2016,17,9,57,35,20,0,0
746,1,26,2016,17,9,58,35,20,0,0
747,1,26,2016,17,9,59,35,20,0,0
748,1,26,2016,17,10,0,35,20,0,0
749,1,26,2016,17,10,1,36,20,0,0
750,1,26,2016,17,10,2,36,20,0,0
751,1,26,2016,17,10,3,36,20,0,0
752,1,26,2016,17,10,4,36,20,0,0
753,1,26,2016,17,10,5,36,20,0,0
754,1,26,2016,17,10,6,36,20,0,0
755,1,26,2016,17,10,7,36,20,0,0
756,1,26,2016,17,10,8,36,20,0,0
757,1,26,2016,17,10,9,36,20,0,0
758,1,26,2016,17,10,10,36,20,0,0
759,1,26,2016,17,10,11,36,20,0,0
760,1,26,2016,17,10,12,36,20,0,0
761,1,26,2016,17,10,13,36,20,0,0
762,1,26,2016,17,10,14,36,20,0,0
763,1,26,2016,17,10,15,36,20,0,0
764,1,26,2016,17,10,16,36,20,0,0
765,1,26,2016,17,10,17,36,20,0,0
766,1,26,2016,17,10,18,36,20,0,0
767,1,26,2016,17,10,19,36,20,0,0
768,1,26,2016,17,10,20,36,20,0,0
769,1,26,2016,17,10,21,36,20,0,0
770,1,26,2016,17,10,22,36,20,0,0
771,1,26,2016,17,10,23,36,20,0,0
772,1,26,2016,17,10,24,36,20,0,0
773,1,26,2016,17,10,25,36,20,0,0
774,1,26,2016,17,10,26,36,20,0,0
775,1,26,2016,17,10,27,36,20,0,0
776,1,26,2016,17,10,28,36,20,0,0
777,1,26,2016,17,10,29,36,20,0,0
778,1,26,2016,17,10,30,36,20,0,0
779,1,26,2016,17,10,31,36,20,0,0
780,1,26,2016,17,10,32,36,20,0,0
781,1,26,2016,17,10,33,36,20,0,0
782,1,26,2016,17,10,34,36,20,0,0
783,1,26,2016,17,10,35,36,20,0,0
784,1,26,2016,17,10,36,36,20,0,0
785,1,26,2016,17,10,37,36,20,0,0
786,1,26,2016,17,10,38,36,20,0,0
787,1,26,2016,17,10,39,36,20,0,0
788,1,26,2016,17,10,40,36,20,0,0
789,1,26,2016,17,10,41,36,20,0,0
790,1,26,2016,17,10,42,36,20,0,0
791,1,26,2016,17,10,43,36,20,0,0
792,1,26,2016,17,10,44,36,20,0,0
793,1,26,2016,17,10,45,36,20,0,0
794,1,26,2016,17,10,46,36,20,0,0
795,1,26,2016,17,10,47,36,20,0,0
796,1,26,2016,17,10,48,36,20,0,0
797,1,26,2016,17,10,49,36,20,0,0
798,1,26,2016,17,10,51,36,20,0,0
799,1,26,2016,17,10,52,36,20,0,0
800,1,26,2016,17,10,53,36,20,0,0
801,1,26,2016,17,10,54,36,20,0,0
802,1,26,2016,17,10,55,36,20,0,0
803,1,26,2016,17,10,56,37,20,0,0
804,1,26,2016,17,10,57,37,20,0,0
805,1,26,2016,17,10,58,37,20,0,0
806,1,26,2016,17,10,59,37,20,0,0
807,1,26,2016,17,11,0,37,20,0,0
808,1,26,2016,17,11,1,37,20,0,0
809,1,26,2016,17,11,2,37,20,0,0
810,1,26,2016,17,11,3,36,20,0,0
811,1,26,2016,17,11,4,36,20,0,0
812,1,26,2016,17,11,5,35,20,0,0
813,1,26,2016,17,11,6,35,20,0,0
814,1,26,2016,17,11,7,34,20,0,0
815,1,26,2016,17,11,8,34,20,0,0
816,1,26,2016,17,11,9,33,20,0,0
817,1,26,2016,17,11,10,32,20,0,0
818,1,26,2016,17,11,11,32,20,0,0
819,1,26,2016,17,11,12,32,20,0,0
820,1,26,2016,17,11,13,31,20,0,0
821,1,26,2016,17,11,14,31,20,0,0
822,1,26,2016,17,11,15,31,20,0,0
823,1,26,2016,17,11,16,30,20,0,0
824,1,26,2016,17,11,17,30,20,0,0
825,1,26,2016,17,11,18,30,20,0,0
826,1,26,2016,17,11,19,30,20,0,0
827,1,26,2016,17,11,20,29,20,0,0
828,1,26,2016,17,11,21,29,20,0,0
829,1,26,2016,17,11,22,29,20,0,0
830,1,26,2016,17,11,23,29,20,0,0
831,1,26,2016,17,11,24,29,20,0,0
832,1,26,2016,17,11,25,29,20,0,0
833,1,26,2016,17,11,26,29,20,0,0
834,1,26,2016,17,11,27,29,20,0,0
835,1,26,2016,17,11,28,29,20,0,0
836,1,26,2016,17,11,29,29,20,0,0
837,1,26,2016,17,11,30,29,20,0,0
838,1,26,2016,17,11,31,29,20,0,0
839,1,26,2016,17,11,32,29,20,0,0
840,1,26,2016,17,11,33,29,20,0,0
841,1,26,2016,17,11,34,29,20,0,0
842,1,26,2016,17,11,35,28,20,0,0
843,1,26,2016,17,11,36,28,20,0,0
844,1,26,2016,17,11,37,28,20,0,0
845,1,26,2016,17,11,38,28,20,0,0
846,1,26,2016,17,11,39,28,20,0,0
847,1,26,2016,17,11,40,28,20,0,0
848,1,26,2016,17,11,41,28,20,0,0
849,1,26,2016,17,11,42,28,20,0,0
850,1,26,2016,17,11,43,28,20,0,0
851,1,26,2016,17,11,44,28,20,0,0
852,1,26,2016,17,11,45,28,20,0,0
853,1,26,2016,17,11,46,28,20,0,0
854,1,26,2016,17,11,47,28,20,0,0
855,1,26,2016,17,11,48,28,20,0,0
856,1,26,2016,17,11,49,28,20,0,0
857,1,26,2016,17,11,50,27,20,0,0
858,1,26,2016,17,11,51,27,20,0,0
859,1,26,2016,17,11,52,27,20,0,0
860,1,26,2016,17,11,53,27,20,0,0
861,1,26,2016,17,11,54,27,20,0,0
862,1,26,2016,17,11,55,27,20,0,0
863,1,26,2016,17,11,56,26,20,0,0
864,1,26,2016,17,11,57,26,20,0,0
865,1,26,2016,17,11,58,26,20,0,0
866,1,26,2016,17,11,59,26,20,0,0
867,1,26,2016,17,12,0,26,20,0,0
868,1,26,2016,17,12,1,26,20,0,0
869,1,26,2016,17,12,3,26,20,0,0
870,1,26,2016,17,12,4,26,20,0,0
871,1,26,2016,17,12,5,26,20,0,0
872,1,26,2016,17,12,6,26,20,0,0
873,1,26,2016,17,12,7,26,20,0,0
874,1,26,2016,17,12,8,26,20,0,0
875,1,26,2016,17,12,9,26,20,0,0
876,1,26,2016,17,12,10,26,20,0,0
877,1,26,2016,17,12,11,26,20,0,0
878,1,26,2016,17,12,12,26,20,0,0
879,1,26,2016,17,12,13,26,20,0,0
880,1,26,2016,17,12,14,25,20,0,0
881,1,26,2016,17,12,15,25,20,0,0
882,1,26,2016,17,12,16,25,20,0,0
883,1,26,2016,17,12,17,25,20,0,0
884,1,26,2016,17,12,18,25,20,0,0
885,1,26,2016,17,12,19,25,20,0,0
886,1,26,2016,17,12,20,25,20,0,0
887,1,26,2016,17,12,21,24,20,0,0
888,1,26,2016,17,12,22,24,20,0,0
889,1,26,2016,17,12,23,24,20,0,0
890,1,26,2016,17,12,24,24,20,0,0
891,1,26,2016,17,12,25,24,20,0,0
892,1,26,2016,17,12,26,24,20,0,0
893,1,26,2016,17,12,27,24,20,0,0
894,1,26,2016,17,12,28,24,20,0,0
895,1,26,2016,17,12,29,24,20,0,0
896,1,26,2016,17,12,30,24,20,0,0
897,1,26,2016,17,12,31,24,20,0,0
898,1,26,2016,17,12,32,24,20,0,0
899,1,26,2016,17,12,33,24,20,0,0
900,1,26,2016,17,12,34,24,20,0,0
901,1,26,2016,17,12,35,24,20,0,0
902,1,26,2016,17,12,36,24,20,0,0
903,1,26,2016,17,12,37,24,20,0,0
904,1,26,2016,17,12,38,23,20,0,0
905,1,26,2016,17,12,39,23,20,0,0
906,1,26,2016,17,12,40,23,20,0,0
907,1,26,2016,17,12,41,23,20,0,0
908,1,26,2016,17,12,42,23,20,0,0
909,1,26,2016,17,12,43,23,20,0,0
910,1,26,2016,17,12,44,23,20,0,0
911,1,26,2016,17,12,45,23,20,0,0
912,1,26,2016,17,12,46,23,20,0,0
913,1,26,2016,17,12,47,23,20,0,0
914,1,26,2016,17,12,48,23,20,0,0
915,1,26,2016,17,12,49,23,20,0,0
916,1,26,2016,17,12,50,23,20,0,0
917,1,26,2016,17,12,51,23,20,0,0
918,1,26,2016,17,12,52,23,20,0,0
919,1,26,2016,17,12,53,22,20,0,0
920,1,26,2016,17,12,54,22,20,0,0
921,1,26,2016,17,12,55,22,20,0,0
922,1,26,2016,17,12,56,22,20,0,0
923,1,26,2016,17,12,57,22,20,0,0
924,1,26,2016,17,12,58,22,20,0,0
925,1,26,2016,17,12,59,22,20,0,0
926,1,26,2016,17,13,0,22,20,0,0
927,1,26,2016,17,13,1,22,20,0,0
928,1,26,2016,17,13,2,22,20,0,0
929,1,26,2016,17,13,3,22,20,0,0
930,1,26,2016,17,13,4,22,20,0,0
931,1,26,2016,17,13,5,22,20,0,0
932,1,26,2016,17,13,6,22,20,0,0
933,1,26,2016,17,13,7,21,20,0,0
934,1,26,2016,17,13,8,21,20,0,0
935,1,26,2016,17,13,9,21,20,0,0
936,1,26,2016,17,13,10,21,20,0,0
937,1,26,2016,17,13,11,21,20,0,0
938,1,26,2016,17,13,12,21,20,0,0
939,1,26,2016,17,13,13,21,20,0,0
940,1,26,2016,17,13,14,21,20,0,0
941,1,26,2016,17,13,16,21,20,0,0
942,1,26,2016,17,13,17,21,20,0,0
943,1,26,2016,17,13,18,21,20,0,0
944,1,26,2016,17,13,19,21,20,0,0
945,1,26,2016,17,13,20,21,20,0,0
946,1,26,2016,17,13,21,21,20,0,0
947,1,26,2016,17,13,22,21,20,0,0
948,1,26,2016,17,13,23,21,20,0,0
949,1,26,2016,17,13,24,21,20,0,0
950,1,26,2016,17,13,25,21,20,0,0
951,1,26,2016,17,13,26,21,20,0,0
952,1,26,2016,17,13,27,21,20,0,0
953,1,26,2016,17,13,28,21,20,0,0
954,1,26,2016,17,13,29,21,20,0,0
955,1,26,2016,17,13,30,21,20,0,0
956,1,26,2016,17,13,31,21,20,0,0
957,1,26,2016,17,13,32,21,20,0,0
958,1,26,2016,17,13,33,21,20,0,0
959,1,26,2016,17,13,34,21,20,0,0
960,1,26,2016,17,13,35,21,20,0,0
961,1,26,2016,17,13,36,21,20,0,0
962,1,26,2016,17,13,37,21,20,0,0
963,1,26,2016,17,13,38,21,20,0,0
964,1,26,2016,17,13,39,20,20,0,0
965,1,26,2016,17,13,40,20,20,0,0
966,1,26,2016,17,13,41,20,20,0,0
967,1,26,2016,17,13,42,20,20,0,0
968,1,26,2016,17,13,43,20,20,0,0
969,1,26,2016,17,13,44,20,20,0,0
970,1,26,2016,17,13,45,20,20,0,0
971,1,26,2016,17,13,46,19,20,0,0
972,1,26,2016,17,13,47,19,20,0,0
973,1,26,2016,17,13,48,19,20,0,0
974,1,26,2016,17,13,49,19,20,0,0
975,1,26,2016,17,13,50,19,20,0,0
976,1,26,2016,17,13,51,19,20,0,0
977,1,26,2016,17,13,52,19,20,0,0
978,1,26,2016,17,13,53,19,20,0,0
979,1,26,2016,17,13,54,19,20,0,0
980,1,26,2016,17,13,55,19,20,0,0
981,1,26,2016,17,13,56,19,20,0,0
982,1,26,2016,17,13,57,19,20,0,0
983,1,26,2016,17,13,58,19,20,0,0
984,1,26,2016,17,13,59,19,20,0,0
985,1,26,2016,17,14,0,19,20,0,0
986,1,26,2016,17,14,1,19,20,0,0
987,1,26,2016,17,14,2,19,20,0,0
988,1,26,2016,17,14,3,19,20,0,0
989,1,26,2016,17,14,4,19,20,0,0
990,1,26,2016,17,14,5,19,20,0,0
991,1,26,2016,17,14,6,19,20,0,0
992,1,26,2016,17,14,7,19,20,0,0
993,1,26,2016,17,14,8,19,20,0,0
994,1,26,2016,17,14,9,19,20,0,0
995,1,26,2016,17,14,10,19,20,0,0
996,1,26,2016,17,14,11,19,20,0,0
997,1,26,2016,17,14,12,19,20,0,0
998,1,26,2016,17,14,13,19,20,0,0
999,1,26,2016,17,14,14,19,20,0,0
1000,1,26,2016,17,14,15,19,20,0,0
1001,1,26,2016,17,14,16,19,20,0,0
1002,1,26,2016,17,14,17,19,20,0,0
1003,1,26,2016,17,14,18,19,20,0,0
1004,1,26,2016,17,14,19,19,20,0,0
1005,1,26,2016,17,14,20,19,20,0,0
1006,1,26,2016,17,14,21,19,20,0,0
1007,1,26,2016,17,14,22,19,20,0,0
1008,1,26,2016,17,14,23,19,20,0,0
1009,1,26,2016,17,14,24,19,20,0,0
1010,1,26,2016,17,14,25,19,20,0,0
1011,1,26,2016,17,14,26,19,20,0,0
1012,1,26,2016,17,14,28,18,20,0,0
1013,1,26,2016,17,14,29,18,20,0,0
1014,1,26,2016,17,14,30,18,20,0,0
1015,1,26,2016,17,14,31,18,20,0,0
1016,1,26,2016,17,14,32,18,20,0,0
1017,1,26,2016,17,14,33,18,20,0,0
1018,1,26,2016,17,14,34,18,20,0,0
1019,1,26,2016,17,14,35,18,20,0,0
1020,1,26,2016,17,14,36,18,20,0,0
1021,1,26,2016,17,14,37,18,20,0,0
1022,1,26,2016,17,14,38,18,20,0,0
1023,1,26,2016,17,14,39,18,20,0,0
1024,1,26,2016,17,14,40,18,20,0,0
1025,1,26,2016,17,14,41,18,20,0,0
1026,1,26,2016,17,14,42,18,20,0,0
1027,1,26,2016,17,14,43,18,20,0,0
1028,1,26,2016,17,14,44,18,20,0,0
1029,1,26,2016,17,14,45,18,20,0,0
1030,1,26,2016,17,14,46,18,20,0,0
1031,1,26,2016,17,14,47,18,20,0,0
1032,1,26,2016,17,14,48,18,20,0,0
1033,1,26,2016,17,14,49,18,20,0,0
1034,1,26,2016,17,14,50,18,20,0,0
1035,1,26,2016,17,14,51,18,20,0,0
1036,1,26,2016,17,14,52,18,20,0,0
1037,1,26,2016,17,14,53,18,20,0,0
1038,1,26,2016,17,14,54,18,20,0,0
1039,1,26,2016,17,14,55,18,20,0,0
1040,1,26,2016,17,14,56,18,20,0,0
1041,1,26,2016,17,14,57,18,20,0,0
1042,1,26,2016,17,14,58,18,20,0,0
1043,1,26,2016,17,14,59,18,20,0,0
1044,1,26,2016,17,15,0,17,20,0,0
1045,1,26,2016,17,15,1,17,20,0,0
1046,1,26,2016,17,15,2,17,20,0,0
1047,1,26,2016,17,15,3,17,20,0,0
1048,1,26,2016,17,15,4,17,20,0,0
1049,1,26,2016,17,15,5,17,20,0,0
1050,1,26,2016,17,15,6,17,20,0,0
1051,1,26,2016,17,15,7,17,20,0,0
1052,1,26,2016,17,15,8,17,20,0,0
1053,1,26,2016,17,15,9,17,20,0,0
1054,1,26,2016,17,15,10,17,20,0,0
1055,1,26,2016,17,15,11,17,20,0,0
1056,1,26,2016,17,15,12,17,20,0,0
1057,1,26,2016,17,15,13,17,20,0,0
1058,1,26,2016,17,15,14,17,20,0,0
1059,1,26,2016,17,15,15,17,20,0,0
1060,1,26,2016,17,15,16,17,20,0,0
1061,1,26,2016,17,15,17,17,20,0,0
1062,1,26,2016,17,15,18,17,20,0,0
1063,1,26,2016,17,15,19,17,20,0,0
1064,1,26,2016,17,15,20,17,20,0,0
1065,1,26,2016,17,15,21,17,20,0,0
1066,1,26,2016,17,15,22,17,20,0,0
1067,1,26,2016,17,15,23,16,20,0,0
1068,1,26,2016,17,15,24,16,20,0,0
1069,1,26,2016,17,15,25,16,20,0,0
1070,1,26,2016,17,15,26,16,20,0,0
1071,1,26,2016,17,15,27,16,20,0,0
1072,1,26,2016,17,15,28,16,20,0,0
1073,1,26,2016,17,15,29,16,20,0,0
1074,1,26,2016,17,15,30,16,20,0,0
1075,1,26,2016,17,15,31,16,20,0,0
1076,1,26,2016,17,15,32,16,20,0,0
1077,1,26,2016,17,15,33,16,20,0,0
1078,1,26,2016,17,15,34,16,20,0,0
1079,1,26,2016,17,15,35,16,20,0,0
1080,1,26,2016,17,15,36,16,20,0,0
1081,1,26,2016,17,15,37,16,20,0,0
1082,1,26,2016,17,15,38,16,20,0,0
1083,1,26,2016,17,15,39,16,20,0,0
1084,1,26,2016,17,15,41,16,20,0,0
1085,1,26,2016,17,15,42,16,20,0,0
1086,1,26,2016,17,15,43,16,20,0,0
1087,1,26,2016,17,15,44,16,20,0,0
1088,1,26,2016,17,15,45,16,20,0,0
1089,1,26,2016,17,15,46,16,20,0,0
1090,1,26,2016,17,15,47,16,20,0,0
1091,1,26,2016,17,15,48,16,20,0,0
1092,1,26,2016,17,15,49,16,20,0,0
1093,1,26,2016,17,15,50,16,20,0,0
1094,1,26,2016,17,15,51,16,20,0,0
1095,1,26,2016,17,15,52,16,20,0,0
1096,1,26,2016,17,15,53,16,20,0,0
1097,1,26,2016,17,15,54,16,20,0,0
1098,1,26,2016,17,15,55,16,20,0,0
1099,1,26,2016,17,15,56,16,20,0,0
1100,1,26,2016,17,15,57,16,20,0,0
1101,1,26,2016,17,15,58,16,20,0,0
1102,1,26,2016,17,15,59,16,20,0,0
1103,1,26,2016,17,16,0,16,20,0,0
1104,1,26,2016,17,16,1,16,20,0,0
1105,1,26,2016,17,16,2,15,20,0,0
1106,1,26,2016,17,16,3,15,20,0,0
1107,1,26,2016,17,16,4,15,20,0,0
1108,1,26,2016,17,16,5,15,20,0,0
1109,1,26,2016,17,16,6,15,20,0,0
1110,1,26,2016,17,16,7,15,20,0,0
1111,1,26,2016,17,16,8,15,20,0,0
1112,1,26,2016,17,16,9,15,20,0,0
1113,1,26,2016,17,16,10,15,20,0,0
1114,1,26,2016,17,16,11,15,20,0,0
1115,1,26,2016,17,16,12,15,20,0,0
1116,1,26,2016,17,16,13,15,20,0,0
1117,1,26,2016,17,16,14,15,20,0,0
1118,1,26,2016,17,16,15,15,20,0,0
1119,1,26,2016,17,16,16,15,20,0,0
1120,1,26,2016,17,16,17,15,20,0,0
1121,1,26,2016,17,16,18,15,20,0,0
1122,1,26,2016,17,16,19,15,20,0,0
1123,1,26,2016,17,16,20,15,20,0,0
1124,1,26,2016,17,16,21,14,20,0,0
1125,1,26,2016,17,16,22,14,20,0,0
1126,1,26,2016,17,16,23,14,20,0,0
1127,1,26,2016,17,16,24,14,20,0,0
1128,1,26,2016,17,16,25,14,20,0,0
1129,1,26,2016,17,16,26,14,20,0,0
1130,1,26,2016,17,16,27,14,20,0,0
1131,1,26,2016,17,16,28,14,20,0,0
1132,1,26,2016,17,16,29,14,20,0,0
1133,1,26,2016,17,16,30,14,20,0,0
1134,1,26,2016,17,16,31,14,20,0,0
1135,1,26,2016,17,16,32,14,20,0,0
1136,1,26,2016,17,16,33,14,20,0,0
1137,1,26,2016,17,16,34,14,20,0,0
1138,1,26,2016,17,16,35,14,20,0,0
1139,1,26,2016,17,16,36,14,20,0,0
1140,1,26,2016,17,16,37,14,20,0,0
1141,1,26,2016,17,16,38,14,20,0,0
1142,1,26,2016,17,16,39,14,20,0,0
1143,1,26,2016,17,16,40,14,20,0,0
1144,1,26,2016,17,16,41,14,20,0,0
1145,1,26,2016,17,16,42,14,20,0,0
1146,1,26,2016,17,16,43,14,20,0,0
1147,1,26,2016,17,16,44,14,20,0,0
1148,1,26,2016,17,16,45,14,20,0,0
1149,1,26,2016,17,16,46,14,20,0,0
1150,1,26,2016,17,16,47,14,20,0,0
1151,1,26,2016,17,16,48,14,20,0,0
1152,1,26,2016,17,16,49,14,20,0,0
1153,1,26,2016,17,16,50,14,20,0,0
1154,1,26,2016,17,16,51,14,20,0,0
1155,1,26,2016,17,16,53,14,20,0,0
1156,1,26,2016,17,16,54,14,20,0,0
1157,1,26,2016,17,16,55,14,20,0,0
1158,1,26,2016,17,16,56,14,20,0,0
1159,1,26,2016,17,16,57,14,20,0,0
1160,1,26,2016,17,16,58,14,20,0,0
1161,1,26,2016,17,16,59,14,20,0,0
1162,1,26,2016,17,17,0,14,20,0,0
1163,1,26,2016,17,17,1,14,20,0,0
1164,1,26,2016,17,17,2,14,20,0,0
1165,1,26,2016,17,17,3,14,20,0,0
1166,1,26,2016,17,17,4,14,20,0,0
1167,1,26,2016,17,17,5,14,20,0,0
1168,1,26,2016,17,17,6,14,20,0,0
1169,1,26,2016,17,17,7,14,20,0,0
1170,1,26,2016,17,17,8,14,20,0,0
1171,1,26,2016,17,17,9,14,20,0,0
1172,1,26,2016,17,17,10,14,20,0,0
1173,1,26,2016,17,17,11,14,20,0,0
1174,1,26,2016,17,17,12,14,20,0,0
1175,1,26,2016,17,17,13,14,20,0,0
1176,1,26,2016,17,17,14,14,20,0,0
1177,1,26,2016,17,17,15,14,20,0,0
1178,1,26,2016,17,17,16,14,20,0,0
1179,1,26,2016,17,17,17,14,20,0,0
1180,1,26,2016,17,17,18,14,20,0,0
1181,1,26,2016,17,17,19,14,20,0,0
1182,1,26,2016,17,17,20,14,20,0,0
1183,1,26,2016,17,17,21,14,20,0,0
1184,1,26,2016,17,17,22,14,20,0,0
1185,1,26,2016,17,17,23,14,20,0,0
1186,1,26,2016,17,17,24,14,20,0,0
1187,1,26,2016,17,17,25,14,20,0,0
1188,1,26,2016,17,17,26,14,20,0,0
1189,1,26,2016,17,17,27,14,20,0,0
1190,1,26,2016,17,17,28,14,20,0,0
1191,1,26,2016,17,17,29,14,20,0,0
1192,1,26,2016,17,17,30,14,20,0,0
1193,1,26,2016,17,17,31,14,20,0,0
1194,1,26,2016,17,17,32,14,20,0,0
1195,1,26,2016,17,17,33,14,20,0,0
1196,1,26,2016,17,17,34,14,20,0,0
1197,1,26,2016,17,17,35,14,20,0,0
1198,1,26,2016,17,17,36,14,20,0,0
1199,1,26,2016,17,17,37,14,20,0,0
1200,1,26,2016,17,17,38,14,20,0,0
1201,1,26,2016,17,17,39,14,20,0,0
1202,1,26,2016,17,17,40,14,20,0,0
1203,1,26,2016,17,17,41,14,20,0,0
1204,1,26,2016,17,17,42,14,20,0,0
1205,1,26,2016,17,17,43,14,20,0,0
1206,1,26,2016,17,17,44,14,20,0,0
1207,1,26,2016,17,17,45,14,20,0,0
1208,1,26,2016,17,17,46,14,20,0,0
1209,1,26,2016,17,17,47,14,20,0,0
1210,1,26,2016,17,17,48,13,20,0,0
1211,1,26,2016,17,17,49,13,20,0,0
1212,1,26,2016,17,17,50,13,20,0,0
1213,1,26,2016,17,17,51,13,20,0,0
1214,1,26,2016,17,17,52,13,20,0,0
1215,1,26,2016,17,17,53,13,20,0,0
1216,1,26,2016,17,17,54,13,20,0,0
1217,1,26,2016,17,17,55,13,20,0,0
1218,1,26,2016,17,17,56,13,20,0,0
1219,1,26,2016,17,17,57,13,20,0,0
1220,1,26,2016,17,17,58,13,20,0,0
1221,1,26,2016,17,17,59,13,20,0,0
1222,1,26,2016,17,18,0,13,20,0,0
1223,1,26,2016,17,18,1,13,20,0,0
1224,1,26,2016,17,18,2,13,20,0,0
1225,1,26,2016,17,18,3,13,20,0,0
1226,1,26,2016,17,18,5,13,20,0,0
1227,1,26,2016,17,18,6,13,20,0,0
1228,1,26,2016,17,18,7,13,20,0,0
1229,1,26,2016,17,18,8,13,20,0,0
1230,1,26,2016,17,18,9,13,20,0,0
1231,1,26,2016,17,18,10,13,20,0,0
1232,1,26,2016,17,18,11,13,20,0,0
1233,1,26,2016,17,18,12,13,20,0,0
1234,1,26,2016,17,18,13,13,20,0,0
1235,1,26,2016,17,18,14,13,20,0,0
1236,1,26,2016,17,18,15,13,20,0,0
1237,1,26,2016,17,18,16,13,20,0,0
1238,1,26,2016,17,18,17,13,20,0,0
1239,1,26,2016,17,18,18,13,20,0,0
1240,1,26,2016,17,18,19,13,20,0,0
1241,1,26,2016,17,18,20,13,20,0,0
1242,1,26,2016,17,18,21,13,20,0,0
1243,1,26,2016,17,18,22,13,20,0,0
1244,1,26,2016,17,18,23,13,20,0,0
1245,1,26,2016,17,18,24,13,20,0,0
1246,1,26,2016,17,18,25,13,20,0,0
1247,1,26,2016,17,18,26,13,20,0,0
1248,1,26,2016,17,18,27,13,20,0,0
1249,1,26,2016,17,18,28,13,20,0,0
1250,1,26,2016,17,18,29,13,20,0,0
1251,1,26,2016,17,18,30,13,20,0,0
1252,1,26,2016,17,18,31,13,20,0,0
1253,1,26,2016,17,18,32,13,20,0,0
1254,1,26,2016,17,18,33,13,20,0,0
1255,1,26,2016,17,18,34,13,20,0,0
1256,1,26,2016,17,18,35,13,20,0,0
1257,1,26,2016,17,18,36,13,20,0,0
1258,1,26,2016,17,18,37,13,20,0,0
1259,1,26,2016,17,18,38,13,20,0,0
1260,1,26,2016,17,18,39,13,20,0,0
1261,1,26,2016,17,18,40,13,20,0,0
1262,1,26,2016,17,18,41,13,20,0,0
1263,1,26,2016,17,18,42,13,20,0,0
1264,1,26,2016,17,18,43,13,20,0,0
1265,1,26,2016,17,18,44,13,20,0,0
1266,1,26,2016,17,18,45,13,20,0,0
1267,1,26,2016,17,18,46,13,20,0,0
1268,1,26,2016,17,18,47,13,20,0,0
1269,1,26,2016,17,18,48,13,20,0,0
1270,1,26,2016,17,18,49,13,20,0,0
1271,1,26,2016,17,18,50,13,20,0,0
1272,1,26,2016,17,18,51,13,20,0,0
1273,1,26,2016,17,18,52,13,20,0,0
1274,1,26,2016,17,18,53,13,20,0,0
1275,1,26,2016,17,18,54,13,20,0,0
1276,1,26,2016,17,18,55,13,20,0,0
1277,1,26,2016,17,18,56,13,20,0,0
1278,1,26,2016,17,18,57,13,20,0,0
1279,1,26,2016,17,18,58,13,20,0,0
1280,1,26,2016,17,18,59,13,20,0,0
1281,1,26,2016,17,19,0,13,20,0,0
1282,1,26,2016,17,19,1,13,20,0,0
1283,1,26,2016,17,19,2,13,20,0,0
1284,1,26,2016,17,19,3,13,20,0,0
1285,1,26,2016,17,19,4,13,20,0,0
1286,1,26,2016,17,19,5,13,20,0,0
1287,1,26,2016,17,19,6,13,20,0,0
1288,1,26,2016,17,19,7,13,20,0,0
1289,1,26,2016,17,19,8,13,20,0,0
1290,1,26,2016,17,19,9,13,20,0,0
1291,1,26,2016,17,19,10,13,20,0,0
1292,1,26,2016,17,19,11,13,20,0,0
1293,1,26,2016,17,19,12,13,20,0,0
1294,1,26,2016,17,19,13,13,20,0,0
1295,1,26,2016,17,19,14,13,20,0,0
1296,1,26,2016,17,19,15,12,20,0,0
1297,1,26,2016,17,19,16,12,20,0,0
1298,1,26,2016,17,19,18,12,20,0,0
1299,1,26,2016,17,19,19,12,20,0,0
1300,1,26,2016,17,19,20,12,20,0,0
1301,1,26,2016,17,19,21,12,20,0,0
1302,1,26,2016,17,19,22,12,20,0,0
1303,1,26,2016,17,19,23,12,20,0,0
1304,1,26,2016,17,19,24,12,20,0,0
1305,1,26,2016,17,19,25,12,20,0,0
1306,1,26,2016,17,19,26,12,20,0,0
1307,1,26,2016,17,19,27,12,20,0,0
1308,1,26,2016,17,19,28,12,20,0,0
1309,1,26,2016,17,19,29,12,20,0,0
1310,1,26,2016,17,19,30,12,20,0,0
1311,1,26,2016,17,19,31,12,20,0,0
1312,1,26,2016,17,19,32,12,20,0,0
1313,1,26,2016,17,19,33,12,20,0,0
1314,1,26,2016,17,19,34,12,20,0,0
1315,1,26,2016,17,19,35,12,20,0,0
1316,1,26,2016,17,19,36,12,20,0,0
1317,1,26,2016,17,19,37,12,20,0,0
1318,1,26,2016,17,19,38,12,20,0,0
1319,1,26,2016,17,19,39,12,20,0,0
1320,1,26,2016,17,19,40,12,20,0,0
1321,1,26,2016,17,19,41,12,20,0,0
1322,1,26,2016,17,19,42,12,20,0,0
1323,1,26,2016,17,19,43,11,20,0,0
1324,1,26,2016,17,19,44,11,20,0,0
1325,1,26,2016,17,19,45,11,20,0,0
1326,1,26,2016,17,19,46,11,20,0,0
1327,1,26,2016,17,19,47,11,20,0,0
1328,1,26,2016,17,19,48,11,20,0,0
1329,1,26,2016,17,19,49,11,20,0,0
1330,1,26,2016,17,19,50,11,20,0,0
1331,1,26,2016,17,19,51,11,20,0,0
1332,1,26,2016,17,19,52,11,20,0,0
1333,1,26,2016,17,19,53,11,20,0,0
1334,1,26,2016,17,19,54,11,20,0,0
1335,1,26,2016,17,19,55,11,20,0,0
1336,1,26,2016,17,19,56,11,20,0,0
1337,1,26,2016,17,19,57,11,20,0,0
1338,1,26,2016,17,19,58,11,20,0,0
1339,1,26,2016,17,19,59,11,20,0,0
1340,1,26,2016,17,20,0,11,20,0,0
1341,1,26,2016,17,20,1,11,20,0,0
1342,1,26,2016,17,20,2,11,20,0,0
1343,1,26,2016,17,20,3,11,20,0,0
1344,1,26,2016,17,20,4,11,20,0,0
1345,1,26,2016,17,20,5,11,20,0,0
1346,1,26,2016,17,20,6,11,20,0,0
1347,1,26,2016,17,20,7,11,20,0,0
1348,1,26,2016,17,20,8,11,20,0,0
1349,1,26,2016,17,20,9,11,20,0,0
1350,1,26,2016,17,20,10,11,20,0,0
1351,1,26,2016,17,20,11,11,20,0,0
1352,1,26,2016,17,20,12,11,20,0,0
1353,1,26,2016,17,20,13,11,20,0,0
1354,1,26,2016,17,20,14,11,20,0,0
1355,1,26,2016,17,20,15,11,20,0,0
1356,1,26,2016,17,20,16,11,20,0,0
1357,1,26,2016,17,20,17,11,20,0,0
1358,1,26,2016,17,20,18,11,20,0,0
1359,1,26,2016,17,20,19,11,20,0,0
1360,1,26,2016,17,20,20,11,20,0,0
1361,1,26,2016,17,20,21,11,20,0,0
1362,1,26,2016,17,20,22,11,20,0,0
1363,1,26,2016,17,20,23,11,20,0,0
1364,1,26,2016,17,20,24,11,20,0,0
1365,1,26,2016,17,20,25,11,20,0,0
1366,1,26,2016,17,20,26,11,20,0,0
1367,1,26,2016,17,20,27,11,20,0,0
1368,1,26,2016,17,20,28,11,20,0,0
1369,1,26,2016,17,20,30,11,20,0,0
1370,1,26,2016,17,20,31,11,20,0,0
1371,1,26,2016,17,20,32,11,20,0,0
1372,1,26,2016,17,20,33,11,20,0,0
1373,1,26,2016,17,20,34,11,20,0,0
1374,1,26,2016,17,20,35,11,20,0,0
1375,1,26,2016,17,20,36,11,20,0,0
1376,1,26,2016,17,20,37,11,20,0,0
1377,1,26,2016,17,20,38,11,20,0,0
1378,1,26,2016,17,20,39,11,20,0,0
1379,1,26,2016,17,20,40,11,20,0,0
1380,1,26,2016,17,20,41,11,20,0,0
1381,1,26,2016,17,20,42,11,20,0,0
1382,1,26,2016,17,20,43,11,20,0,0
1383,1,26,2016,17,20,44,11,20,0,0
1384,1,26,2016,17,20,45,11,20,0,0
1385,1,26,2016,17,20,46,11,20,0,0
1386,1,26,2016,17,20,47,11,20,0,0
1387,1,26,2016,17,20,48,11,20,0,0
1388,1,26,2016,17,20,49,11,20,0,0
1389,1,26,2016,17,20,50,11,20,0,0
1390,1,26,2016,17,20,51,11,20,0,0
1391,1,26,2016,17,20,52,11,20,0,0
1392,1,26,2016,17,20,53,11,20,0,0
1393,1,26,2016,17,20,54,11,20,0,0
1394,1,26,2016,17,20,55,11,20,0,0
1395,1,26,2016,17,20,56,11,20,0,0
1396,1,26,2016,17,20,57,11,20,0,0
1397,1,26,2016,17,20,58,11,20,0,0
1398,1,26,2016,17,20,59,11,20,0,0
1399,1,26,2016,17,21,0,11,20,0,0
1400,1,26,2016,17,21,1,11,20,0,0
1401,1,26,2016,17,21,2,11,20,0,0
1402,1,26,2016,17,21,3,11,20,0,0
1403,1,26,2016,17,21,4,11,20,0,0
1404,1,26,2016,17,21,5,11,20,0,0
1405,1,26,2016,17,21,6,11,20,0,0
1406,1,26,2016,17,21,7,11,20,0,0
1407,1,26,2016,17,21,8,11,20,0,0
1408,1,26,2016,17,21,9,11,20,0,0
1409,1,26,2016,17,21,10,11,20,0,0
1410,1,26,2016,17,21,11,11,20,0,0
1411,1,26,2016,17,21,12,11,20,0,0
1412,1,26,2016,17,21,13,11,20,0,0
1413,1,26,2016,17,21,14,11,20,0,0
1414,1,26,2016,17,21,15,11,20,0,0
1415,1,26,2016,17,21,16,11,20,0,0
1416,1,26,2016,17,21,17,11,20,0,0
1417,1,26,2016,17,21,18,11,20,0,0
1418,1,26,2016,17,21,19,11,20,0,0
1419,1,26,2016,17,21,20,11,20,0,0
1420,1,26,2016,17,21,21,11,20,0,0
1421,1,26,2016,17,21,22,11,20,0,0
1422,1,26,2016,17,21,23,11,20,0,0
1423,1,26,2016,17,21,24,11,20,0,0
1424,1,26,2016,17,21,25,11,20,0,0
1425,1,26,2016,17,21,26,11,20,0,0
1426,1,26,2016,17,21,27,11,20,0,0
1427,1,26,2016,17,21,28,11,20,0,0
1428,1,26,2016,17,21,29,11,20,0,0
1429,1,26,2016,17,21,30,11,20,0,0
1430,1,26,2016,17,21,31,11,20,0,0
1431,1,26,2016,17,21,32,11,20,0,0
1432,1,26,2016,17,21,33,11,20,0,0
1433,1,26,2016,17,21,34,11,20,0,0
1434,1,26,2016,17,21,35,11,20,0,0
1435,1,26,2016,17,21,36,11,20,0,0
1436,1,26,2016,17,21,37,11,20,0,0
1437,1,26,2016,17,21,38,11,20,0,0
1438,1,26,2016,17,21,39,11,20,0,0
1439,1,26,2016,17,21,40,11,20,0,0
1440,1,26,2016,17,21,41,11,20,0,0
1441,1,26,2016,17,21,43,11,20,0,0
1442,1,26,2016,17,21,44,11,20,0,0
1443,1,26,2016,17,21,45,11,20,0,0
1444,1,26,2016,17,21,46,11,20,0,0
1445,1,26,2016,17,21,47,11,20,0,0
1446,1,26,2016,17,21,48,11,20,0,0
1447,1,26,2016,17,21,49,11,20,0,0
1448,1,26,2016,17,21,50,11,20,0,0
1449,1,26,2016,17,21,51,11,20,0,0
1450,1,26,2016,17,21,52,11,20,0,0
1451,1,26,2016,17,21,53,11,20,0,0
1452,1,26,2016,17,21,54,11,20,0,0
1453,1,26,2016,17,21,55,11,20,0,0
1454,1,26,2016,17,21,56,11,20,0,0
1455,1,26,2016,17,21,57,11,20,0,0
1456,1,26,2016,17,21,58,11,20,0,0
1457,1,26,2016,17,21,59,11,20,0,0
1458,1,26,2016,17,22,0,11,20,0,0
1459,1,26,2016,17,22,1,11,20,0,0
1460,1,26,2016,17,22,2,11,20,0,0
1461,1,26,2016,17,22,3,11,20,0,0
1462,1,26,2016,17,22,4,11,20,0,0
1463,1,26,2016,17,22,5,11,20,0,0
1464,1,26,2016,17,22,6,11,20,0,0
1465,1,26,2016,17,22,7,11,20,0,0
1466,1,26,2016,17,22,8,11,20,0,0
1467,1,26,2016,17,22,9,11,20,0,0
1468,1,26,2016,17,22,10,11,20,0,0
1469,1,26,2016,17,22,11,11,20,0,0
1470,1,26,2016,17,22,12,11,20,0,0
1471,1,26,2016,17,22,13,11,20,0,0
1472,1,26,2016,17,22,14,11,20,0,0
1473,1,26,2016,17,22,15,11,20,0,0
1474,1,26,2016,17,22,16,11,20,0,0
1475,1,26,2016,17,22,17,11,20,0,0
1476,1,26,2016,17,22,18,11,20,0,0
1477,1,26,2016,17,22,19,11,20,0,0
1478,1,26,2016,17,22,20,11,20,0,0
1479,1,26,2016,17,22,21,11,20,0,0
1480,1,26,2016,17,22,22,11,20,0,0
1481,1,26,2016,17,22,23,11,20,0,0
1482,1,26,2016,17,22,24,11,20,0,0
1483,1,26,2016,17,22,25,11,20,0,0
1484,1,26,2016,17,22,26,11,20,0,0
1485,1,26,2016,17,22,27,11,20,0,0
1486,1,26,2016,17,22,28,11,20,0,0
1487,1,26,2016,17,22,29,11,20,0,0
1488,1,26,2016,17,22,30,11,20,0,0
1489,1,26,2016,17,22,31,11,20,0,0
1490,1,26,2016,17,22,32,11,20,0,0
1491,1,26,2016,17,22,33,11,20,0,0
1492,1,26,2016,17,22,34,11,20,0,0
1493,1,26,2016,17,22,35,11,20,0,0
1494,1,26,2016,17,22,36,11,20,0,0
1495,1,26,2016,17,22,37,10,20,0,0
1496,1,26,2016,17,22,38,10,20,0,0
1497,1,26,2016,17,22,39,10,20,0,0
1498,1,26,2016,17,22,40,10,20,0,0
1499,1,26,2016,17,22,41,10,20,0,0
1500,1,26,2016,17,22,42,10,20,0,0
1501,1,26,2016,17,22,43,10,20,0,0
1502,1,26,2016,17,22,44,10,20,0,0
1503,1,26,2016,17,22,45,10,20,0,0
1504,1,26,2016,17,22,46,10,20,0,0
1505,1,26,2016,17,22,47,10,20,0,0
1506,1,26,2016,17,22,48,10,20,0,0
1507,1,26,2016,17,22,49,10,20,0,0
1508,1,26,2016,17,22,50,10,20,0,0
1509,1,26,2016,17,22,51,10,20,0,0
1510,1,26,2016,17,22,52,10,20,0,0
1511,1,26,2016,17,22,53,10,20,0,0
1512,1,26,2016,17,22,55,10,20,0,0
1513,1,26,2016,17,22,56,10,20,0,0
1514,1,26,2016,17,22,57,10,20,0,0
1515,1,26,2016,17,22,58,10,20,0,0
1516,1,26,2016,17,22,59,10,20,0,0
1517,1,26,2016,17,23,0,10,20,0,0
1518,1,26,2016,17,23,1,10,20,0,0
1519,1,26,2016,17,23,2,10,20,0,0
1520,1,26,2016,17,23,3,10,20,0,0
1521,1,26,2016,17,23,4,10,20,0,0
1522,1,26,2016,17,23,5,10,20,0,0
1523,1,26,2016,17,23,6,10,20,0,0
1524,1,26,2016,17,23,7,10,20,0,0
1525,1,26,2016,17,23,8,10,20,0,0
1526,1,26,2016,17,23,9,10,20,0,0
1527,1,26,2016,17,23,10,10,20,0,0
1528,1,26,2016,17,23,11,10,20,0,0
1529,1,26,2016,17,23,12,10,20,0,0
1530,1,26,2016,17,23,13,10,20,0,0
1531,1,26,2016,17,23,14,10,20,0,0
1532,1,26,2016,17,23,15,10,20,0,0
1533,1,26,2016,17,23,16,10,20,0,0
1534,1,26,2016,17,23,17,10,20,0,0
1535,1,26,2016,17,23,18,10,20,0,0
1536,1,26,2016,17,23,19,10,20,0,0
1537,1,26,2016,17,23,20,10,20,0,0
1538,1,26,2016,17,23,21,10,20,0,0
1539,1,26,2016,17,23,22,10,20,0,0
1540,1,26,2016,17,23,23,10,20,0,0
1541,1,26,2016,17,23,24,10,20,0,0
1542,1,26,2016,17,23,25,10,20,0,0
1543,1,26,2016,17,23,26,10,20,0,0
1544,1,26,2016,17,23,27,10,20,0,0
1545,1,26,2016,17,23,28,10,20,0,0
1546,1,26,2016,17,23,29,10,20,0,0
1547,1,26,2016,17,23,30,10,20,0,0
1548,1,26,2016,17,23,31,10,20,0,0
1549,1,26,2016,17,23,32,10,20,0,0
1550,1,26,2016,17,23,33,10,20,0,0
1551,1,26,2016,17,23,34,10,20,0,0
1552,1,26,2016,17,23,35,10,20,0,0
1553,1,26,2016,17,23,36,10,20,0,0
1554,1,26,2016,17,23,37,10,20,0,0
1555,1,26,2016,17,23,38,10,20,0,0
1556,1,26,2016,17,23,39,10,20,0,0
1557,1,26,2016,17,23,40,10,20,0,0
1558,1,26,2016,17,23,41,10,20,0,0
1559,1,26,2016,17,23,42,10,20,0,0
1560,1,26,2016,17,23,43,10,20,0,0
1561,1,26,2016,17,23,44,10,20,0,0
1562,1,26,2016,17,23,45,10,20,0,0
1563,1,26,2016,17,23,46,10,20,0,0
1564,1,26,2016,17,23,47,10,20,0,0
1565,1,26,2016,17,23,48,10,20,0,0
1566,1,26,2016,17,23,49,10,20,0,0
1567,1,26,2016,17,23,50,10,20,0,0
1568,1,26,2016,17,23,51,10,20,0,0
1569,1,26,2016,17,23,52,10,20,0,0
1570,1,26,2016,17,23,53,10,20,0,0
1571,1,26,2016,17,23,54,10,20,0,0
1572,1,26,2016,17,23,55,10,20,0,0
1573,1,26,2016,17,23,56,10,20,0,0
1574,1,26,2016,17,23,57,10,20,0,0
1575,1,26,2016,17,23,58,10,20,0,0
1576,1,26,2016,17,23,59,10,20,0,0
1577,1,26,2016,17,24,0,10,20,0,0
1578,1,26,2016,17,24,1,10,20,0,0
1579,1,26,2016,17,24,2,10,20,0,0
1580,1,26,2016,17,24,3,10,20,0,0
1581,1,26,2016,17,24,4,10,20,0,0
1582,1,26,2016,17,24,5,10,20,0,0
1583,1,26,2016,17,24,7,10,20,0,0
1584,1,26,2016,17,24,8,10,20,0,0
1585,1,26,2016,17,24,9,10,20,0,0
1586,1,26,2016,17,24,10,10,20,0,0
1587,1,26,2016,17,24,11,10,20,0,0
1588,1,26,2016,17,24,12,10,20,0,0
1589,1,26,2016,17,24,13,10,20,0,0
1590,1,26,2016,17,24,14,10,20,0,0
1591,1,26,2016,17,24,15,10,20,0,0
1592,1,26,2016,17,24,16,10,20,0,0
1593,1,26,2016,17,24,17,10,20,0,0
1594,1,26,2016,17,24,18,10,20,0,0
1595,1,26,2016,17,24,19,10,20,0,0
1596,1,26,2016,17,24,20,10,20,0,0
1597,1,26,2016,17,24,21,10,20,0,0
1598,1,26,2016,17,24,22,10,20,0,0
1599,1,26,2016,17,24,23,10,20,0,0
1600,1,26,2016,17,24,24,10,20,0,0
1601,1,26,2016,17,24,25,10,20,0,0
1602,1,26,2016,17,24,26,10,20,0,0
1603,1,26,2016,17,24,27,10,20,0,0
1604,1,26,2016,17,24,28,10,20,0,0
1605,1,26,2016,17,24,29,10,20,0,0
1606,1,26,2016,17,24,30,10,20,0,0
1607,1,26,2016,17,24,31,11,20,0,0
1608,1,26,2016,17,24,32,11,20,0,0
1609,1,26,2016,17,24,33,11,20,0,0
1610,1,26,2016,17,24,34,11,20,0,0
1611,1,26,2016,17,24,35,11,20,0,0
1612,1,26,2016,17,24,36,11,20,0,0
1613,1,26,2016,17,24,37,11,20,0,0
1614,1,26,2016,17,24,38,11,20,0,0
1615,1,26,2016,17,24,39,11,20,0,0
1616,1,26,2016,17,24,40,11,20,0,0
1617,1,26,2016,17,24,41,11,20,0,0
1618,1,26,2016,17,24,42,11,20,0,0
1619,1,26,2016,17,24,43,11,20,0,0
1620,1,26,2016,17,24,44,11,20,0,0
1621,1,26,2016,17,24,45,11,20,0,0
1622,1,26,2016,17,24,46,11,20,0,0
1623,1,26,2016,17,24,47,11,20,0,0
1624,1,26,2016,17,24,48,11,20,0,0
1625,1,26,2016,17,24,49,11,20,0,0
1626,1,26,2016,17,24,50,11,20,0,0
1627,1,26,2016,17,24,51,11,20,0,0
1628,1,26,2016,17,24,52,11,20,0,0
1629,1,26,2016,17,24,53,11,20,0,0
1630,1,26,2016,17,24,54,11,20,0,0
1631,1,26,2016,17,24,55,11,20,0,0
1632,1,26,2016,17,24,56,11,20,0,0
1633,1,26,2016,17,24,57,11,20,0,0
1634,1,26,2016,17,24,58,11,20,0,0
1635,1,26,2016,17,24,59,11,20,0,0
1636,1,26,2016,17,25,0,11,20,0,0
1637,1,26,2016,17,25,1,11,20,0,0
1638,1,26,2016,17,25,2,11,20,0,0
1639,1,26,2016,17,25,3,11,20,0,0
1640,1,26,2016,17,25,4,11,20,0,0
1641,1,26,2016,17,25,5,11,20,0,0
1642,1,26,2016,17,25,6,11,20,0,0
1643,1,26,2016,17,25,7,11,20,0,0
1644,1,26,2016,17,25,8,11,20,0,0
1645,1,26,2016,17,25,9,11,20,0,0
1646,1,26,2016,17,25,10,11,20,0,0
1647,1,26,2016,17,25,11,11,20,0,0
1648,1,26,2016,17,25,12,11,20,0,0
1649,1,26,2016,17,25,13,11,20,0,0
1650,1,26,2016,17,25,14,11,20,0,0
1651,1,26,2016,17,25,15,11,20,0,0
1652,1,26,2016,17,25,16,10,20,0,0
1653,1,26,2016,17,25,17,10,20,0,0
1654,1,26,2016,17,25,18,10,20,0,0
1655,1,26,2016,17,25,20,10,20,0,0
1656,1,26,2016,17,25,21,10,20,0,0
1657,1,26,2016,17,25,22,10,20,0,0
1658,1,26,2016,17,25,23,10,20,0,0
1659,1,26,2016,17,25,24,10,20,0,0
1660,1,26,2016,17,25,25,10,20,0,0
1661,1,26,2016,17,25,26,10,20,0,0
1662,1,26,2016,17,25,27,10,20,0,0
1663,1,26,2016,17,25,28,10,20,0,0
1664,1,26,2016,17,25,29,10,20,0,0
1665,1,26,2016,17,25,30,10,20,0,0
1666,1,26,2016,17,25,31,10,20,0,0
1667,1,26,2016,17,25,32,10,20,0,0
1668,1,26,2016,17,25,33,10,20,0,0
1669,1,26,2016,17,25,34,10,20,0,0
1670,1,26,2016,17,25,35,10,20,0,0
1671,1,26,2016,17,25,36,10,20,0,0
1672,1,26,2016,17,25,37,10,20,0,0
1673,1,26,2016,17,25,38,10,20,0,0
1674,1,26,2016,17,25,39,10,20,0,0
1675,1,26,2016,17,25,40,10,20,0,0
1676,1,26,2016,17,25,41,10,20,0,0
1677,1,26,2016,17,25,42,10,20,0,0
1678,1,26,2016,17,25,43,10,20,0,0
1679,1,26,2016,17,25,44,10,20,0,0
1680,1,26,2016,17,25,45,10,20,0,0
1681,1,26,2016,17,25,46,10,20,0,0
1682,1,26,2016,17,25,47,10,20,0,0
1683,1,26,2016,17,25,48,10,20,0,0
1684,1,26,2016,17,25,49,10,20,0,0
1685,1,26,2016,17,25,50,10,20,0,0
1686,1,26,2016,17,25,51,10,20,0,0
1687,1,26,2016,17,25,52,10,20,0,0
1688,1,26,2016,17,25,53,10,20,0,0
1689,1,26,2016,17,25,54,10,20,0,0
1690,1,26,2016,17,25,55,10,20,0,0
1691,1,26,2016,17,25,56,10,20,0,0
1692,1,26,2016,17,25,57,10,20,0,0
1693,1,26,2016,17,25,58,10,20,0,0
1694,1,26,2016,17,25,59,10,20,0,0
1695,1,26,2016,17,26,0,10,20,0,0
1696,1,26,2016,17,26,1,10,20,0,0
1697,1,26,2016,17,26,2,10,20,0,0
1698,1,26,2016,17,26,3,10,20,0,0
1699,1,26,2016,17,26,4,10,20,0,0
1700,1,26,2016,17,26,5,10,20,0,0
1701,1,26,2016,17,26,6,10,20,0,0
1702,1,26,2016,17,26,7,10,20,0,0
1703,1,26,2016,17,26,8,10,20,0,0
1704,1,26,2016,17,26,9,10,20,0,0
1705,1,26,2016,17,26,10,10,20,0,0
1706,1,26,2016,17,26,11,10,20,0,0
1707,1,26,2016,17,26,12,10,20,0,0
1708,1,26,2016,17,26,13,10,20,0,0
1709,1,26,2016,17,26,14,10,20,0,0
1710,1,26,2016,17,26,15,10,20,0,0
1711,1,26,2016,17,26,16,10,20,0,0
1712,1,26,2016,17,26,17,10,20,0,0
1713,1,26,2016,17,26,18,10,20,0,0
1714,1,26,2016,17,26,19,10,20,0,0
1715,1,26,2016,17,26,20,10,20,0,0
1716,1,26,2016,17,26,21,10,20,0,0
1717,1,26,2016,17,26,22,10,20,0,0
1718,1,26,2016,17,26,23,10,20,0,0
1719,1,26,2016,17,26,24,10,20,0,0
1720,1,26,2016,17,26,25,10,20,0,0
1721,1,26,2016,17,26,26,10,20,0,0
1722,1,26,2016,17,26,27,10,20,0,0
1723,1,26,2016,17,26,28,10,20,0,0
1724,1,26,2016,17,26,29,10,20,0,0
1725,1,26,2016,17,26,30,10,20,0,0
1726,1,26,2016,17,26,32,10,20,0,0
1727,1,26,2016,17,26,33,10,20,0,0
1728,1,26,2016,17,26,34,10,20,0,0
1729,1,26,2016,17,26,35,10,20,0,0
1730,1,26,2016,17,26,36,10,20,0,0
1731,1,26,2016,17,26,37,10,20,0,0
1732,1,26,2016,17,26,38,10,20,0,0
1733,1,26,2016,17,26,39,10,20,0,0
1734,1,26,2016,17,26,40,10,20,0,0
1735,1,26,2016,17,26,41,10,20,0,0
1736,1,26,2016,17,26,42,10,20,0,0
1737,1,26,2016,17,26,43,10,20,0,0
1738,1,26,2016,17,26,44,10,20,0,0
1739,1,26,2016,17,26,45,10,20,0,0
1740,1,26,2016,17,26,46,10,20,0,0
1741,1,26,2016,17,26,47,10,20,0,0
1742,1,26,2016,17,26,48,10,20,0,0
1743,1,26,2016,17,26,49,10,20,0,0
1744,1,26,2016,17,26,50,10,20,0,0
1745,1,26,2016,17,26,51,10,20,0,0
1746,1,26,2016,17,26,52,10,20,0,0
1747,1,26,2016,17,26,53,10,20,0,0
1748,1,26,2016,17,26,54,10,20,0,0
1749,1,26,2016,17,26,55,10,20,0,0
1750,1,26,2016,17,26,56,10,20,0,0
1751,1,26,2016,17,26,57,10,20,0,0
1752,1,26,2016,17,26,58,10,20,0,0
1753,1,26,2016,17,26,59,10,20,0,0
1754,1,26,2016,17,27,0,10,20,0,0
1755,1,26,2016,17,27,1,10,20,0,0
1756,1,26,2016,17,27,2,10,20,0,0
1757,1,26,2016,17,27,3,10,20,0,0
1758,1,26,2016,17,27,4,10,20,0,0
1759,1,26,2016,17,27,5,10,20,0,0
1760,1,26,2016,17,27,6,10,20,0,0
1761,1,26,2016,17,27,7,10,20,0,0
1762,1,26,2016,17,27,8,10,20,0,0
1763,1,26,2016,17,27,9,10,20,0,0
1764,1,26,2016,17,27,10,11,20,0,0
1765,1,26,2016,17,27,11,12,20,0,0
1766,1,26,2016,17,27,12,13,20,0,0
1767,1,26,2016,17,27,13,13,20,0,0
1768,1,26,2016,17,27,14,14,20,0,0
1769,1,26,2016,17,27,15,15,20,0,0
1770,1,26,2016,17,27,16,16,20,0,0
1771,1,26,2016,17,27,17,16,20,0,0
1772,1,26,2016,17,27,18,17,20,0,0
1773,1,26,2016,17,27,19,18,20,0,0
1774,1,26,2016,17,27,20,18,20,0,0
1775,1,26,2016,17,27,21,19,20,0,0
1776,1,26,2016,17,27,22,20,20,0,0
1777,1,26,2016,17,27,23,21,20,0,0
1778,1,26,2016,17,27,24,21,20,0,0
1779,1,26,2016,17,27,25,22,20,0,0
1780,1,26,2016,17,27,26,1020,20,0,0
1781,1,26,2016,17,27,27,996,20,0,0
1782,1,26,2016,17,27,28,996,20,0,0
1783,1,26,2016,17,27,29,604,20,0,0
1784,1,26,2016,17,27,30,5537,20,0,0
1785,1,26,2016,17,27,31,5537,20,0,0
1786,1,26,2016,17,27,32,5537,20,0,0
1787,1,26,2016,17,27,33,5537,20,0,0
1788,1,26,2016,17,27,34,5537,20,0,0
1789,1,26,2016,17,27,35,5537,20,0,0
1790,1,26,2016,17,27,36,5537,20,0,0
1791,1,26,2016,17,27,37,5537,20,0,0
1792,1,26,2016,17,27,38,5537,20,0,0
1793,1,26,2016,17,27,39,5537,20,0,0
1794,1,26,2016,17,27,40,5537,20,0,0
1795,1,26,2016,17,27,41,5537,20,0,0
1796,1,26,2016,17,27,42,5537,20,0,0
1797,1,26,2016,17,27,43,5537,20,0,0
1798,1,26,2016,17,27,45,5537,20,0,0
1799,1,26,2016,17,27,46,5537,20,0,0
1800,1,26,2016,17,27,47,5537,20,0,0
1801,1,26,2016,17,27,48,5537,20,0,0
1802,1,26,2016,17,27,49,5537,20,0,0
1803,1,26,2016,17,27,50,5537,20,0,0
1804,1,26,2016,17,27,51,5537,20,0,0
1805,1,26,2016,17,27,52,5537,20,0,0
1806,1,26,2016,17,27,53,5537,20,0,0
1807,1,26,2016,17,27,54,5537,20,0,0
1808,1,26,2016,17,27,55,5537,20,0,0
1809,1,26,2016,17,27,56,5537,20,0,0
1810,1,26,2016,17,27,57,5537,20,0,0
1811,1,26,2016,17,27,58,5537,20,0,0
1812,1,26,2016,17,27,59,5537,20,0,0
1813,1,26,2016,17,28,0,5537,20,0,0
1814,1,26,2016,17,28,1,5537,20,0,0
1815,1,26,2016,17,28,2,5537,20,0,0
1816,1,26,2016,17,28,3,5537,20,0,0
1817,1,26,2016,17,28,4,5537,20,0,0
1818,1,26,2016,17,28,5,5537,20,0,0
1819,1,26,2016,17,28,6,5537,20,0,0
1820,1,26,2016,17,28,7,5537,20,0,0
1821,1,26,2016,17,28,8,5537,20,0,0
1822,1,26,2016,17,28,9,5537,20,0,0
1823,1,26,2016,17,28,10,5537,20,0,0
1824,1,26,2016,17,28,11,5537,20,0,0
1825,1,26,2016,17,28,12,5537,20,0,0
1826,1,26,2016,17,28,13,5537,20,0,0
1827,1,26,2016,17,28,14,5537,20,0,0
1828,1,26,2016,17,28,15,5537,20,0,0
1829,1,26,2016,17,28,16,5537,20,0,0
1830,1,26,2016,17,28,17,5537,20,0,0
1831,1,26,2016,17,28,18,5537,20,0,0
1832,1,26,2016,17,28,19,5537,20,0,0
1833,1,26,2016,17,28,20,5537,20,0,0
1834,1,26,2016,17,28,21,5537,20,0,0
1835,1,26,2016,17,28,22,5537,20,0,0
1836,1,26,2016,17,28,23,5537,20,0,0
1837,1,26,2016,17,28,24,5537,20,0,0
1838,1,26,2016,17,28,25,5537,20,0,0
1839,1,26,2016,17,28,26,5537,20,0,0
1840,1,26,2016,17,28,27,5537,20,0,0
1841,1,26,2016,17,28,28,5537,20,0,0
1842,1,26,2016,17,28,29,5537,20,0,0
1843,1,26,2016,17,28,30,5537,20,0,0
1844,1,26,2016,17,28,31,5537,20,0,0
1845,1,26,2016,17,28,32,5537,20,0,0
1846,1,26,2016,17,28,33,5537,20,0,0
1847,1,26,2016,17,28,34,5537,20,0,0
1848,1,26,2016,17,28,35,5537,20,0,0
1849,1,26,2016,17,28,36,5537,20,0,0
1850,1,26,2016,17,28,37,5537,20,0,0
1851,1,26,2016,17,28,38,5537,20,0,0
1852,1,26,2016,17,28,39,5537,20,0,0
1853,1,26,2016,17,28,40,5537,20,0,0
1854,1,26,2016,17,28,41,5537,20,0,0
1855,1,26,2016,17,28,42,5537,20,0,0
1856,1,26,2016,17,28,43,5537,20,0,0
1857,1,26,2016,17,28,44,5537,20,0,0
1858,1,26,2016,17,28,45,5537,20,0,0
1859,1,26,2016,17,28,46,5537,20,0,0
1860,1,26,2016,17,28,47,5537,20,0,0
1861,1,26,2016,17,28,48,5537,20,0,0
1862,1,26,2016,17,28,49,5537,20,0,0
1863,1,26,2016,17,28,50,5537,20,0,0
1864,1,26,2016,17,28,51,5537,20,0,0
1865,1,26,2016,17,28,52,5537,20,0,0
1866,1,26,2016,17,28,53,5537,20,0,0
1867,1,26,2016,17,28,54,5537,20,0,0
1868,1,26,2016,17,28,55,5537,20,0,0
1869,1,26,2016,17,28,57,5537,20,0,0
1870,1,26,2016,17,28,58,5537,20,0,0
1871,1,26,2016,17,28,59,5537,20,0,0
1872,1,26,2016,17,29,0,5537,20,0,0
1873,1,26,2016,17,29,1,5537,20,0,0
1874,1,26,2016,17,29,2,5537,20,0,0
1875,1,26,2016,17,29,3,5537,20,0,0
1876,1,26,2016,17,29,4,5537,20,0,0
1877,1,26,2016,17,29,5,5537,20,0,0
1878,1,26,2016,17,29,6,5537,20,0,0
1879,1,26,2016,17,29,7,5537,20,0,0
1880,1,26,2016,17,29,8,5537,20,0,0
1881,1,26,2016,17,29,9,5537,20,0,0
1882,1,26,2016,17,29,10,5537,20,0,0
1883,1,26,2016,17,29,11,5537,20,0,0
1884,1,26,2016,17,29,12,5537,20,0,0
1885,1,26,2016,17,29,13,5537,20,0,0
1886,1,26,2016,17,29,14,5537,20,0,0
1887,1,26,2016,17,29,15,5537,20,0,0
1888,1,26,2016,17,29,16,5537,20,0,0
1889,1,26,2016,17,29,17,5537,20,0,0
1890,1,26,2016,17,29,18,5537,20,0,0
1891,1,26,2016,17,29,19,5537,20,0,0
1892,1,26,2016,17,29,20,5537,20,0,0
1893,1,26,2016,17,29,21,5537,20,0,0
1894,1,26,2016,17,29,22,5537,20,0,0
1895,1,26,2016,17,29,23,5537,20,0,0
1896,1,26,2016,17,29,24,5537,20,0,0
1897,1,26,2016,17,29,25,5537,20,0,0
1898,1,26,2016,17,29,26,5537,20,0,0
1899,1,26,2016,17,29,27,5537,20,0,0
1900,1,26,2016,17,29,28,5537,20,0,0
1901,1,26,2016,17,29,29,5537,20,0,0
1902,1,26,2016,17,29,30,5537,20,0,0
1903,1,26,2016,17,29,31,5537,20,0,0
1904,1,26,2016,17,29,32,5537,20,0,0
1905,1,26,2016,17,29,33,5537,20,0,0
1906,1,26,2016,17,29,34,5537,20,0,0
1907,1,26,2016,17,29,35,5537,20,0,0
1908,1,26,2016,17,29,36,5537,20,0,0
1909,1,26,2016,17,29,37,5537,20,0,0
1910,1,26,2016,17,29,38,5537,20,0,0
1911,1,26,2016,17,29,39,5537,20,0,0
1912,1,26,2016,17,29,40,5537,20,0,0
1913,1,26,2016,17,29,41,5537,20,0,0
1914,1,26,2016,17,29,42,5537,20,0,0
1915,1,26,2016,17,29,43,5537,20,0,0
1916,1,26,2016,17,29,44,5537,20,0,0
1917,1,26,2016,17,29,45,5537,20,0,0
1918,1,26,2016,17,29,46,5537,20,0,0
1919,1,26,2016,17,29,47,5537,20,0,0
1920,1,26,2016,17,29,48,5537,20,0,0
1921,1,26,2016,17,29,49,5537,20,0,0
1922,1,26,2016,17,29,50,5537,20,0,0
1923,1,26,2016,17,29,51,5537,20,0,0
1924,1,26,2016,17,29,52,5537,20,0,0
1925,1,26,2016,17,29,53,5537,20,0,0
1926,1,26,2016,17,29,54,5537,20,0,0
1927,1,26,2016,17,29,55,5537,20,0,0
1928,1,26,2016,17,29,56,5537,20,0,0
1929,1,26,2016,17,29,57,5537,20,0,0
1930,1,26,2016,17,29,58,5537,20,0,0
1931,1,26,2016,17,29,59,5537,20,0,0
1932,1,26,2016,17,30,0,5537,20,0,0
1933,1,26,2016,17,30,1,5537,20,0,0
1934,1,26,2016,17,30,2,5537,20,0,0
1935,1,26,2016,17,30,3,5537,20,0,0
1936,1,26,2016,17,30,4,5537,20,0,0
1937,1,26,2016,17,30,5,5537,20,0,0
1938,1,26,2016,17,30,6,5537,20,0,0
1939,1,26,2016,17,30,7,5537,20,0,0
1940,1,26,2016,17,30,9,5537,20,0,0
1941,1,26,2016,17,30,10,5537,20,0,0
1942,1,26,2016,17,30,11,5537,20,0,0
1943,1,26,2016,17,30,12,5537,20,0,0
1944,1,26,2016,17,30,13,5537,20,0,0
1945,1,26,2016,17,30,14,5537,20,0,0
1946,1,26,2016,17,30,15,5537,20,0,0
1947,1,26,2016,17,30,16,5537,20,0,0
1948,1,26,2016,17,30,17,5537,20,0,0
1949,1,26,2016,17,30,18,5537,20,0,0
1950,1,26,2016,17,30,19,5537,20,0,0
1951,1,26,2016,17,30,20,5537,20,0,0
1952,1,26,2016,17,30,21,5537,20,0,0
1953,1,26,2016,17,30,22,5537,20,0,0
1954,1,26,2016,17,30,23,5537,20,0,0
1955,1,26,2016,17,30,24,5537,20,0,0
1956,1,26,2016,17,30,25,5537,20,0,0
1957,1,26,2016,17,30,26,5537,20,0,0
1958,1,26,2016,17,30,27,5537,20,0,0
1959,1,26,2016,17,30,28,5537,20,0,0
1960,1,26,2016,17,30,29,5537,20,0,0
1961,1,26,2016,17,30,30,5537,20,0,0
1962,1,26,2016,17,30,31,5537,20,0,0
1963,1,26,2016,17,30,32,5537,20,0,0
1964,1,26,2016,17,30,33,5537,20,0,0
1965,1,26,2016,17,30,34,5537,20,0,0
