Trial,CenterReward,HoldTime,Atten,Pitch,Response,Correct,Mask,LeftTemperature,RightTemperature,fNum,method,sessionDate,rxnTime,vowel,vowel_level,SNR,meanTemp,treatment
82,0,501,8.5,200,1,1,Clean,37.0,37.0,1509,cool,2016-02-25 09:04:00,1.7366,e,51.5,-18.5,37.0,False
1,0,851,8.5,200,1,1,Clean,37.0,37.0,1509,cool,2016-01-27 08:22:00,1.3994,e,51.5,-18.5,37.0,False
71,0,801,8.5,200,1,1,Clean,37.0,37.0,1509,cool,2016-02-26 08:53:00,1.5921,e,51.5,-18.5,37.0,False
13,0,851,8.5,200,1,1,Clean,37.0,37.0,1509,cool,2016-02-24 08:31:00,0.7748,e,51.5,-18.5,37.0,False
66,0,751,8.5,200,1,1,Clean,37.0,37.0,1509,cool,2016-01-27 08:22:00,1.9114,e,51.5,-18.5,37.0,False
1,0,851,8.5,200,1,1,Clean,37.0,37.0,1509,cool,2016-01-27 08:22:00,1.3994,e,51.5,-18.5,37.0,False
13,0,851,8.5,200,1,1,Clean,37.0,37.0,1509,cool,2016-02-24 08:31:00,0.7748,e,51.5,-18.5,37.0,False
15,0,1001,8.5,200,0,0,Clean,37.0,37.0,1509,cool,2016-02-25 09:04:00,1.0424,e,51.5,-18.5,37.0,False
71,0,801,8.5,200,1,1,Clean,37.0,37.0,1509,cool,2016-02-26 08:53:00,1.5921,e,51.5,-18.5,37.0,False
82,0,501,8.5,200,1,1,Clean,37.0,37.0,1509,cool,2016-02-25 09:04:00,1.7366,e,51.5,-18.5,37.0,False
24,0,601,8.5,200,0,0,Clean,37.0,37.0,1509,cool,2016-02-23 08:07:00,1.387,e,51.5,-18.5,37.0,False
22,0,751,8.5,200,1,1,Clean,37.0,37.0,1509,cool,2016-02-26 08:53:00,1.3207,e,51.5,-18.5,37.0,False
65,0,801,8.5,200,1,1,Clean,37.0,37.0,1509,cool,2016-02-23 08:07:00,1.2746,e,51.5,-18.5,37.0,False
74,1,551,8.5,200,1,1,Clean,37.0,37.0,1509,cool,2016-01-29 08:29:00,4.867,e,51.5,-18.5,37.0,False
83,0,601,8.5,200,0,1,Clean,37.0,37.0,1509,cool,2016-01-27 08:22:00,1.6388,u,51.5,-18.5,37.0,False
31,0,801,8.5,200,0,1,Clean,37.0,37.0,1509,cool,2016-02-24 08:31:00,0.957,u,51.5,-18.5,37.0,False
97,0,801,8.5,200,0,1,Clean,37.0,37.0,1509,cool,2016-02-26 08:53:00,1.163,u,51.5,-18.5,37.0,False
96,0,901,8.5,200,0,1,Clean,37.0,37.0,1509,cool,2016-02-23 08:07:00,1.3385,u,51.5,-18.5,37.0,False
96,0,901,8.5,200,0,1,Clean,37.0,37.0,1509,cool,2016-02-23 08:07:00,1.3385,u,51.5,-18.5,37.0,False
63,0,751,8.5,200,0,1,Clean,37.0,37.0,1509,cool,2016-01-29 08:29:00,1.177,u,51.5,-18.5,37.0,False
63,0,751,8.5,200,0,1,Clean,37.0,37.0,1509,cool,2016-01-29 08:29:00,1.177,u,51.5,-18.5,37.0,False
11,0,851,8.5,200,0,1,Clean,37.0,37.0,1509,cool,2016-02-25 09:04:00,1.694,u,51.5,-18.5,37.0,False
97,0,801,8.5,200,0,1,Clean,37.0,37.0,1509,cool,2016-02-26 08:53:00,1.163,u,51.5,-18.5,37.0,False
31,0,801,8.5,200,0,1,Clean,37.0,37.0,1509,cool,2016-02-24 08:31:00,0.957,u,51.5,-18.5,37.0,False
52,0,1001,8.5,200,0,1,Clean,37.0,37.0,1509,cool,2016-01-29 08:29:00,1.9884,u,51.5,-18.5,37.0,False
63,0,751,8.5,200,0,1,Clean,37.0,37.0,1509,cool,2016-01-29 08:29:00,1.177,u,51.5,-18.5,37.0,False
78,0,501,8.5,200,0,1,Clean,37.0,37.0,1509,cool,2016-02-23 08:07:00,1.5335,u,51.5,-18.5,37.0,False
83,0,601,8.5,200,0,1,Clean,37.0,37.0,1509,cool,2016-01-27 08:22:00,1.6388,u,51.5,-18.5,37.0,False
63,0,1001,5.5,200,1,1,Clean,37.0,37.0,1509,cool,2016-02-24 08:31:00,1.1199,e,54.5,-15.5,37.0,False
45,0,601,5.5,200,0,0,Clean,37.0,37.0,1509,cool,2016-01-29 08:29:00,0.8169,e,54.5,-15.5,37.0,False
112,0,651,5.5,200,0,0,Clean,37.0,37.0,1509,cool,2016-02-24 08:31:00,1.1648,e,54.5,-15.5,37.0,False
6,0,1001,5.5,200,1,1,Clean,37.0,37.0,1509,cool,2016-01-29 08:29:00,0.74,e,54.5,-15.5,37.0,False
74,0,701,5.5,200,1,1,Clean,37.0,37.0,1509,cool,2016-01-27 08:22:00,1.0885,e,54.5,-15.5,37.0,False
15,0,951,5.5,200,1,1,Clean,37.0,37.0,1509,cool,2016-01-27 08:22:00,0.7796,e,54.5,-15.5,37.0,False
99,0,501,5.5,200,1,1,Clean,37.0,37.0,1509,cool,2016-02-26 08:53:00,1.356,e,54.5,-15.5,37.0,False
63,0,1001,5.5,200,1,1,Clean,37.0,37.0,1509,cool,2016-02-24 08:31:00,1.1199,e,54.5,-15.5,37.0,False
1,0,801,5.5,200,0,0,Clean,37.0,37.0,1509,cool,2016-02-25 09:04:00,1.0682,e,54.5,-15.5,37.0,False
13,0,601,5.5,200,1,1,Clean,37.0,37.0,1509,cool,2016-02-23 08:07:00,1.1899,e,54.5,-15.5,37.0,False
62,0,551,5.5,200,1,1,Clean,37.0,37.0,1509,cool,2016-01-29 08:29:00,1.3902,e,54.5,-15.5,37.0,False
62,0,551,5.5,200,1,1,Clean,37.0,37.0,1509,cool,2016-01-29 08:29:00,1.3902,e,54.5,-15.5,37.0,False
81,0,1001,5.5,200,1,1,Clean,37.0,37.0,1509,cool,2016-02-23 08:07:00,1.601,e,54.5,-15.5,37.0,False
81,0,1001,5.5,200,1,1,Clean,37.0,37.0,1509,cool,2016-02-23 08:07:00,1.601,e,54.5,-15.5,37.0,False
76,0,501,5.5,200,0,1,Clean,37.0,37.0,1509,cool,2016-02-24 08:31:00,0.9968,u,54.5,-15.5,37.0,False
83,0,601,5.5,200,0,1,Clean,37.0,37.0,1509,cool,2016-02-23 08:07:00,1.4808,u,54.5,-15.5,37.0,False
97,0,801,5.5,200,0,1,Clean,37.0,37.0,1509,cool,2016-02-24 08:31:00,1.0695,u,54.5,-15.5,37.0,False
100,1,1001,5.5,200,0,1,Clean,37.0,37.0,1509,cool,2016-02-26 08:53:00,4.1813,u,54.5,-15.5,37.0,False
14,0,501,5.5,200,0,1,Clean,37.0,37.0,1509,cool,2016-01-29 08:29:00,1.0133,u,54.5,-15.5,37.0,False
77,0,551,5.5,200,0,1,Clean,37.0,37.0,1509,cool,2016-02-23 08:07:00,1.5379,u,54.5,-15.5,37.0,False
16,0,601,5.5,200,0,1,Clean,37.0,37.0,1509,cool,2016-02-26 08:53:00,1.0898,u,54.5,-15.5,37.0,False
70,1,501,5.5,200,0,1,Clean,37.0,37.0,1509,cool,2016-02-26 08:53:00,3.2092,u,54.5,-15.5,37.0,False
77,0,551,5.5,200,0,1,Clean,37.0,37.0,1509,cool,2016-02-23 08:07:00,1.5379,u,54.5,-15.5,37.0,False
70,1,501,5.5,200,0,1,Clean,37.0,37.0,1509,cool,2016-02-26 08:53:00,3.2092,u,54.5,-15.5,37.0,False
77,0,551,5.5,200,0,1,Clean,37.0,37.0,1509,cool,2016-02-23 08:07:00,1.5379,u,54.5,-15.5,37.0,False
19,0,501,5.5,200,0,1,Clean,37.0,37.0,1509,cool,2016-02-24 08:31:00,1.0127,u,54.5,-15.5,37.0,False
72,0,551,5.5,200,0,1,Clean,37.0,37.0,1509,cool,2016-01-27 08:22:00,1.0371,u,54.5,-15.5,37.0,False
42,0,551,5.5,200,0,1,Clean,37.0,37.0,1509,cool,2016-01-29 08:29:00,0.6073,u,54.5,-15.5,37.0,False
39,0,1001,2.5,200,1,1,Clean,37.0,37.0,1509,cool,2015-11-24 08:48:00,1.191,e,57.5,-12.5,37.0,False
23,0,551,2.5,200,1,1,Clean,37.0,37.0,1509,cool,2016-02-23 08:07:00,1.2079,e,57.5,-12.5,37.0,False
105,0,951,2.5,200,0,0,Clean,37.0,37.0,1509,cool,2015-11-24 08:48:00,0.9028,e,57.5,-12.5,37.0,False
9,0,501,2.5,200,0,0,Clean,37.0,37.0,1509,cool,2015-11-24 08:48:00,1.1944,e,57.5,-12.5,37.0,False
33,0,951,2.5,200,0,0,Clean,37.0,37.0,1509,cool,2016-02-26 08:53:00,1.1162,e,57.5,-12.5,37.0,False
29,0,601,2.5,200,0,0,Clean,37.0,37.0,1509,cool,2016-01-27 08:22:00,1.3548,e,57.5,-12.5,37.0,False
98,0,851,2.5,200,1,1,Clean,37.0,37.0,1509,cool,2016-02-26 08:53:00,1.1834,e,57.5,-12.5,37.0,False
54,0,551,2.5,200,1,1,Clean,37.0,37.0,1509,cool,2016-02-26 08:53:00,1.4712,e,57.5,-12.5,37.0,False
30,1,651,2.5,200,1,1,Clean,37.0,37.0,1509,cool,2016-02-25 09:04:00,3.9721,e,57.5,-12.5,37.0,False
22,0,751,2.5,200,1,1,Clean,37.0,37.0,1509,cool,2016-01-29 08:29:00,1.7567,e,57.5,-12.5,37.0,False
105,0,951,2.5,200,0,0,Clean,37.0,37.0,1509,cool,2015-11-24 08:48:00,0.9028,e,57.5,-12.5,37.0,False
67,0,551,2.5,200,1,1,Clean,37.0,37.0,1509,cool,2015-11-24 08:48:00,4.1128,e,57.5,-12.5,37.0,False
71,1,501,2.5,200,0,0,Clean,37.0,37.0,1509,cool,2016-02-23 08:07:00,5.3237,e,57.5,-12.5,37.0,False
29,0,601,2.5,200,0,0,Clean,37.0,37.0,1509,cool,2016-01-27 08:22:00,1.3548,e,57.5,-12.5,37.0,False
45,0,851,2.5,200,0,1,Clean,37.0,37.0,1509,cool,2015-11-24 08:48:00,1.004,u,57.5,-12.5,37.0,False
57,0,651,2.5,200,0,1,Clean,37.0,37.0,1509,cool,2016-02-23 08:07:00,1.2715,u,57.5,-12.5,37.0,False
33,0,551,2.5,200,0,1,Clean,37.0,37.0,1509,cool,2016-01-27 08:22:00,1.4292,u,57.5,-12.5,37.0,False
2,0,751,2.5,200,0,1,Clean,37.0,37.0,1509,cool,2015-11-24 08:48:00,1.674,u,57.5,-12.5,37.0,False
2,0,751,2.5,200,0,1,Clean,37.0,37.0,1509,cool,2015-11-24 08:48:00,1.674,u,57.5,-12.5,37.0,False
14,0,551,2.5,200,0,1,Clean,37.0,37.0,1509,cool,2016-02-24 08:31:00,0.7372,u,57.5,-12.5,37.0,False
22,0,501,2.5,200,0,1,Clean,37.0,37.0,1509,cool,2016-02-23 08:07:00,1.3078,u,57.5,-12.5,37.0,False
21,0,801,2.5,200,0,1,Clean,37.0,37.0,1509,cool,2016-02-26 08:53:00,1.0975,u,57.5,-12.5,37.0,False
96,0,801,2.5,200,0,1,Clean,37.0,37.0,1509,cool,2015-11-24 08:48:00,1.1431,u,57.5,-12.5,37.0,False
7,0,551,2.5,200,0,1,Clean,37.0,37.0,1509,cool,2016-02-25 09:04:00,0.6576,u,57.5,-12.5,37.0,False
2,0,751,2.5,200,0,1,Clean,37.0,37.0,1509,cool,2015-11-24 08:48:00,1.674,u,57.5,-12.5,37.0,False
22,0,501,2.5,200,0,1,Clean,37.0,37.0,1509,cool,2016-02-23 08:07:00,1.3078,u,57.5,-12.5,37.0,False
45,0,851,2.5,200,0,1,Clean,37.0,37.0,1509,cool,2015-11-24 08:48:00,1.004,u,57.5,-12.5,37.0,False
75,0,901,2.5,200,0,1,Clean,37.0,37.0,1509,cool,2015-11-24 08:48:00,1.0414,u,57.5,-12.5,37.0,False
31,1,851,-0.5,200,1,1,Clean,37.0,37.0,1509,cool,2016-02-25 09:04:00,3.7155,e,60.5,-9.5,37.0,False
62,1,751,-0.5,200,1,1,Clean,37.0,37.0,1509,cool,2016-02-24 08:31:00,5.4699,e,60.5,-9.5,37.0,False
15,0,651,-0.5,200,0,0,Clean,37.0,37.0,1509,cool,2016-02-23 08:07:00,1.4018,e,60.5,-9.5,37.0,False
23,0,601,-0.5,200,1,1,Clean,37.0,37.0,1509,cool,2016-02-24 08:31:00,1.2093,e,60.5,-9.5,37.0,False
69,0,701,-0.5,200,1,1,Clean,37.0,37.0,1509,cool,2016-02-26 08:53:00,1.0053,e,60.5,-9.5,37.0,False
62,1,751,-0.5,200,1,1,Clean,37.0,37.0,1509,cool,2016-02-24 08:31:00,5.4699,e,60.5,-9.5,37.0,False
40,0,951,-0.5,200,0,0,Clean,37.0,37.0,1509,cool,2016-01-27 08:22:00,1.3479,e,60.5,-9.5,37.0,False
69,0,701,-0.5,200,1,1,Clean,37.0,37.0,1509,cool,2016-02-26 08:53:00,1.0053,e,60.5,-9.5,37.0,False
84,0,501,-0.5,200,1,1,Clean,37.0,37.0,1509,cool,2016-01-27 08:22:00,1.6121,e,60.5,-9.5,37.0,False
69,0,701,-0.5,200,1,1,Clean,37.0,37.0,1509,cool,2016-02-26 08:53:00,1.0053,e,60.5,-9.5,37.0,False
48,0,551,-0.5,200,1,1,Clean,37.0,37.0,1509,cool,2016-02-23 08:07:00,1.1492,e,60.5,-9.5,37.0,False
102,0,501,-0.5,200,1,1,Clean,37.0,37.0,1509,cool,2016-02-25 09:04:00,1.5889,e,60.5,-9.5,37.0,False
110,0,951,-0.5,200,0,0,Clean,37.0,37.0,1509,cool,2016-02-26 08:53:00,1.1851,e,60.5,-9.5,37.0,False
20,0,651,-0.5,200,1,1,Clean,37.0,37.0,1509,cool,2016-01-27 08:22:00,3.6716,e,60.5,-9.5,37.0,False
55,1,701,-0.5,200,0,1,Clean,37.0,37.0,1509,cool,2016-02-25 09:04:00,4.049,u,60.5,-9.5,37.0,False
77,0,851,-0.5,200,0,1,Clean,37.0,37.0,1509,cool,2016-02-24 08:31:00,1.377,u,60.5,-9.5,37.0,False
104,0,851,-0.5,200,0,1,Clean,37.0,37.0,1509,cool,2016-02-24 08:31:00,1.206,u,60.5,-9.5,37.0,False
25,0,951,-0.5,200,0,1,Clean,37.0,37.0,1509,cool,2016-02-25 09:04:00,1.4314,u,60.5,-9.5,37.0,False
25,0,951,-0.5,200,0,1,Clean,37.0,37.0,1509,cool,2016-02-25 09:04:00,1.4314,u,60.5,-9.5,37.0,False
34,0,701,-0.5,200,0,1,Clean,37.0,37.0,1509,cool,2016-01-27 08:22:00,1.3952,u,60.5,-9.5,37.0,False
5,0,801,-0.5,200,0,1,Clean,37.0,37.0,1509,cool,2016-01-27 08:22:00,1.0446,u,60.5,-9.5,37.0,False
10,0,601,-0.5,200,0,1,Clean,37.0,37.0,1509,cool,2016-02-24 08:31:00,1.2365,u,60.5,-9.5,37.0,False
55,1,701,-0.5,200,0,1,Clean,37.0,37.0,1509,cool,2016-02-25 09:04:00,4.049,u,60.5,-9.5,37.0,False
55,1,701,-0.5,200,0,1,Clean,37.0,37.0,1509,cool,2016-02-25 09:04:00,4.049,u,60.5,-9.5,37.0,False
67,0,901,-0.5,200,0,1,Clean,37.0,37.0,1509,cool,2016-02-23 08:07:00,1.7608,u,60.5,-9.5,37.0,False
77,0,851,-0.5,200,0,1,Clean,37.0,37.0,1509,cool,2016-02-24 08:31:00,1.377,u,60.5,-9.5,37.0,False
25,0,951,-0.5,200,0,1,Clean,37.0,37.0,1509,cool,2016-02-25 09:04:00,1.4314,u,60.5,-9.5,37.0,False
104,0,601,-0.5,200,0,1,Clean,37.0,37.0,1509,cool,2016-02-25 09:04:00,1.203,u,60.5,-9.5,37.0,False
90,0,1001,-3.5,200,0,0,Clean,37.0,37.0,1509,cool,2015-11-24 08:48:00,1.8651,e,63.5,-6.5,37.0,False
33,0,801,-3.5,200,1,1,Clean,37.0,37.0,1509,cool,2015-11-24 08:48:00,1.2404,e,63.5,-6.5,37.0,False
56,0,951,-3.5,200,0,0,Clean,37.0,37.0,1509,cool,2015-11-24 08:48:00,1.1223,e,63.5,-6.5,37.0,False
90,0,1001,-3.5,200,0,0,Clean,37.0,37.0,1509,cool,2015-11-24 08:48:00,1.8651,e,63.5,-6.5,37.0,False
56,0,951,-3.5,200,0,0,Clean,37.0,37.0,1509,cool,2015-11-24 08:48:00,1.1223,e,63.5,-6.5,37.0,False
23,0,1001,-3.5,200,1,1,Clean,37.0,37.0,1509,cool,2015-11-24 08:48:00,1.1315,e,63.5,-6.5,37.0,False
23,0,1001,-3.5,200,1,1,Clean,37.0,37.0,1509,cool,2015-11-24 08:48:00,1.1315,e,63.5,-6.5,37.0,False
97,1,1001,-3.5,200,1,1,Clean,37.0,37.0,1509,cool,2015-11-24 08:48:00,5.6388,e,63.5,-6.5,37.0,False
3,0,801,-3.5,200,1,1,Clean,37.0,37.0,1509,cool,2015-11-24 08:48:00,0.8494,e,63.5,-6.5,37.0,False
97,1,1001,-3.5,200,1,1,Clean,37.0,37.0,1509,cool,2015-11-24 08:48:00,5.6388,e,63.5,-6.5,37.0,False
70,0,951,-3.5,200,1,1,Clean,37.0,37.0,1509,cool,2015-11-24 08:48:00,6.5351,e,63.5,-6.5,37.0,False
3,0,801,-3.5,200,1,1,Clean,37.0,37.0,1509,cool,2015-11-24 08:48:00,0.8494,e,63.5,-6.5,37.0,False
56,0,951,-3.5,200,0,0,Clean,37.0,37.0,1509,cool,2015-11-24 08:48:00,1.1223,e,63.5,-6.5,37.0,False
90,0,1001,-3.5,200,0,0,Clean,37.0,37.0,1509,cool,2015-11-24 08:48:00,1.8651,e,63.5,-6.5,37.0,False
83,0,901,-3.5,200,0,1,Clean,37.0,37.0,1509,cool,2015-11-24 08:48:00,1.4777,u,63.5,-6.5,37.0,False
15,0,501,-3.5,200,0,1,Clean,37.0,37.0,1509,cool,2015-11-24 08:48:00,1.4065,u,63.5,-6.5,37.0,False
52,0,951,-3.5,200,0,1,Clean,37.0,37.0,1509,cool,2015-11-24 08:48:00,0.8001,u,63.5,-6.5,37.0,False
83,0,901,-3.5,200,0,1,Clean,37.0,37.0,1509,cool,2015-11-24 08:48:00,1.4777,u,63.5,-6.5,37.0,False
83,0,901,-3.5,200,0,1,Clean,37.0,37.0,1509,cool,2015-11-24 08:48:00,1.4777,u,63.5,-6.5,37.0,False
52,0,951,-3.5,200,0,1,Clean,37.0,37.0,1509,cool,2015-11-24 08:48:00,0.8001,u,63.5,-6.5,37.0,False
83,0,901,-3.5,200,0,1,Clean,37.0,37.0,1509,cool,2015-11-24 08:48:00,1.4777,u,63.5,-6.5,37.0,False
31,0,951,-3.5,200,0,1,Clean,37.0,37.0,1509,cool,2015-11-24 08:48:00,0.6184,u,63.5,-6.5,37.0,False
94,0,751,-3.5,200,0,1,Clean,37.0,37.0,1509,cool,2015-11-24 08:48:00,0.7861,u,63.5,-6.5,37.0,False
15,0,501,-3.5,200,0,1,Clean,37.0,37.0,1509,cool,2015-11-24 08:48:00,1.4065,u,63.5,-6.5,37.0,False
83,0,901,-3.5,200,0,1,Clean,37.0,37.0,1509,cool,2015-11-24 08:48:00,1.4777,u,63.5,-6.5,37.0,False
15,0,501,-3.5,200,0,1,Clean,37.0,37.0,1509,cool,2015-11-24 08:48:00,1.4065,u,63.5,-6.5,37.0,False
15,0,501,-3.5,200,0,1,Clean,37.0,37.0,1509,cool,2015-11-24 08:48:00,1.4065,u,63.5,-6.5,37.0,False
73,0,551,-3.5,200,0,1,Clean,37.0,37.0,1509,cool,2015-11-24 08:48:00,2.1462,u,63.5,-6.5,37.0,False
88,0,501,-9.5,200,1,1,Clean,37.0,37.0,1509,cool,2015-11-24 08:48:00,2.543,e,69.5,-0.5,37.0,False
102,0,601,-9.5,200,0,0,Clean,37.0,37.0,1509,cool,2015-11-24 08:48:00,1.0697,e,69.5,-0.5,37.0,False
48,0,551,-9.5,200,0,0,Clean,37.0,37.0,1509,cool,2015-11-24 08:48:00,0.6184,e,69.5,-0.5,37.0,False
102,0,601,-9.5,200,0,0,Clean,37.0,37.0,1509,cool,2015-11-24 08:48:00,1.0697,e,69.5,-0.5,37.0,False
16,0,951,-9.5,200,1,1,Clean,37.0,37.0,1509,cool,2015-11-24 08:48:00,1.6081,e,69.5,-0.5,37.0,False
102,0,601,-9.5,200,0,0,Clean,37.0,37.0,1509,cool,2015-11-24 08:48:00,1.0697,e,69.5,-0.5,37.0,False
88,0,501,-9.5,200,1,1,Clean,37.0,37.0,1509,cool,2015-11-24 08:48:00,2.543,e,69.5,-0.5,37.0,False
102,0,601,-9.5,200,0,0,Clean,37.0,37.0,1509,cool,2015-11-24 08:48:00,1.0697,e,69.5,-0.5,37.0,False
102,0,601,-9.5,200,0,0,Clean,37.0,37.0,1509,cool,2015-11-24 08:48:00,1.0697,e,69.5,-0.5,37.0,False
16,0,951,-9.5,200,1,1,Clean,37.0,37.0,1509,cool,2015-11-24 08:48:00,1.6081,e,69.5,-0.5,37.0,False
48,0,551,-9.5,200,0,0,Clean,37.0,37.0,1509,cool,2015-11-24 08:48:00,0.6184,e,69.5,-0.5,37.0,False
102,0,601,-9.5,200,0,0,Clean,37.0,37.0,1509,cool,2015-11-24 08:48:00,1.0697,e,69.5,-0.5,37.0,False
102,0,601,-9.5,200,0,0,Clean,37.0,37.0,1509,cool,2015-11-24 08:48:00,1.0697,e,69.5,-0.5,37.0,False
88,0,501,-9.5,200,1,1,Clean,37.0,37.0,1509,cool,2015-11-24 08:48:00,2.543,e,69.5,-0.5,37.0,False
14,0,851,-9.5,200,0,1,Clean,37.0,37.0,1509,cool,2015-11-24 08:48:00,1.1836,u,69.5,-0.5,37.0,False
34,0,651,-9.5,200,0,1,Clean,37.0,37.0,1509,cool,2015-11-24 08:48:00,0.9311,u,69.5,-0.5,37.0,False
34,0,651,-9.5,200,0,1,Clean,37.0,37.0,1509,cool,2015-11-24 08:48:00,0.9311,u,69.5,-0.5,37.0,False
14,0,851,-9.5,200,0,1,Clean,37.0,37.0,1509,cool,2015-11-24 08:48:00,1.1836,u,69.5,-0.5,37.0,False
104,0,901,-9.5,200,0,1,Clean,37.0,37.0,1509,cool,2015-11-24 08:48:00,0.6152,u,69.5,-0.5,37.0,False
34,0,651,-9.5,200,0,1,Clean,37.0,37.0,1509,cool,2015-11-24 08:48:00,0.9311,u,69.5,-0.5,37.0,False
34,0,651,-9.5,200,0,1,Clean,37.0,37.0,1509,cool,2015-11-24 08:48:00,0.9311,u,69.5,-0.5,37.0,False
58,0,651,-9.5,200,0,1,Clean,37.0,37.0,1509,cool,2015-11-24 08:48:00,0.8775,u,69.5,-0.5,37.0,False
19,0,551,-9.5,200,0,1,Clean,37.0,37.0,1509,cool,2015-11-24 08:48:00,1.363,u,69.5,-0.5,37.0,False
58,0,651,-9.5,200,0,1,Clean,37.0,37.0,1509,cool,2015-11-24 08:48:00,0.8775,u,69.5,-0.5,37.0,False
72,0,601,-9.5,200,0,1,Clean,37.0,37.0,1509,cool,2015-11-24 08:48:00,0.6105,u,69.5,-0.5,37.0,False
14,0,851,-9.5,200,0,1,Clean,37.0,37.0,1509,cool,2015-11-24 08:48:00,1.1836,u,69.5,-0.5,37.0,False
58,0,651,-9.5,200,0,1,Clean,37.0,37.0,1509,cool,2015-11-24 08:48:00,0.8775,u,69.5,-0.5,37.0,False
14,0,851,-9.5,200,0,1,Clean,37.0,37.0,1509,cool,2015-11-24 08:48:00,1.1836,u,69.5,-0.5,37.0,False
40,0,1001,8.5,200,1,1,Clean,14.7452399999619,14.7452399999619,1509,cool,2016-01-27 16:43:00,1.9916,e,51.5,-18.5,14.7452399999619,True
89,0,901,8.5,200,1,1,Clean,12.0,12.0,1509,cool,2016-01-29 16:29:00,1.7312,e,51.5,-18.5,12.0,True
66,0,501,8.5,200,1,1,Clean,10.0,10.0,1509,cool,2016-01-27 16:43:00,1.5023,e,51.5,-18.5,10.0,True
17,0,851,8.5,200,0,0,Clean,20.0,20.0,1509,cool,2016-01-29 16:29:00,1.6267,e,51.5,-18.5,20.0,True
57,0,651,8.5,200,1,1,Clean,14.0,14.0,1509,cool,2016-01-29 16:29:00,1.5873,e,51.5,-18.5,14.0,True
52,0,951,8.5,200,1,1,Clean,8.0,8.0,1509,cool,2016-02-26 17:03:00,1.5944,e,51.5,-18.5,8.0,True
89,0,901,8.5,200,1,1,Clean,12.0,12.0,1509,cool,2016-01-29 16:29:00,1.7312,e,51.5,-18.5,12.0,True
34,0,701,8.5,200,1,1,Clean,8.0,8.0,1509,cool,2016-02-26 17:03:00,1.4209,e,51.5,-18.5,8.0,True
57,0,651,8.5,200,1,1,Clean,14.0,14.0,1509,cool,2016-01-29 16:29:00,1.5873,e,51.5,-18.5,14.0,True
17,0,851,8.5,200,0,0,Clean,20.0,20.0,1509,cool,2016-01-29 16:29:00,1.6267,e,51.5,-18.5,20.0,True
89,0,901,8.5,200,1,1,Clean,12.0,12.0,1509,cool,2016-01-29 16:29:00,1.7312,e,51.5,-18.5,12.0,True
83,0,501,8.5,200,1,1,Clean,8.0,8.0,1509,cool,2016-02-24 16:20:00,1.853,e,51.5,-18.5,8.0,True
52,0,951,8.5,200,1,1,Clean,8.0,8.0,1509,cool,2016-02-26 17:03:00,1.5944,e,51.5,-18.5,8.0,True
83,0,501,8.5,200,1,1,Clean,8.0,8.0,1509,cool,2016-02-24 16:20:00,1.853,e,51.5,-18.5,8.0,True
56,0,1001,8.5,200,0,1,Clean,14.0,14.0,1509,cool,2016-01-29 16:29:00,0.7852,u,51.5,-18.5,14.0,True
6,0,851,8.5,200,0,1,Clean,14.2499,14.2499,1509,cool,2016-02-23 16:44:00,1.084,u,51.5,-18.5,14.2499,True
25,0,801,8.5,200,0,1,Clean,17.0,17.0,1509,cool,2016-01-29 16:29:00,0.8144,u,51.5,-18.5,17.0,True
80,0,951,8.5,200,0,1,Clean,13.0,13.0,1509,cool,2016-01-29 16:29:00,1.2216,u,51.5,-18.5,13.0,True
7,0,901,8.5,200,0,1,Clean,10.0,10.0,1509,cool,2016-02-24 16:20:00,2.2777,u,51.5,-18.5,10.0,True
67,0,951,8.5,200,0,1,Clean,8.0,8.0,1509,cool,2016-02-24 16:20:00,2.0458,u,51.5,-18.5,8.0,True
67,0,951,8.5,200,0,1,Clean,8.0,8.0,1509,cool,2016-02-24 16:20:00,2.0458,u,51.5,-18.5,8.0,True
24,0,701,8.5,200,0,1,Clean,8.0,8.0,1509,cool,2016-02-26 17:03:00,1.4124,u,51.5,-18.5,8.0,True
56,0,1001,8.5,200,0,1,Clean,14.0,14.0,1509,cool,2016-01-29 16:29:00,0.7852,u,51.5,-18.5,14.0,True
84,0,701,8.5,200,0,1,Clean,8.0,8.0,1509,cool,2016-02-24 16:20:00,1.8663,u,51.5,-18.5,8.0,True
61,0,801,8.5,200,0,1,Clean,9.0,9.0,1509,cool,2016-02-23 16:44:00,1.6056,u,51.5,-18.5,9.0,True
67,0,951,8.5,200,0,1,Clean,8.0,8.0,1509,cool,2016-02-24 16:20:00,2.0458,u,51.5,-18.5,8.0,True
80,0,951,8.5,200,0,1,Clean,13.0,13.0,1509,cool,2016-01-29 16:29:00,1.2216,u,51.5,-18.5,13.0,True
24,0,701,8.5,200,0,1,Clean,8.0,8.0,1509,cool,2016-02-26 17:03:00,1.4124,u,51.5,-18.5,8.0,True
26,0,751,5.5,200,0,0,Clean,17.0,17.0,1509,cool,2016-01-29 16:29:00,1.1112,e,54.5,-15.5,17.0,True
78,0,651,5.5,200,0,0,Clean,8.0,8.0,1509,cool,2016-02-24 16:20:00,2.4977,e,54.5,-15.5,8.0,True
4,0,751,5.5,200,1,1,Clean,10.0,10.0,1509,cool,2016-02-25 16:18:00,1.3991,e,54.5,-15.5,10.0,True
27,0,851,5.5,200,1,1,Clean,9.0,9.0,1509,cool,2016-02-23 16:44:00,1.5223,e,54.5,-15.5,9.0,True
26,0,751,5.5,200,0,0,Clean,17.0,17.0,1509,cool,2016-01-29 16:29:00,1.1112,e,54.5,-15.5,17.0,True
4,0,751,5.5,200,1,1,Clean,10.0,10.0,1509,cool,2016-02-25 16:18:00,1.3991,e,54.5,-15.5,10.0,True
48,0,701,5.5,200,1,1,Clean,9.0,9.0,1509,cool,2016-02-23 16:44:00,2.6619,e,54.5,-15.5,9.0,True
54,0,1001,5.5,200,1,1,Clean,8.0,8.0,1509,cool,2016-02-24 16:20:00,1.2714,e,54.5,-15.5,8.0,True
63,0,1001,5.5,200,1,1,Clean,8.0,8.0,1509,cool,2016-02-25 16:18:00,3.7244,e,54.5,-15.5,8.0,True
54,0,1001,5.5,200,1,1,Clean,8.0,8.0,1509,cool,2016-02-24 16:20:00,1.2714,e,54.5,-15.5,8.0,True
27,0,851,5.5,200,1,1,Clean,9.0,9.0,1509,cool,2016-02-23 16:44:00,1.5223,e,54.5,-15.5,9.0,True
54,0,1001,5.5,200,1,1,Clean,8.0,8.0,1509,cool,2016-02-24 16:20:00,1.2714,e,54.5,-15.5,8.0,True
78,0,651,5.5,200,0,0,Clean,8.0,8.0,1509,cool,2016-02-24 16:20:00,2.4977,e,54.5,-15.5,8.0,True
65,0,851,5.5,200,0,0,Clean,14.0,14.0,1509,cool,2016-01-29 16:29:00,1.7465,e,54.5,-15.5,14.0,True
66,0,951,5.5,200,0,1,Clean,8.0,8.0,1509,cool,2016-02-25 16:18:00,1.5034,u,54.5,-15.5,8.0,True
9,0,501,5.5,200,0,1,Clean,8.0,8.0,1509,cool,2016-02-26 17:03:00,1.4313,u,54.5,-15.5,8.0,True
45,0,701,5.5,200,0,1,Clean,13.0,13.0,1509,cool,2016-01-27 16:43:00,2.0051,u,54.5,-15.5,13.0,True
30,1,701,5.5,200,0,1,Clean,17.0,17.0,1509,cool,2016-01-27 16:43:00,3.8525,u,54.5,-15.5,17.0,True
27,0,901,5.5,200,0,1,Clean,8.0,8.0,1509,cool,2016-02-24 16:20:00,1.7945,u,54.5,-15.5,8.0,True
45,0,701,5.5,200,0,1,Clean,13.0,13.0,1509,cool,2016-01-27 16:43:00,2.0051,u,54.5,-15.5,13.0,True
88,0,651,5.5,200,0,1,Clean,9.0,9.0,1509,cool,2016-02-23 16:44:00,1.2052,u,54.5,-15.5,9.0,True
35,1,551,5.5,200,1,0,Clean,8.0,8.0,1509,cool,2016-02-26 17:03:00,4.6015,u,54.5,-15.5,8.0,True
9,0,551,5.5,200,0,1,Clean,9.0,9.0,1509,cool,2016-02-25 16:18:00,1.3736,u,54.5,-15.5,9.0,True
9,0,551,5.5,200,0,1,Clean,9.0,9.0,1509,cool,2016-02-25 16:18:00,1.3736,u,54.5,-15.5,9.0,True
27,0,901,5.5,200,0,1,Clean,8.0,8.0,1509,cool,2016-02-24 16:20:00,1.7945,u,54.5,-15.5,8.0,True
35,1,551,5.5,200,1,0,Clean,8.0,8.0,1509,cool,2016-02-26 17:03:00,4.6015,u,54.5,-15.5,8.0,True
37,0,651,5.5,200,0,1,Clean,16.0,16.0,1509,cool,2016-01-29 16:29:00,1.1456,u,54.5,-15.5,16.0,True
38,0,951,5.5,200,0,1,Clean,9.0,9.0,1509,cool,2016-02-23 16:44:00,1.1758,u,54.5,-15.5,9.0,True
31,0,801,2.5,200,1,1,Clean,8.0,8.0,1509,cool,2016-02-25 16:18:00,1.1798,e,57.5,-12.5,8.0,True
58,0,801,2.5,200,1,1,Clean,11.0,11.0,1509,cool,2016-01-27 16:43:00,1.8858,e,57.5,-12.5,11.0,True
46,0,801,2.5,200,1,1,Clean,8.0,8.0,1509,cool,2016-02-25 16:18:00,1.6324,e,57.5,-12.5,8.0,True
94,0,801,2.5,200,0,0,Clean,8.0,8.0,1509,cool,2016-02-24 16:20:00,1.6897,e,57.5,-12.5,8.0,True
46,0,801,2.5,200,1,1,Clean,8.0,8.0,1509,cool,2016-02-25 16:18:00,1.6324,e,57.5,-12.5,8.0,True
63,0,751,2.5,200,1,1,Clean,8.0,8.0,1509,cool,2016-02-26 17:03:00,2.007,e,57.5,-12.5,8.0,True
67,0,501,2.5,200,0,0,Clean,8.0,7.0,1509,cool,2015-11-24 16:53:00,1.5909,e,57.5,-12.5,7.5,True
87,0,601,2.5,200,1,1,Clean,9.0,9.0,1509,cool,2016-02-23 16:44:00,1.3932,e,57.5,-12.5,9.0,True
15,0,501,2.5,200,1,1,Clean,8.0,8.0,1509,cool,2016-02-26 17:03:00,2.0791,e,57.5,-12.5,8.0,True
47,0,951,2.5,200,1,1,Clean,15.0,15.0,1509,cool,2016-01-29 16:29:00,1.8551,e,57.5,-12.5,15.0,True
22,0,801,2.5,200,1,1,Clean,9.0,9.0,1509,cool,2016-02-23 16:44:00,1.6176,e,57.5,-12.5,9.0,True
15,0,501,2.5,200,1,1,Clean,8.0,8.0,1509,cool,2016-02-26 17:03:00,2.0791,e,57.5,-12.5,8.0,True
82,0,551,2.5,200,0,0,Clean,9.0,9.0,1509,cool,2016-01-27 16:43:00,0.766,e,57.5,-12.5,9.0,True
73,0,501,2.5,200,1,1,Clean,14.0,14.0,1509,cool,2016-01-29 16:29:00,2.2494,e,57.5,-12.5,14.0,True
57,0,651,2.5,200,0,1,Clean,9.0,7.0,1509,cool,2015-11-24 16:53:00,1.3002,u,57.5,-12.5,8.0,True
7,0,701,2.5,200,0,1,Clean,10.0,10.0,1509,cool,2016-02-25 16:18:00,1.3546,u,57.5,-12.5,10.0,True
78,0,1001,2.5,200,0,1,Clean,9.0,9.0,1509,cool,2016-01-27 16:43:00,1.2457,u,57.5,-12.5,9.0,True
29,0,551,2.5,200,0,1,Clean,9.0,9.0,1509,cool,2016-02-23 16:44:00,1.461,u,57.5,-12.5,9.0,True
77,0,501,2.5,200,0,1,Clean,8.0,8.0,1509,cool,2016-02-26 17:03:00,1.6037,u,57.5,-12.5,8.0,True
29,0,551,2.5,200,0,1,Clean,9.0,9.0,1509,cool,2016-02-23 16:44:00,1.461,u,57.5,-12.5,9.0,True
95,0,651,2.5,200,0,1,Clean,11.0,11.0,1509,cool,2016-01-29 16:29:00,1.1424,u,57.5,-12.5,11.0,True
58,0,1001,2.5,200,0,1,Clean,8.0,8.0,1509,cool,2016-02-26 17:03:00,1.0239,u,57.5,-12.5,8.0,True
29,0,551,2.5,200,0,1,Clean,9.0,9.0,1509,cool,2016-02-23 16:44:00,1.461,u,57.5,-12.5,9.0,True
78,0,1001,2.5,200,0,1,Clean,9.0,9.0,1509,cool,2016-01-27 16:43:00,1.2457,u,57.5,-12.5,9.0,True
40,0,601,2.5,200,0,1,Clean,8.0,8.0,1509,cool,2016-02-25 16:18:00,1.3997,u,57.5,-12.5,8.0,True
7,0,701,2.5,200,0,1,Clean,10.0,10.0,1509,cool,2016-02-25 16:18:00,1.3546,u,57.5,-12.5,10.0,True
90,1,1001,2.5,200,0,1,Clean,9.0,9.0,1509,cool,2016-02-23 16:44:00,4.347,u,57.5,-12.5,9.0,True
90,1,1001,2.5,200,0,1,Clean,9.0,9.0,1509,cool,2016-02-23 16:44:00,4.347,u,57.5,-12.5,9.0,True
61,0,1001,-0.5,200,0,0,Clean,8.0,8.0,1509,cool,2016-02-24 16:20:00,2.5931,e,60.5,-9.5,8.0,True
52,0,901,-0.5,200,1,1,Clean,8.0,8.0,1509,cool,2016-02-25 16:18:00,1.3814,e,60.5,-9.5,8.0,True
66,0,951,-0.5,200,1,1,Clean,8.0,8.0,1509,cool,2016-02-26 17:03:00,1.4013,e,60.5,-9.5,8.0,True
36,1,551,-0.5,200,0,0,Clean,8.0,8.0,1509,cool,2016-02-25 16:18:00,6.0396,e,60.5,-9.5,8.0,True
69,0,951,-0.5,200,0,0,Clean,10.0,10.0,1509,cool,2016-01-27 16:43:00,1.5283,e,60.5,-9.5,10.0,True
10,0,601,-0.5,200,0,0,Clean,12.0,12.0,1509,cool,2016-02-23 16:44:00,1.9546,e,60.5,-9.5,12.0,True
52,0,901,-0.5,200,1,1,Clean,8.0,8.0,1509,cool,2016-02-25 16:18:00,1.3814,e,60.5,-9.5,8.0,True
61,0,1001,-0.5,200,0,0,Clean,8.0,8.0,1509,cool,2016-02-24 16:20:00,2.5931,e,60.5,-9.5,8.0,True
61,0,1001,-0.5,200,0,0,Clean,8.0,8.0,1509,cool,2016-02-24 16:20:00,2.5931,e,60.5,-9.5,8.0,True
60,0,601,-0.5,200,1,1,Clean,9.0,9.0,1509,cool,2016-02-23 16:44:00,1.7366,e,60.5,-9.5,9.0,True
36,1,551,-0.5,200,0,0,Clean,8.0,8.0,1509,cool,2016-02-25 16:18:00,6.0396,e,60.5,-9.5,8.0,True
66,0,951,-0.5,200,1,1,Clean,8.0,8.0,1509,cool,2016-02-26 17:03:00,1.4013,e,60.5,-9.5,8.0,True
6,0,1001,-0.5,200,0,0,Clean,9.0,9.0,1509,cool,2016-02-26 17:03:00,2.2498,e,60.5,-9.5,9.0,True
6,0,1001,-0.5,200,0,0,Clean,9.0,9.0,1509,cool,2016-02-26 17:03:00,2.2498,e,60.5,-9.5,9.0,True
81,0,501,-0.5,200,0,1,Clean,8.0,8.0,1509,cool,2016-02-26 17:03:00,1.4146,u,60.5,-9.5,8.0,True
2,0,651,-0.5,200,0,1,Clean,11.0,11.0,1509,cool,2016-02-24 16:20:00,1.8818,u,60.5,-9.5,11.0,True
2,0,651,-0.5,200,0,1,Clean,11.0,11.0,1509,cool,2016-02-24 16:20:00,1.8818,u,60.5,-9.5,11.0,True
102,0,601,-0.5,200,0,1,Clean,8.0,8.0,1509,cool,2016-02-23 16:44:00,1.3535,u,60.5,-9.5,8.0,True
81,0,501,-0.5,200,0,1,Clean,8.0,8.0,1509,cool,2016-02-26 17:03:00,1.4146,u,60.5,-9.5,8.0,True
56,0,751,-0.5,200,0,1,Clean,9.0,9.0,1509,cool,2016-02-23 16:44:00,1.2863,u,60.5,-9.5,9.0,True
44,1,501,-0.5,200,0,1,Clean,8.0,8.0,1509,cool,2016-02-25 16:18:00,4.3253,u,60.5,-9.5,8.0,True
44,1,501,-0.5,200,0,1,Clean,8.0,8.0,1509,cool,2016-02-25 16:18:00,4.3253,u,60.5,-9.5,8.0,True
34,0,901,-0.5,200,1,0,Clean,16.0,16.0,1509,cool,2016-01-27 16:43:00,1.3057,u,60.5,-9.5,16.0,True
22,0,851,-0.5,200,0,1,Clean,8.0,8.0,1509,cool,2016-02-25 16:18:00,1.167,u,60.5,-9.5,8.0,True
28,0,901,-0.5,200,0,1,Clean,9.0,9.0,1509,cool,2016-02-23 16:44:00,0.9819,u,60.5,-9.5,9.0,True
34,0,901,-0.5,200,1,0,Clean,16.0,16.0,1509,cool,2016-01-27 16:43:00,1.3057,u,60.5,-9.5,16.0,True
56,0,751,-0.5,200,0,1,Clean,9.0,9.0,1509,cool,2016-02-23 16:44:00,1.2863,u,60.5,-9.5,9.0,True
73,0,651,-0.5,200,0,1,Clean,8.0,8.0,1509,cool,2016-02-26 17:03:00,1.091,u,60.5,-9.5,8.0,True
65,0,751,-3.5,200,1,1,Clean,8.0,8.0,1509,cool,2015-11-24 16:53:00,3.5597,e,63.5,-6.5,8.0,True
18,0,751,-3.5,200,0,0,Clean,18.0390599999428,17.0,1509,cool,2015-11-24 16:53:00,1.8239,e,63.5,-6.5,17.5195299999714,True
18,0,751,-3.5,200,0,0,Clean,18.0390599999428,17.0,1509,cool,2015-11-24 16:53:00,1.8239,e,63.5,-6.5,17.5195299999714,True
65,0,751,-3.5,200,1,1,Clean,8.0,8.0,1509,cool,2015-11-24 16:53:00,3.5597,e,63.5,-6.5,8.0,True
65,0,751,-3.5,200,1,1,Clean,8.0,8.0,1509,cool,2015-11-24 16:53:00,3.5597,e,63.5,-6.5,8.0,True
18,0,751,-3.5,200,0,0,Clean,18.0390599999428,17.0,1509,cool,2015-11-24 16:53:00,1.8239,e,63.5,-6.5,17.5195299999714,True
65,0,751,-3.5,200,1,1,Clean,8.0,8.0,1509,cool,2015-11-24 16:53:00,3.5597,e,63.5,-6.5,8.0,True
65,0,751,-3.5,200,1,1,Clean,8.0,8.0,1509,cool,2015-11-24 16:53:00,3.5597,e,63.5,-6.5,8.0,True
18,0,751,-3.5,200,0,0,Clean,18.0390599999428,17.0,1509,cool,2015-11-24 16:53:00,1.8239,e,63.5,-6.5,17.5195299999714,True
18,0,751,-3.5,200,0,0,Clean,18.0390599999428,17.0,1509,cool,2015-11-24 16:53:00,1.8239,e,63.5,-6.5,17.5195299999714,True
18,0,751,-3.5,200,0,0,Clean,18.0390599999428,17.0,1509,cool,2015-11-24 16:53:00,1.8239,e,63.5,-6.5,17.5195299999714,True
65,0,751,-3.5,200,1,1,Clean,8.0,8.0,1509,cool,2015-11-24 16:53:00,3.5597,e,63.5,-6.5,8.0,True
65,0,751,-3.5,200,1,1,Clean,8.0,8.0,1509,cool,2015-11-24 16:53:00,3.5597,e,63.5,-6.5,8.0,True
65,0,751,-3.5,200,1,1,Clean,8.0,8.0,1509,cool,2015-11-24 16:53:00,3.5597,e,63.5,-6.5,8.0,True
91,0,701,-3.5,200,0,1,Clean,9.0,7.0,1509,cool,2015-11-24 16:53:00,1.4527,u,63.5,-6.5,8.0,True
91,0,701,-3.5,200,0,1,Clean,9.0,7.0,1509,cool,2015-11-24 16:53:00,1.4527,u,63.5,-6.5,8.0,True
91,0,701,-3.5,200,0,1,Clean,9.0,7.0,1509,cool,2015-11-24 16:53:00,1.4527,u,63.5,-6.5,8.0,True
91,0,701,-3.5,200,0,1,Clean,9.0,7.0,1509,cool,2015-11-24 16:53:00,1.4527,u,63.5,-6.5,8.0,True
91,0,701,-3.5,200,0,1,Clean,9.0,7.0,1509,cool,2015-11-24 16:53:00,1.4527,u,63.5,-6.5,8.0,True
91,0,701,-3.5,200,0,1,Clean,9.0,7.0,1509,cool,2015-11-24 16:53:00,1.4527,u,63.5,-6.5,8.0,True
91,0,701,-3.5,200,0,1,Clean,9.0,7.0,1509,cool,2015-11-24 16:53:00,1.4527,u,63.5,-6.5,8.0,True
91,0,701,-3.5,200,0,1,Clean,9.0,7.0,1509,cool,2015-11-24 16:53:00,1.4527,u,63.5,-6.5,8.0,True
91,0,701,-3.5,200,0,1,Clean,9.0,7.0,1509,cool,2015-11-24 16:53:00,1.4527,u,63.5,-6.5,8.0,True
91,0,701,-3.5,200,0,1,Clean,9.0,7.0,1509,cool,2015-11-24 16:53:00,1.4527,u,63.5,-6.5,8.0,True
91,0,701,-3.5,200,0,1,Clean,9.0,7.0,1509,cool,2015-11-24 16:53:00,1.4527,u,63.5,-6.5,8.0,True
91,0,701,-3.5,200,0,1,Clean,9.0,7.0,1509,cool,2015-11-24 16:53:00,1.4527,u,63.5,-6.5,8.0,True
91,0,701,-3.5,200,0,1,Clean,9.0,7.0,1509,cool,2015-11-24 16:53:00,1.4527,u,63.5,-6.5,8.0,True
91,0,701,-3.5,200,0,1,Clean,9.0,7.0,1509,cool,2015-11-24 16:53:00,1.4527,u,63.5,-6.5,8.0,True
21,0,851,-9.5,200,1,1,Clean,16.1604800000191,15.0,1509,cool,2015-11-24 16:53:00,1.4125,e,69.5,-0.5,15.58024000000955,True
61,0,551,-9.5,200,1,1,Clean,9.0,8.0,1509,cool,2015-11-24 16:53:00,2.1063,e,69.5,-0.5,8.5,True
21,0,851,-9.5,200,1,1,Clean,16.1604800000191,15.0,1509,cool,2015-11-24 16:53:00,1.4125,e,69.5,-0.5,15.58024000000955,True
21,0,851,-9.5,200,1,1,Clean,16.1604800000191,15.0,1509,cool,2015-11-24 16:53:00,1.4125,e,69.5,-0.5,15.58024000000955,True
61,0,551,-9.5,200,1,1,Clean,9.0,8.0,1509,cool,2015-11-24 16:53:00,2.1063,e,69.5,-0.5,8.5,True
21,0,851,-9.5,200,1,1,Clean,16.1604800000191,15.0,1509,cool,2015-11-24 16:53:00,1.4125,e,69.5,-0.5,15.58024000000955,True
61,0,551,-9.5,200,1,1,Clean,9.0,8.0,1509,cool,2015-11-24 16:53:00,2.1063,e,69.5,-0.5,8.5,True
61,0,551,-9.5,200,1,1,Clean,9.0,8.0,1509,cool,2015-11-24 16:53:00,2.1063,e,69.5,-0.5,8.5,True
61,0,551,-9.5,200,1,1,Clean,9.0,8.0,1509,cool,2015-11-24 16:53:00,2.1063,e,69.5,-0.5,8.5,True
21,0,851,-9.5,200,1,1,Clean,16.1604800000191,15.0,1509,cool,2015-11-24 16:53:00,1.4125,e,69.5,-0.5,15.58024000000955,True
21,0,851,-9.5,200,1,1,Clean,16.1604800000191,15.0,1509,cool,2015-11-24 16:53:00,1.4125,e,69.5,-0.5,15.58024000000955,True
61,0,551,-9.5,200,1,1,Clean,9.0,8.0,1509,cool,2015-11-24 16:53:00,2.1063,e,69.5,-0.5,8.5,True
61,0,551,-9.5,200,1,1,Clean,9.0,8.0,1509,cool,2015-11-24 16:53:00,2.1063,e,69.5,-0.5,8.5,True
61,0,551,-9.5,200,1,1,Clean,9.0,8.0,1509,cool,2015-11-24 16:53:00,2.1063,e,69.5,-0.5,8.5,True
52,0,601,-9.5,200,0,1,Clean,9.0,8.0,1509,cool,2015-11-24 16:53:00,2.5779,u,69.5,-0.5,8.5,True
52,0,601,-9.5,200,0,1,Clean,9.0,8.0,1509,cool,2015-11-24 16:53:00,2.5779,u,69.5,-0.5,8.5,True
52,0,601,-9.5,200,0,1,Clean,9.0,8.0,1509,cool,2015-11-24 16:53:00,2.5779,u,69.5,-0.5,8.5,True
52,0,601,-9.5,200,0,1,Clean,9.0,8.0,1509,cool,2015-11-24 16:53:00,2.5779,u,69.5,-0.5,8.5,True
24,0,651,-9.5,200,0,1,Clean,14.0,13.0,1509,cool,2015-11-24 16:53:00,1.3439,u,69.5,-0.5,13.5,True
96,1,951,-9.5,200,0,1,Clean,9.0,8.0,1509,cool,2015-11-24 16:53:00,1.0157,u,69.5,-0.5,8.5,True
24,0,651,-9.5,200,0,1,Clean,14.0,13.0,1509,cool,2015-11-24 16:53:00,1.3439,u,69.5,-0.5,13.5,True
52,0,601,-9.5,200,0,1,Clean,9.0,8.0,1509,cool,2015-11-24 16:53:00,2.5779,u,69.5,-0.5,8.5,True
24,0,651,-9.5,200,0,1,Clean,14.0,13.0,1509,cool,2015-11-24 16:53:00,1.3439,u,69.5,-0.5,13.5,True
52,0,601,-9.5,200,0,1,Clean,9.0,8.0,1509,cool,2015-11-24 16:53:00,2.5779,u,69.5,-0.5,8.5,True
96,1,951,-9.5,200,0,1,Clean,9.0,8.0,1509,cool,2015-11-24 16:53:00,1.0157,u,69.5,-0.5,8.5,True
24,0,651,-9.5,200,0,1,Clean,14.0,13.0,1509,cool,2015-11-24 16:53:00,1.3439,u,69.5,-0.5,13.5,True
52,0,601,-9.5,200,0,1,Clean,9.0,8.0,1509,cool,2015-11-24 16:53:00,2.5779,u,69.5,-0.5,8.5,True
24,0,651,-9.5,200,0,1,Clean,14.0,13.0,1509,cool,2015-11-24 16:53:00,1.3439,u,69.5,-0.5,13.5,True
79,1,701,8.5,200,1,1,Restricted,37.0,37.0,1509,cool,2016-02-25 09:04:00,3.5095,e,51.5,-18.5,37.0,False
31,0,1001,8.5,200,1,1,Restricted,37.0,37.0,1509,cool,2016-02-26 08:53:00,1.258,e,51.5,-18.5,37.0,False
81,0,801,8.5,200,1,1,Restricted,37.0,37.0,1509,cool,2016-02-25 09:04:00,1.339,e,51.5,-18.5,37.0,False
31,0,1001,8.5,200,1,1,Restricted,37.0,37.0,1509,cool,2016-02-26 08:53:00,1.258,e,51.5,-18.5,37.0,False
33,0,751,8.5,200,1,1,Restricted,37.0,37.0,1509,cool,2016-02-24 08:31:00,1.2646,e,51.5,-18.5,37.0,False
53,0,1001,8.5,200,1,1,Restricted,37.0,37.0,1509,cool,2016-02-23 08:07:00,1.3918,e,51.5,-18.5,37.0,False
53,0,1001,8.5,200,1,1,Restricted,37.0,37.0,1509,cool,2016-02-23 08:07:00,1.3918,e,51.5,-18.5,37.0,False
26,0,701,8.5,200,1,1,Restricted,37.0,37.0,1509,cool,2016-02-23 08:07:00,1.1216,e,51.5,-18.5,37.0,False
60,0,501,8.5,200,0,0,Restricted,37.0,37.0,1509,cool,2016-02-24 08:31:00,1.199,e,51.5,-18.5,37.0,False
31,0,1001,8.5,200,1,1,Restricted,37.0,37.0,1509,cool,2016-02-26 08:53:00,1.258,e,51.5,-18.5,37.0,False
79,1,701,8.5,200,1,1,Restricted,37.0,37.0,1509,cool,2016-02-25 09:04:00,3.5095,e,51.5,-18.5,37.0,False
98,1,901,8.5,200,0,0,Restricted,37.0,37.0,1509,cool,2016-01-27 08:22:00,3.7368,e,51.5,-18.5,37.0,False
76,0,601,8.5,200,1,1,Restricted,37.0,37.0,1509,cool,2016-01-27 08:22:00,1.6658,e,51.5,-18.5,37.0,False
76,0,601,8.5,200,1,1,Restricted,37.0,37.0,1509,cool,2016-01-27 08:22:00,1.6658,e,51.5,-18.5,37.0,False
44,0,701,8.5,200,1,0,Restricted,37.0,37.0,1509,cool,2016-01-27 08:22:00,1.8206,u,51.5,-18.5,37.0,False
45,0,501,8.5,200,1,0,Restricted,37.0,37.0,1509,cool,2016-02-23 08:07:00,1.641,u,51.5,-18.5,37.0,False
108,0,701,8.5,200,1,0,Restricted,37.0,37.0,1509,cool,2016-02-26 08:53:00,1.2142,u,51.5,-18.5,37.0,False
44,0,701,8.5,200,1,0,Restricted,37.0,37.0,1509,cool,2016-01-27 08:22:00,1.8206,u,51.5,-18.5,37.0,False
33,0,851,8.5,200,1,0,Restricted,37.0,37.0,1509,cool,2016-01-29 08:29:00,1.2803,u,51.5,-18.5,37.0,False
44,0,701,8.5,200,1,0,Restricted,37.0,37.0,1509,cool,2016-01-27 08:22:00,1.8206,u,51.5,-18.5,37.0,False
40,0,1001,8.5,200,1,0,Restricted,37.0,37.0,1509,cool,2016-02-24 08:31:00,0.7484,u,51.5,-18.5,37.0,False
28,0,551,8.5,200,1,0,Restricted,37.0,37.0,1509,cool,2016-02-24 08:31:00,1.1497,u,51.5,-18.5,37.0,False
16,0,851,8.5,200,1,0,Restricted,37.0,37.0,1509,cool,2016-01-27 08:22:00,1.3265,u,51.5,-18.5,37.0,False
50,0,601,8.5,200,1,0,Restricted,37.0,37.0,1509,cool,2016-02-26 08:53:00,1.0355,u,51.5,-18.5,37.0,False
26,0,851,8.5,200,1,0,Restricted,37.0,37.0,1509,cool,2016-02-26 08:53:00,1.0058,u,51.5,-18.5,37.0,False
104,0,851,8.5,200,0,1,Restricted,37.0,37.0,1509,cool,2016-02-23 08:07:00,1.4261,u,51.5,-18.5,37.0,False
53,0,601,8.5,200,1,0,Restricted,37.0,37.0,1509,cool,2016-02-25 09:04:00,1.467,u,51.5,-18.5,37.0,False
10,0,501,8.5,200,0,1,Restricted,37.0,37.0,1509,cool,2016-02-25 09:04:00,1.7029,u,51.5,-18.5,37.0,False
74,0,651,5.5,200,0,0,Restricted,37.0,37.0,1509,cool,2016-02-26 08:53:00,1.2245,e,54.5,-15.5,37.0,False
97,0,901,5.5,200,1,1,Restricted,37.0,37.0,1509,cool,2016-02-25 09:04:00,1.3198,e,54.5,-15.5,37.0,False
59,0,701,5.5,200,1,1,Restricted,37.0,37.0,1509,cool,2016-01-27 08:22:00,1.3878,e,54.5,-15.5,37.0,False
43,0,851,5.5,200,1,1,Restricted,37.0,37.0,1509,cool,2016-02-23 08:07:00,1.0778,e,54.5,-15.5,37.0,False
82,0,551,5.5,200,1,1,Restricted,37.0,37.0,1509,cool,2016-02-26 08:53:00,1.3934,e,54.5,-15.5,37.0,False
36,0,901,5.5,200,1,1,Restricted,37.0,37.0,1509,cool,2016-02-26 08:53:00,0.8808,e,54.5,-15.5,37.0,False
41,0,801,5.5,200,1,1,Restricted,37.0,37.0,1509,cool,2016-01-29 08:29:00,0.9486,e,54.5,-15.5,37.0,False
41,0,801,5.5,200,1,1,Restricted,37.0,37.0,1509,cool,2016-01-29 08:29:00,0.9486,e,54.5,-15.5,37.0,False
36,0,901,5.5,200,1,1,Restricted,37.0,37.0,1509,cool,2016-02-26 08:53:00,0.8808,e,54.5,-15.5,37.0,False
10,0,751,5.5,200,1,1,Restricted,37.0,37.0,1509,cool,2016-01-29 08:29:00,0.7544,e,54.5,-15.5,37.0,False
74,0,651,5.5,200,0,0,Restricted,37.0,37.0,1509,cool,2016-02-26 08:53:00,1.2245,e,54.5,-15.5,37.0,False
59,0,701,5.5,200,1,1,Restricted,37.0,37.0,1509,cool,2016-01-27 08:22:00,1.3878,e,54.5,-15.5,37.0,False
119,0,651,5.5,200,0,0,Restricted,37.0,37.0,1509,cool,2016-02-26 08:53:00,1.0792,e,54.5,-15.5,37.0,False
29,0,1001,5.5,200,1,1,Restricted,37.0,37.0,1509,cool,2016-02-25 09:04:00,1.5334,e,54.5,-15.5,37.0,False
31,0,951,5.5,200,1,0,Restricted,37.0,37.0,1509,cool,2016-01-29 08:29:00,0.8233,u,54.5,-15.5,37.0,False
9,0,651,5.5,200,0,1,Restricted,37.0,37.0,1509,cool,2016-02-24 08:31:00,1.033,u,54.5,-15.5,37.0,False
31,0,951,5.5,200,1,0,Restricted,37.0,37.0,1509,cool,2016-01-29 08:29:00,0.8233,u,54.5,-15.5,37.0,False
9,0,751,5.5,200,0,1,Restricted,37.0,37.0,1509,cool,2016-02-26 08:53:00,0.915,u,54.5,-15.5,37.0,False
63,0,1001,5.5,200,0,1,Restricted,37.0,37.0,1509,cool,2016-01-27 08:22:00,1.3985,u,54.5,-15.5,37.0,False
68,0,651,5.5,200,1,0,Restricted,37.0,37.0,1509,cool,2016-02-24 08:31:00,1.3754,u,54.5,-15.5,37.0,False
23,0,701,5.5,200,1,0,Restricted,37.0,37.0,1509,cool,2016-01-29 08:29:00,1.2009,u,54.5,-15.5,37.0,False
50,0,701,5.5,200,1,0,Restricted,37.0,37.0,1509,cool,2016-02-25 09:04:00,1.4386,u,54.5,-15.5,37.0,False
7,0,551,5.5,200,0,1,Restricted,37.0,37.0,1509,cool,2016-01-27 08:22:00,1.4426,u,54.5,-15.5,37.0,False
80,0,801,5.5,200,1,0,Restricted,37.0,37.0,1509,cool,2016-01-27 08:22:00,1.1016,u,54.5,-15.5,37.0,False
75,0,501,5.5,200,1,0,Restricted,37.0,37.0,1509,cool,2016-01-29 08:29:00,2.0653,u,54.5,-15.5,37.0,False
63,0,1001,5.5,200,0,1,Restricted,37.0,37.0,1509,cool,2016-01-27 08:22:00,1.3985,u,54.5,-15.5,37.0,False
80,0,801,5.5,200,1,0,Restricted,37.0,37.0,1509,cool,2016-01-27 08:22:00,1.1016,u,54.5,-15.5,37.0,False
7,0,551,5.5,200,0,1,Restricted,37.0,37.0,1509,cool,2016-01-27 08:22:00,1.4426,u,54.5,-15.5,37.0,False
76,0,651,2.5,200,1,1,Restricted,37.0,37.0,1509,cool,2015-11-24 08:48:00,2.1252,e,57.5,-12.5,37.0,False
46,0,851,2.5,200,1,1,Restricted,37.0,37.0,1509,cool,2016-02-24 08:31:00,1.1859,e,57.5,-12.5,37.0,False
68,0,801,2.5,200,1,1,Restricted,37.0,37.0,1509,cool,2016-02-25 09:04:00,1.3555,e,57.5,-12.5,37.0,False
1,0,701,2.5,200,1,1,Restricted,37.0,37.0,1509,cool,2015-11-24 08:48:00,0.8627,e,57.5,-12.5,37.0,False
95,0,601,2.5,200,1,1,Restricted,37.0,37.0,1509,cool,2016-02-23 08:07:00,1.2818,e,57.5,-12.5,37.0,False
95,0,601,2.5,200,1,1,Restricted,37.0,37.0,1509,cool,2016-02-23 08:07:00,1.2818,e,57.5,-12.5,37.0,False
21,0,851,2.5,200,1,1,Restricted,37.0,37.0,1509,cool,2016-02-24 08:31:00,0.7585,e,57.5,-12.5,37.0,False
18,0,551,2.5,200,1,1,Restricted,37.0,37.0,1509,cool,2016-01-27 08:22:00,1.1596,e,57.5,-12.5,37.0,False
51,1,651,2.5,200,1,1,Restricted,37.0,37.0,1509,cool,2016-01-29 08:29:00,6.1299,e,57.5,-12.5,37.0,False
107,0,751,2.5,200,0,0,Restricted,37.0,37.0,1509,cool,2016-01-27 08:22:00,1.7374,e,57.5,-12.5,37.0,False
68,0,801,2.5,200,1,1,Restricted,37.0,37.0,1509,cool,2016-02-25 09:04:00,1.3555,e,57.5,-12.5,37.0,False
54,0,951,2.5,200,0,0,Restricted,37.0,37.0,1509,cool,2016-02-23 08:07:00,1.6455,e,57.5,-12.5,37.0,False
24,0,601,2.5,200,0,0,Restricted,37.0,37.0,1509,cool,2015-11-24 08:48:00,2.0138,e,57.5,-12.5,37.0,False
67,0,801,2.5,200,0,0,Restricted,37.0,37.0,1509,cool,2016-01-27 08:22:00,1.3749,e,57.5,-12.5,37.0,False
60,0,801,2.5,200,0,1,Restricted,37.0,37.0,1509,cool,2016-01-27 08:22:00,1.1496,u,57.5,-12.5,37.0,False
14,0,651,2.5,200,0,1,Restricted,37.0,37.0,1509,cool,2016-02-26 08:53:00,1.3091,u,57.5,-12.5,37.0,False
18,0,651,2.5,200,0,1,Restricted,37.0,37.0,1509,cool,2015-11-24 08:48:00,2.5093,u,57.5,-12.5,37.0,False
14,0,651,2.5,200,0,1,Restricted,37.0,37.0,1509,cool,2016-02-26 08:53:00,1.3091,u,57.5,-12.5,37.0,False
59,0,501,2.5,200,1,0,Restricted,37.0,37.0,1509,cool,2015-11-24 08:48:00,1.7193,u,57.5,-12.5,37.0,False
7,0,751,2.5,200,1,0,Restricted,37.0,37.0,1509,cool,2016-02-24 08:31:00,1.2039,u,57.5,-12.5,37.0,False
89,0,951,2.5,200,1,0,Restricted,37.0,37.0,1509,cool,2016-02-25 09:04:00,3.2605,u,57.5,-12.5,37.0,False
18,0,651,2.5,200,0,1,Restricted,37.0,37.0,1509,cool,2015-11-24 08:48:00,2.5093,u,57.5,-12.5,37.0,False
7,0,751,2.5,200,1,0,Restricted,37.0,37.0,1509,cool,2016-02-24 08:31:00,1.2039,u,57.5,-12.5,37.0,False
21,0,651,2.5,200,0,1,Restricted,37.0,37.0,1509,cool,2016-01-29 08:29:00,1.1372,u,57.5,-12.5,37.0,False
94,0,801,2.5,200,0,1,Restricted,37.0,37.0,1509,cool,2016-01-27 08:22:00,1.1367,u,57.5,-12.5,37.0,False
59,0,501,2.5,200,1,0,Restricted,37.0,37.0,1509,cool,2015-11-24 08:48:00,1.7193,u,57.5,-12.5,37.0,False
21,0,651,2.5,200,0,1,Restricted,37.0,37.0,1509,cool,2016-01-29 08:29:00,1.1372,u,57.5,-12.5,37.0,False
89,0,951,2.5,200,1,0,Restricted,37.0,37.0,1509,cool,2016-02-25 09:04:00,3.2605,u,57.5,-12.5,37.0,False
20,0,801,-0.5,200,0,0,Restricted,37.0,37.0,1509,cool,2016-02-25 09:04:00,1.2638,e,60.5,-9.5,37.0,False
39,0,1001,-0.5,200,1,1,Restricted,37.0,37.0,1509,cool,2016-01-27 08:22:00,0.7632,e,60.5,-9.5,37.0,False
34,0,701,-0.5,200,0,0,Restricted,37.0,37.0,1509,cool,2016-02-24 08:31:00,0.9113,e,60.5,-9.5,37.0,False
23,0,701,-0.5,200,1,1,Restricted,37.0,37.0,1509,cool,2016-01-27 08:22:00,1.5041,e,60.5,-9.5,37.0,False
104,0,901,-0.5,200,1,1,Restricted,37.0,37.0,1509,cool,2016-02-26 08:53:00,1.212,e,60.5,-9.5,37.0,False
68,0,1001,-0.5,200,1,1,Restricted,37.0,37.0,1509,cool,2016-02-23 08:07:00,1.2171,e,60.5,-9.5,37.0,False
68,0,1001,-0.5,200,1,1,Restricted,37.0,37.0,1509,cool,2016-02-23 08:07:00,1.2171,e,60.5,-9.5,37.0,False
83,1,951,-0.5,200,1,1,Restricted,37.0,37.0,1509,cool,2016-02-25 09:04:00,3.8469,e,60.5,-9.5,37.0,False
50,1,701,-0.5,200,0,0,Restricted,37.0,37.0,1509,cool,2016-02-24 08:31:00,4.7834,e,60.5,-9.5,37.0,False
83,1,951,-0.5,200,1,1,Restricted,37.0,37.0,1509,cool,2016-02-25 09:04:00,3.8469,e,60.5,-9.5,37.0,False
23,0,701,-0.5,200,1,1,Restricted,37.0,37.0,1509,cool,2016-01-27 08:22:00,1.5041,e,60.5,-9.5,37.0,False
67,0,851,-0.5,200,1,1,Restricted,37.0,37.0,1509,cool,2016-02-25 09:04:00,1.3781,e,60.5,-9.5,37.0,False
23,0,701,-0.5,200,1,1,Restricted,37.0,37.0,1509,cool,2016-01-27 08:22:00,1.5041,e,60.5,-9.5,37.0,False
20,0,801,-0.5,200,0,0,Restricted,37.0,37.0,1509,cool,2016-02-25 09:04:00,1.2638,e,60.5,-9.5,37.0,False
11,0,701,-0.5,200,0,1,Restricted,37.0,37.0,1509,cool,2016-02-24 08:31:00,1.1344,u,60.5,-9.5,37.0,False
11,0,701,-0.5,200,0,1,Restricted,37.0,37.0,1509,cool,2016-02-24 08:31:00,1.1344,u,60.5,-9.5,37.0,False
80,0,951,-0.5,200,0,1,Restricted,37.0,37.0,1509,cool,2016-02-23 08:07:00,0.9229,u,60.5,-9.5,37.0,False
48,0,651,-0.5,200,0,1,Restricted,37.0,37.0,1509,cool,2016-02-25 09:04:00,1.2937,u,60.5,-9.5,37.0,False
105,0,751,-0.5,200,0,1,Restricted,37.0,37.0,1509,cool,2016-02-25 09:04:00,1.0656,u,60.5,-9.5,37.0,False
11,0,701,-0.5,200,0,1,Restricted,37.0,37.0,1509,cool,2016-02-24 08:31:00,1.1344,u,60.5,-9.5,37.0,False
105,0,751,-0.5,200,0,1,Restricted,37.0,37.0,1509,cool,2016-02-25 09:04:00,1.0656,u,60.5,-9.5,37.0,False
28,0,951,-0.5,200,0,1,Restricted,37.0,37.0,1509,cool,2016-02-23 08:07:00,0.9669,u,60.5,-9.5,37.0,False
84,0,601,-0.5,200,1,0,Restricted,37.0,37.0,1509,cool,2016-02-26 08:53:00,1.444,u,60.5,-9.5,37.0,False
80,0,951,-0.5,200,0,1,Restricted,37.0,37.0,1509,cool,2016-02-23 08:07:00,0.9229,u,60.5,-9.5,37.0,False
105,0,551,-0.5,200,1,0,Restricted,37.0,37.0,1509,cool,2016-02-23 08:07:00,1.3798,u,60.5,-9.5,37.0,False
48,0,651,-0.5,200,0,1,Restricted,37.0,37.0,1509,cool,2016-02-25 09:04:00,1.2937,u,60.5,-9.5,37.0,False
28,0,951,-0.5,200,0,1,Restricted,37.0,37.0,1509,cool,2016-02-23 08:07:00,0.9669,u,60.5,-9.5,37.0,False
105,0,501,-0.5,200,1,0,Restricted,37.0,37.0,1509,cool,2016-02-24 08:31:00,1.2212,u,60.5,-9.5,37.0,False
29,0,1001,-3.5,200,0,0,Restricted,37.0,37.0,1509,cool,2015-11-24 08:48:00,1.0917,e,63.5,-6.5,37.0,False
77,0,851,-3.5,200,1,1,Restricted,37.0,37.0,1509,cool,2015-11-24 08:48:00,2.1891,e,63.5,-6.5,37.0,False
95,0,851,-3.5,200,1,1,Restricted,37.0,37.0,1509,cool,2015-11-24 08:48:00,2.1846,e,63.5,-6.5,37.0,False
4,0,901,-3.5,200,1,1,Restricted,37.0,37.0,1509,cool,2015-11-24 08:48:00,0.9351,e,63.5,-6.5,37.0,False
92,0,551,-3.5,200,1,1,Restricted,37.0,37.0,1509,cool,2015-11-24 08:48:00,1.7278,e,63.5,-6.5,37.0,False
92,0,551,-3.5,200,1,1,Restricted,37.0,37.0,1509,cool,2015-11-24 08:48:00,1.7278,e,63.5,-6.5,37.0,False
92,0,551,-3.5,200,1,1,Restricted,37.0,37.0,1509,cool,2015-11-24 08:48:00,1.7278,e,63.5,-6.5,37.0,False
29,0,1001,-3.5,200,0,0,Restricted,37.0,37.0,1509,cool,2015-11-24 08:48:00,1.0917,e,63.5,-6.5,37.0,False
4,0,901,-3.5,200,1,1,Restricted,37.0,37.0,1509,cool,2015-11-24 08:48:00,0.9351,e,63.5,-6.5,37.0,False
4,0,901,-3.5,200,1,1,Restricted,37.0,37.0,1509,cool,2015-11-24 08:48:00,0.9351,e,63.5,-6.5,37.0,False
92,0,551,-3.5,200,1,1,Restricted,37.0,37.0,1509,cool,2015-11-24 08:48:00,1.7278,e,63.5,-6.5,37.0,False
29,0,1001,-3.5,200,0,0,Restricted,37.0,37.0,1509,cool,2015-11-24 08:48:00,1.0917,e,63.5,-6.5,37.0,False
64,0,601,-3.5,200,1,1,Restricted,37.0,37.0,1509,cool,2015-11-24 08:48:00,2.0028,e,63.5,-6.5,37.0,False
95,0,851,-3.5,200,1,1,Restricted,37.0,37.0,1509,cool,2015-11-24 08:48:00,2.1846,e,63.5,-6.5,37.0,False
65,0,701,-3.5,200,0,1,Restricted,37.0,37.0,1509,cool,2015-11-24 08:48:00,0.6629,u,63.5,-6.5,37.0,False
40,0,601,-3.5,200,1,0,Restricted,37.0,37.0,1509,cool,2015-11-24 08:48:00,1.6802,u,63.5,-6.5,37.0,False
28,0,701,-3.5,200,0,1,Restricted,37.0,37.0,1509,cool,2015-11-24 08:48:00,1.822,u,63.5,-6.5,37.0,False
89,0,701,-3.5,200,0,1,Restricted,37.0,37.0,1509,cool,2015-11-24 08:48:00,2.2938,u,63.5,-6.5,37.0,False
40,0,601,-3.5,200,1,0,Restricted,37.0,37.0,1509,cool,2015-11-24 08:48:00,1.6802,u,63.5,-6.5,37.0,False
8,0,951,-3.5,200,0,1,Restricted,37.0,37.0,1509,cool,2015-11-24 08:48:00,1.0201,u,63.5,-6.5,37.0,False
40,0,601,-3.5,200,1,0,Restricted,37.0,37.0,1509,cool,2015-11-24 08:48:00,1.6802,u,63.5,-6.5,37.0,False
107,0,551,-3.5,200,1,0,Restricted,37.0,37.0,1509,cool,2015-11-24 08:48:00,7.8554,u,63.5,-6.5,37.0,False
8,0,951,-3.5,200,0,1,Restricted,37.0,37.0,1509,cool,2015-11-24 08:48:00,1.0201,u,63.5,-6.5,37.0,False
8,0,951,-3.5,200,0,1,Restricted,37.0,37.0,1509,cool,2015-11-24 08:48:00,1.0201,u,63.5,-6.5,37.0,False
40,0,601,-3.5,200,1,0,Restricted,37.0,37.0,1509,cool,2015-11-24 08:48:00,1.6802,u,63.5,-6.5,37.0,False
40,0,601,-3.5,200,1,0,Restricted,37.0,37.0,1509,cool,2015-11-24 08:48:00,1.6802,u,63.5,-6.5,37.0,False
65,0,701,-3.5,200,0,1,Restricted,37.0,37.0,1509,cool,2015-11-24 08:48:00,0.6629,u,63.5,-6.5,37.0,False
68,0,801,-3.5,200,1,0,Restricted,37.0,37.0,1509,cool,2015-11-24 08:48:00,3.796,u,63.5,-6.5,37.0,False
38,0,501,-9.5,200,1,1,Restricted,37.0,37.0,1509,cool,2015-11-24 08:48:00,1.6995,e,69.5,-0.5,37.0,False
84,1,801,-9.5,200,1,1,Restricted,37.0,37.0,1509,cool,2015-11-24 08:48:00,1.4694,e,69.5,-0.5,37.0,False
38,0,501,-9.5,200,1,1,Restricted,37.0,37.0,1509,cool,2015-11-24 08:48:00,1.6995,e,69.5,-0.5,37.0,False
13,0,551,-9.5,200,1,1,Restricted,37.0,37.0,1509,cool,2015-11-24 08:48:00,3.9949,e,69.5,-0.5,37.0,False
38,0,501,-9.5,200,1,1,Restricted,37.0,37.0,1509,cool,2015-11-24 08:48:00,1.6995,e,69.5,-0.5,37.0,False
62,0,751,-9.5,200,0,0,Restricted,37.0,37.0,1509,cool,2015-11-24 08:48:00,1.1346,e,69.5,-0.5,37.0,False
32,0,601,-9.5,200,1,1,Restricted,37.0,37.0,1509,cool,2015-11-24 08:48:00,1.6932,e,69.5,-0.5,37.0,False
13,0,551,-9.5,200,1,1,Restricted,37.0,37.0,1509,cool,2015-11-24 08:48:00,3.9949,e,69.5,-0.5,37.0,False
100,0,701,-9.5,200,1,1,Restricted,37.0,37.0,1509,cool,2015-11-24 08:48:00,2.1366,e,69.5,-0.5,37.0,False
100,0,701,-9.5,200,1,1,Restricted,37.0,37.0,1509,cool,2015-11-24 08:48:00,2.1366,e,69.5,-0.5,37.0,False
38,0,501,-9.5,200,1,1,Restricted,37.0,37.0,1509,cool,2015-11-24 08:48:00,1.6995,e,69.5,-0.5,37.0,False
13,0,551,-9.5,200,1,1,Restricted,37.0,37.0,1509,cool,2015-11-24 08:48:00,3.9949,e,69.5,-0.5,37.0,False
71,0,801,-9.5,200,1,1,Restricted,37.0,37.0,1509,cool,2015-11-24 08:48:00,1.8156,e,69.5,-0.5,37.0,False
71,0,801,-9.5,200,1,1,Restricted,37.0,37.0,1509,cool,2015-11-24 08:48:00,1.8156,e,69.5,-0.5,37.0,False
17,0,801,-9.5,200,0,1,Restricted,37.0,37.0,1509,cool,2015-11-24 08:48:00,1.3929,u,69.5,-0.5,37.0,False
85,0,951,-9.5,200,0,1,Restricted,37.0,37.0,1509,cool,2015-11-24 08:48:00,2.0061,u,69.5,-0.5,37.0,False
42,0,651,-9.5,200,0,1,Restricted,37.0,37.0,1509,cool,2015-11-24 08:48:00,1.1484,u,69.5,-0.5,37.0,False
17,0,801,-9.5,200,0,1,Restricted,37.0,37.0,1509,cool,2015-11-24 08:48:00,1.3929,u,69.5,-0.5,37.0,False
12,1,601,-9.5,200,0,1,Restricted,37.0,37.0,1509,cool,2015-11-24 08:48:00,8.9599,u,69.5,-0.5,37.0,False
42,0,651,-9.5,200,0,1,Restricted,37.0,37.0,1509,cool,2015-11-24 08:48:00,1.1484,u,69.5,-0.5,37.0,False
17,0,801,-9.5,200,0,1,Restricted,37.0,37.0,1509,cool,2015-11-24 08:48:00,1.3929,u,69.5,-0.5,37.0,False
12,1,601,-9.5,200,0,1,Restricted,37.0,37.0,1509,cool,2015-11-24 08:48:00,8.9599,u,69.5,-0.5,37.0,False
66,1,851,-9.5,200,0,1,Restricted,37.0,37.0,1509,cool,2015-11-24 08:48:00,0.9301,u,69.5,-0.5,37.0,False
42,0,651,-9.5,200,0,1,Restricted,37.0,37.0,1509,cool,2015-11-24 08:48:00,1.1484,u,69.5,-0.5,37.0,False
98,0,501,-9.5,200,0,1,Restricted,37.0,37.0,1509,cool,2015-11-24 08:48:00,1.3333,u,69.5,-0.5,37.0,False
17,0,801,-9.5,200,0,1,Restricted,37.0,37.0,1509,cool,2015-11-24 08:48:00,1.3929,u,69.5,-0.5,37.0,False
98,0,501,-9.5,200,0,1,Restricted,37.0,37.0,1509,cool,2015-11-24 08:48:00,1.3333,u,69.5,-0.5,37.0,False
85,0,951,-9.5,200,0,1,Restricted,37.0,37.0,1509,cool,2015-11-24 08:48:00,2.0061,u,69.5,-0.5,37.0,False
63,0,951,8.5,200,1,1,Restricted,9.0,9.0,1509,cool,2016-02-23 16:44:00,1.3155,e,51.5,-18.5,9.0,True
51,0,701,8.5,200,1,1,Restricted,8.0,8.0,1509,cool,2016-02-25 16:18:00,1.2504,e,51.5,-18.5,8.0,True
29,0,851,8.5,200,1,1,Restricted,8.0,8.0,1509,cool,2016-02-25 16:18:00,1.4648,e,51.5,-18.5,8.0,True
62,0,701,8.5,200,1,1,Restricted,11.0,11.0,1509,cool,2016-01-27 16:43:00,1.4825,e,51.5,-18.5,11.0,True
34,0,851,8.5,200,1,1,Restricted,8.0,8.0,1509,cool,2016-02-24 16:20:00,1.4318,e,51.5,-18.5,8.0,True
62,0,701,8.5,200,1,1,Restricted,11.0,11.0,1509,cool,2016-01-27 16:43:00,1.4825,e,51.5,-18.5,11.0,True
29,0,851,8.5,200,1,1,Restricted,8.0,8.0,1509,cool,2016-02-25 16:18:00,1.4648,e,51.5,-18.5,8.0,True
51,0,701,8.5,200,1,1,Restricted,8.0,8.0,1509,cool,2016-02-25 16:18:00,1.2504,e,51.5,-18.5,8.0,True
69,0,751,8.5,200,1,1,Restricted,8.0,8.0,1509,cool,2016-02-26 17:03:00,1.9559,e,51.5,-18.5,8.0,True
62,0,701,8.5,200,1,1,Restricted,11.0,11.0,1509,cool,2016-01-27 16:43:00,1.4825,e,51.5,-18.5,11.0,True
24,0,601,8.5,200,0,0,Restricted,9.0,9.0,1509,cool,2016-02-23 16:44:00,1.3648,e,51.5,-18.5,9.0,True
5,0,551,8.5,200,1,1,Restricted,9.0,9.0,1509,cool,2016-02-26 17:03:00,1.6872,e,51.5,-18.5,9.0,True
90,1,701,8.5,200,0,0,Restricted,12.0,12.0,1509,cool,2016-01-29 16:29:00,6.0314,e,51.5,-18.5,12.0,True
5,0,551,8.5,200,1,1,Restricted,9.0,9.0,1509,cool,2016-02-26 17:03:00,1.6872,e,51.5,-18.5,9.0,True
42,0,751,8.5,200,1,0,Restricted,16.0,16.0,1509,cool,2016-01-29 16:29:00,1.7135,u,51.5,-18.5,16.0,True
94,0,701,8.5,200,1,0,Restricted,9.0,9.0,1509,cool,2016-02-23 16:44:00,1.7462,u,51.5,-18.5,9.0,True
94,0,701,8.5,200,1,0,Restricted,9.0,9.0,1509,cool,2016-02-23 16:44:00,1.7462,u,51.5,-18.5,9.0,True
1,0,1001,8.5,200,0,1,Restricted,18.0,18.0,1509,cool,2016-02-23 16:44:00,3.0758,u,51.5,-18.5,18.0,True
23,0,951,8.5,200,0,1,Restricted,8.0,8.0,1509,cool,2016-02-25 16:18:00,1.3894,u,51.5,-18.5,8.0,True
1,0,1001,8.5,200,0,1,Restricted,18.0,18.0,1509,cool,2016-02-23 16:44:00,3.0758,u,51.5,-18.5,18.0,True
1,0,1001,8.5,200,0,1,Restricted,18.0,18.0,1509,cool,2016-02-23 16:44:00,3.0758,u,51.5,-18.5,18.0,True
42,0,751,8.5,200,1,0,Restricted,16.0,16.0,1509,cool,2016-01-29 16:29:00,1.7135,u,51.5,-18.5,16.0,True
49,0,501,8.5,200,1,0,Restricted,12.0,12.0,1509,cool,2016-01-27 16:43:00,1.3255,u,51.5,-18.5,12.0,True
9,1,1001,8.5,200,0,1,Restricted,9.0,9.0,1509,cool,2016-02-24 16:20:00,1.5201,u,51.5,-18.5,9.0,True
93,0,601,8.5,200,0,1,Restricted,11.0,11.0,1509,cool,2016-01-29 16:29:00,1.417,u,51.5,-18.5,11.0,True
23,0,951,8.5,200,0,1,Restricted,8.0,8.0,1509,cool,2016-02-25 16:18:00,1.3894,u,51.5,-18.5,8.0,True
1,0,651,8.5,200,0,1,Restricted,10.0,10.0,1509,cool,2016-02-26 17:03:00,2.0765,u,51.5,-18.5,10.0,True
9,1,1001,8.5,200,0,1,Restricted,9.0,9.0,1509,cool,2016-02-24 16:20:00,1.5201,u,51.5,-18.5,9.0,True
41,0,551,5.5,200,1,1,Restricted,9.0,9.0,1509,cool,2016-02-23 16:44:00,1.6857,e,54.5,-15.5,9.0,True
80,1,951,5.5,200,1,1,Restricted,9.0,9.0,1509,cool,2016-02-23 16:44:00,4.9599,e,54.5,-15.5,9.0,True
28,0,801,5.5,200,1,1,Restricted,8.0,8.0,1509,cool,2016-02-24 16:20:00,1.5755,e,54.5,-15.5,8.0,True
41,0,1001,5.5,200,1,1,Restricted,16.0,16.0,1509,cool,2016-01-29 16:29:00,1.2476,e,54.5,-15.5,16.0,True
24,0,801,5.5,200,1,1,Restricted,19.4929199999809,19.4929199999809,1509,cool,2016-01-27 16:43:00,1.5634,e,54.5,-15.5,19.4929199999809,True
16,0,751,5.5,200,0,0,Restricted,8.0,8.0,1509,cool,2016-02-25 16:18:00,1.6384,e,54.5,-15.5,8.0,True
44,1,801,5.5,200,1,1,Restricted,13.0,13.0,1509,cool,2016-01-27 16:43:00,4.0193,e,54.5,-15.5,13.0,True
28,0,801,5.5,200,1,1,Restricted,8.0,8.0,1509,cool,2016-02-24 16:20:00,1.5755,e,54.5,-15.5,8.0,True
44,1,801,5.5,200,1,1,Restricted,13.0,13.0,1509,cool,2016-01-27 16:43:00,4.0193,e,54.5,-15.5,13.0,True
33,0,501,5.5,200,1,1,Restricted,9.0,9.0,1509,cool,2016-02-23 16:44:00,1.8355,e,54.5,-15.5,9.0,True
28,0,801,5.5,200,1,1,Restricted,8.0,8.0,1509,cool,2016-02-24 16:20:00,1.5755,e,54.5,-15.5,8.0,True
44,1,801,5.5,200,1,1,Restricted,13.0,13.0,1509,cool,2016-01-27 16:43:00,4.0193,e,54.5,-15.5,13.0,True
68,0,801,5.5,200,1,1,Restricted,8.0,8.0,1509,cool,2016-02-25 16:18:00,1.8737,e,54.5,-15.5,8.0,True
90,1,751,5.5,200,1,1,Restricted,8.0,8.0,1509,cool,2016-02-24 16:20:00,4.0734,e,54.5,-15.5,8.0,True
35,0,551,5.5,200,1,0,Restricted,8.0,8.0,1509,cool,2016-02-24 16:20:00,1.6039,u,54.5,-15.5,8.0,True
86,0,801,5.5,200,1,0,Restricted,12.0,12.0,1509,cool,2016-01-29 16:29:00,1.4591,u,54.5,-15.5,12.0,True
9,0,701,5.5,200,0,1,Restricted,12.0,12.0,1509,cool,2016-02-23 16:44:00,2.0572,u,54.5,-15.5,12.0,True
1,1,951,5.5,200,1,0,Restricted,12.0,12.0,1509,cool,2016-02-25 16:18:00,6.0678,u,54.5,-15.5,12.0,True
40,0,601,5.5,200,1,0,Restricted,8.0,8.0,1509,cool,2016-02-24 16:20:00,1.6521,u,54.5,-15.5,8.0,True
48,0,801,5.5,200,1,0,Restricted,15.0,15.0,1509,cool,2016-01-29 16:29:00,1.6753,u,54.5,-15.5,15.0,True
56,0,601,5.5,200,1,0,Restricted,11.0,11.0,1509,cool,2016-01-27 16:43:00,1.8101,u,54.5,-15.5,11.0,True
111,1,901,5.5,200,1,0,Restricted,9.0,9.0,1509,cool,2016-02-23 16:44:00,4.6727,u,54.5,-15.5,9.0,True
35,0,551,5.5,200,1,0,Restricted,8.0,8.0,1509,cool,2016-02-24 16:20:00,1.6039,u,54.5,-15.5,8.0,True
35,0,551,5.5,200,1,0,Restricted,8.0,8.0,1509,cool,2016-02-24 16:20:00,1.6039,u,54.5,-15.5,8.0,True
56,0,601,5.5,200,1,0,Restricted,11.0,11.0,1509,cool,2016-01-27 16:43:00,1.8101,u,54.5,-15.5,11.0,True
1,1,951,5.5,200,1,0,Restricted,12.0,12.0,1509,cool,2016-02-25 16:18:00,6.0678,u,54.5,-15.5,12.0,True
9,0,701,5.5,200,0,1,Restricted,12.0,12.0,1509,cool,2016-02-23 16:44:00,2.0572,u,54.5,-15.5,12.0,True
71,0,901,5.5,200,1,0,Restricted,9.0,9.0,1509,cool,2016-02-23 16:44:00,1.6471,u,54.5,-15.5,9.0,True
83,0,651,2.5,200,1,1,Restricted,13.0,13.0,1509,cool,2016-01-29 16:29:00,1.5725,e,57.5,-12.5,13.0,True
3,0,601,2.5,200,1,1,Restricted,10.0,10.0,1509,cool,2016-02-25 16:18:00,3.0602,e,57.5,-12.5,10.0,True
23,0,951,2.5,200,1,1,Restricted,9.0,9.0,1509,cool,2016-02-23 16:44:00,1.8742,e,57.5,-12.5,9.0,True
66,0,801,2.5,200,1,1,Restricted,8.0,7.14248000001907,1509,cool,2015-11-24 16:53:00,4.4505,e,57.5,-12.5,7.571240000009535,True
45,1,601,2.5,200,1,1,Restricted,8.0,8.0,1509,cool,2016-02-24 16:20:00,4.772,e,57.5,-12.5,8.0,True
93,0,951,2.5,200,1,1,Restricted,8.0,8.0,1509,cool,2016-02-24 16:20:00,1.7059,e,57.5,-12.5,8.0,True
64,0,601,2.5,200,1,1,Restricted,8.0,8.0,1509,cool,2016-02-25 16:18:00,2.0068,e,57.5,-12.5,8.0,True
23,0,951,2.5,200,1,1,Restricted,9.0,9.0,1509,cool,2016-02-23 16:44:00,1.8742,e,57.5,-12.5,9.0,True
45,1,601,2.5,200,1,1,Restricted,8.0,8.0,1509,cool,2016-02-24 16:20:00,4.772,e,57.5,-12.5,8.0,True
64,0,601,2.5,200,1,1,Restricted,8.0,8.0,1509,cool,2016-02-25 16:18:00,2.0068,e,57.5,-12.5,8.0,True
83,0,651,2.5,200,1,1,Restricted,13.0,13.0,1509,cool,2016-01-29 16:29:00,1.5725,e,57.5,-12.5,13.0,True
36,0,851,2.5,200,1,1,Restricted,16.0,16.0,1509,cool,2016-01-29 16:29:00,1.5908,e,57.5,-12.5,16.0,True
36,0,851,2.5,200,1,1,Restricted,16.0,16.0,1509,cool,2016-01-29 16:29:00,1.5908,e,57.5,-12.5,16.0,True
84,0,501,2.5,200,1,1,Restricted,10.0,10.0,1509,cool,2016-01-27 16:43:00,2.0902,e,57.5,-12.5,10.0,True
38,1,751,2.5,200,1,0,Restricted,8.0,8.0,1509,cool,2016-02-25 16:18:00,4.3771,u,57.5,-12.5,8.0,True
10,0,751,2.5,200,1,0,Restricted,8.0,8.0,1509,cool,2016-02-26 17:03:00,1.5762,u,57.5,-12.5,8.0,True
51,0,501,2.5,200,1,0,Restricted,12.0,12.0,1509,cool,2016-01-27 16:43:00,1.5884,u,57.5,-12.5,12.0,True
38,1,851,2.5,200,1,0,Restricted,8.0,8.0,1509,cool,2016-02-26 17:03:00,6.4232,u,57.5,-12.5,8.0,True
74,0,801,2.5,200,1,0,Restricted,8.0,8.0,1509,cool,2016-02-26 17:03:00,1.5038,u,57.5,-12.5,8.0,True
51,0,501,2.5,200,1,0,Restricted,12.0,12.0,1509,cool,2016-01-27 16:43:00,1.5884,u,57.5,-12.5,12.0,True
38,1,751,2.5,200,1,0,Restricted,8.0,8.0,1509,cool,2016-02-25 16:18:00,4.3771,u,57.5,-12.5,8.0,True
46,0,701,2.5,200,1,0,Restricted,8.0,8.0,1509,cool,2016-02-24 16:20:00,1.6094,u,57.5,-12.5,8.0,True
67,0,751,2.5,200,0,1,Restricted,14.0,14.0,1509,cool,2016-01-29 16:29:00,1.2969,u,57.5,-12.5,14.0,True
58,0,851,2.5,200,1,0,Restricted,9.0,9.0,1509,cool,2016-02-23 16:44:00,1.513,u,57.5,-12.5,9.0,True
46,0,701,2.5,200,1,0,Restricted,8.0,8.0,1509,cool,2016-02-24 16:20:00,1.6094,u,57.5,-12.5,8.0,True
77,0,601,2.5,200,1,0,Restricted,8.0,7.0,1509,cool,2015-11-24 16:53:00,1.2007,u,57.5,-12.5,7.5,True
23,0,751,2.5,200,1,0,Restricted,18.0,18.0,1509,cool,2016-01-29 16:29:00,1.6106,u,57.5,-12.5,18.0,True
38,1,851,2.5,200,1,0,Restricted,8.0,8.0,1509,cool,2016-02-26 17:03:00,6.4232,u,57.5,-12.5,8.0,True
32,1,951,-0.5,200,1,1,Restricted,8.0,8.0,1509,cool,2016-02-25 16:18:00,0.7919,e,60.5,-9.5,8.0,True
77,0,551,-0.5,200,1,1,Restricted,8.0,8.0,1509,cool,2016-02-24 16:20:00,2.5336,e,60.5,-9.5,8.0,True
69,0,601,-0.5,200,1,1,Restricted,9.0,9.0,1509,cool,2016-02-23 16:44:00,2.0171,e,60.5,-9.5,9.0,True
68,0,551,-0.5,200,1,1,Restricted,8.0,8.0,1509,cool,2016-02-26 17:03:00,2.5594,e,60.5,-9.5,8.0,True
25,0,851,-0.5,200,1,1,Restricted,19.0,19.0,1509,cool,2016-01-27 16:43:00,1.6036,e,60.5,-9.5,19.0,True
69,0,601,-0.5,200,1,1,Restricted,9.0,9.0,1509,cool,2016-02-23 16:44:00,2.0171,e,60.5,-9.5,9.0,True
25,0,851,-0.5,200,1,1,Restricted,19.0,19.0,1509,cool,2016-01-27 16:43:00,1.6036,e,60.5,-9.5,19.0,True
26,0,1001,-0.5,200,1,1,Restricted,8.0,8.0,1509,cool,2016-02-26 17:03:00,1.4762,e,60.5,-9.5,8.0,True
47,0,551,-0.5,200,1,1,Restricted,12.0,12.0,1509,cool,2016-01-27 16:43:00,1.5497,e,60.5,-9.5,12.0,True
55,0,651,-0.5,200,1,1,Restricted,8.0,8.0,1509,cool,2016-02-24 16:20:00,1.5481,e,60.5,-9.5,8.0,True
96,0,1001,-0.5,200,1,1,Restricted,9.0,9.0,1509,cool,2016-02-23 16:44:00,1.3906,e,60.5,-9.5,9.0,True
69,0,601,-0.5,200,1,1,Restricted,9.0,9.0,1509,cool,2016-02-23 16:44:00,2.0171,e,60.5,-9.5,9.0,True
32,1,951,-0.5,200,1,1,Restricted,8.0,8.0,1509,cool,2016-02-25 16:18:00,0.7919,e,60.5,-9.5,8.0,True
96,0,1001,-0.5,200,1,1,Restricted,9.0,9.0,1509,cool,2016-02-23 16:44:00,1.3906,e,60.5,-9.5,9.0,True
56,0,801,-0.5,200,1,0,Restricted,8.0,8.0,1509,cool,2016-02-24 16:20:00,1.4755,u,60.5,-9.5,8.0,True
84,0,951,-0.5,200,0,1,Restricted,8.0,8.0,1509,cool,2016-02-26 17:03:00,1.2305,u,60.5,-9.5,8.0,True
36,0,751,-0.5,200,0,1,Restricted,9.0,9.0,1509,cool,2016-02-23 16:44:00,1.1811,u,60.5,-9.5,9.0,True
84,0,951,-0.5,200,0,1,Restricted,8.0,8.0,1509,cool,2016-02-26 17:03:00,1.2305,u,60.5,-9.5,8.0,True
91,1,951,-0.5,200,1,0,Restricted,8.0,8.0,1509,cool,2016-02-24 16:20:00,4.8958,u,60.5,-9.5,8.0,True
2,0,951,-0.5,200,0,1,Restricted,9.21973999996185,9.21973999996185,1509,cool,2016-02-26 17:03:00,1.3647,u,60.5,-9.5,9.21973999996185,True
3,0,801,-0.5,200,1,0,Restricted,11.0,11.0,1509,cool,2016-02-24 16:20:00,1.3682,u,60.5,-9.5,11.0,True
103,1,501,-0.5,200,1,0,Restricted,8.0,8.0,1509,cool,2016-02-23 16:44:00,4.0339,u,60.5,-9.5,8.0,True
84,0,951,-0.5,200,0,1,Restricted,8.0,8.0,1509,cool,2016-02-26 17:03:00,1.2305,u,60.5,-9.5,8.0,True
41,0,951,-0.5,200,0,1,Restricted,8.0,8.0,1509,cool,2016-02-25 16:18:00,1.7055,u,60.5,-9.5,8.0,True
84,0,951,-0.5,200,0,1,Restricted,8.0,8.0,1509,cool,2016-02-26 17:03:00,1.2305,u,60.5,-9.5,8.0,True
103,1,501,-0.5,200,1,0,Restricted,8.0,8.0,1509,cool,2016-02-23 16:44:00,4.0339,u,60.5,-9.5,8.0,True
41,0,951,-0.5,200,0,1,Restricted,8.0,8.0,1509,cool,2016-02-25 16:18:00,1.7055,u,60.5,-9.5,8.0,True
2,0,951,-0.5,200,0,1,Restricted,9.21973999996185,9.21973999996185,1509,cool,2016-02-26 17:03:00,1.3647,u,60.5,-9.5,9.21973999996185,True
111,0,551,-3.5,200,1,1,Restricted,9.0,8.0,1509,cool,2015-11-24 16:53:00,0.5972,e,63.5,-6.5,8.5,True
42,0,901,-3.5,200,1,1,Restricted,9.0,9.0,1509,cool,2015-11-24 16:53:00,4.092,e,63.5,-6.5,9.0,True
42,0,901,-3.5,200,1,1,Restricted,9.0,9.0,1509,cool,2015-11-24 16:53:00,4.092,e,63.5,-6.5,9.0,True
84,0,501,-3.5,200,1,1,Restricted,8.0,8.0,1509,cool,2015-11-24 16:53:00,2.2018,e,63.5,-6.5,8.0,True
84,0,501,-3.5,200,1,1,Restricted,8.0,8.0,1509,cool,2015-11-24 16:53:00,2.2018,e,63.5,-6.5,8.0,True
42,0,901,-3.5,200,1,1,Restricted,9.0,9.0,1509,cool,2015-11-24 16:53:00,4.092,e,63.5,-6.5,9.0,True
111,0,551,-3.5,200,1,1,Restricted,9.0,8.0,1509,cool,2015-11-24 16:53:00,0.5972,e,63.5,-6.5,8.5,True
111,0,551,-3.5,200,1,1,Restricted,9.0,8.0,1509,cool,2015-11-24 16:53:00,0.5972,e,63.5,-6.5,8.5,True
111,0,551,-3.5,200,1,1,Restricted,9.0,8.0,1509,cool,2015-11-24 16:53:00,0.5972,e,63.5,-6.5,8.5,True
42,0,901,-3.5,200,1,1,Restricted,9.0,9.0,1509,cool,2015-11-24 16:53:00,4.092,e,63.5,-6.5,9.0,True
42,0,901,-3.5,200,1,1,Restricted,9.0,9.0,1509,cool,2015-11-24 16:53:00,4.092,e,63.5,-6.5,9.0,True
84,0,501,-3.5,200,1,1,Restricted,8.0,8.0,1509,cool,2015-11-24 16:53:00,2.2018,e,63.5,-6.5,8.0,True
42,0,901,-3.5,200,1,1,Restricted,9.0,9.0,1509,cool,2015-11-24 16:53:00,4.092,e,63.5,-6.5,9.0,True
111,0,551,-3.5,200,1,1,Restricted,9.0,8.0,1509,cool,2015-11-24 16:53:00,0.5972,e,63.5,-6.5,8.5,True
33,0,501,-3.5,200,1,0,Restricted,11.0,10.0,1509,cool,2015-11-24 16:53:00,1.762,u,63.5,-6.5,10.5,True
33,0,501,-3.5,200,1,0,Restricted,11.0,10.0,1509,cool,2015-11-24 16:53:00,1.762,u,63.5,-6.5,10.5,True
110,0,751,-3.5,200,0,1,Restricted,9.0,8.0,1509,cool,2015-11-24 16:53:00,1.7629,u,63.5,-6.5,8.5,True
110,0,751,-3.5,200,0,1,Restricted,9.0,8.0,1509,cool,2015-11-24 16:53:00,1.7629,u,63.5,-6.5,8.5,True
110,0,751,-3.5,200,0,1,Restricted,9.0,8.0,1509,cool,2015-11-24 16:53:00,1.7629,u,63.5,-6.5,8.5,True
110,0,751,-3.5,200,0,1,Restricted,9.0,8.0,1509,cool,2015-11-24 16:53:00,1.7629,u,63.5,-6.5,8.5,True
110,0,751,-3.5,200,0,1,Restricted,9.0,8.0,1509,cool,2015-11-24 16:53:00,1.7629,u,63.5,-6.5,8.5,True
33,0,501,-3.5,200,1,0,Restricted,11.0,10.0,1509,cool,2015-11-24 16:53:00,1.762,u,63.5,-6.5,10.5,True
110,0,751,-3.5,200,0,1,Restricted,9.0,8.0,1509,cool,2015-11-24 16:53:00,1.7629,u,63.5,-6.5,8.5,True
110,0,751,-3.5,200,0,1,Restricted,9.0,8.0,1509,cool,2015-11-24 16:53:00,1.7629,u,63.5,-6.5,8.5,True
110,0,751,-3.5,200,0,1,Restricted,9.0,8.0,1509,cool,2015-11-24 16:53:00,1.7629,u,63.5,-6.5,8.5,True
83,0,901,-3.5,200,0,1,Restricted,8.0,8.0,1509,cool,2015-11-24 16:53:00,0.9227,u,63.5,-6.5,8.0,True
83,0,901,-3.5,200,0,1,Restricted,8.0,8.0,1509,cool,2015-11-24 16:53:00,0.9227,u,63.5,-6.5,8.0,True
83,0,901,-3.5,200,0,1,Restricted,8.0,8.0,1509,cool,2015-11-24 16:53:00,0.9227,u,63.5,-6.5,8.0,True
50,0,501,-9.5,200,0,0,Restricted,9.0,8.0,1509,cool,2015-11-24 16:53:00,2.218,e,69.5,-0.5,8.5,True
43,0,701,-9.5,200,0,0,Restricted,9.0,9.0,1509,cool,2015-11-24 16:53:00,1.5977,e,69.5,-0.5,9.0,True
50,0,501,-9.5,200,0,0,Restricted,9.0,8.0,1509,cool,2015-11-24 16:53:00,2.218,e,69.5,-0.5,8.5,True
50,0,501,-9.5,200,0,0,Restricted,9.0,8.0,1509,cool,2015-11-24 16:53:00,2.218,e,69.5,-0.5,8.5,True
43,0,701,-9.5,200,0,0,Restricted,9.0,9.0,1509,cool,2015-11-24 16:53:00,1.5977,e,69.5,-0.5,9.0,True
43,0,701,-9.5,200,0,0,Restricted,9.0,9.0,1509,cool,2015-11-24 16:53:00,1.5977,e,69.5,-0.5,9.0,True
50,0,501,-9.5,200,0,0,Restricted,9.0,8.0,1509,cool,2015-11-24 16:53:00,2.218,e,69.5,-0.5,8.5,True
43,0,701,-9.5,200,0,0,Restricted,9.0,9.0,1509,cool,2015-11-24 16:53:00,1.5977,e,69.5,-0.5,9.0,True
43,0,701,-9.5,200,0,0,Restricted,9.0,9.0,1509,cool,2015-11-24 16:53:00,1.5977,e,69.5,-0.5,9.0,True
43,0,701,-9.5,200,0,0,Restricted,9.0,9.0,1509,cool,2015-11-24 16:53:00,1.5977,e,69.5,-0.5,9.0,True
43,0,701,-9.5,200,0,0,Restricted,9.0,9.0,1509,cool,2015-11-24 16:53:00,1.5977,e,69.5,-0.5,9.0,True
43,0,701,-9.5,200,0,0,Restricted,9.0,9.0,1509,cool,2015-11-24 16:53:00,1.5977,e,69.5,-0.5,9.0,True
50,0,501,-9.5,200,0,0,Restricted,9.0,8.0,1509,cool,2015-11-24 16:53:00,2.218,e,69.5,-0.5,8.5,True
50,0,501,-9.5,200,0,0,Restricted,9.0,8.0,1509,cool,2015-11-24 16:53:00,2.218,e,69.5,-0.5,8.5,True
99,0,701,-9.5,200,0,1,Restricted,9.0,8.0,1509,cool,2015-11-24 16:53:00,0.6979,u,69.5,-0.5,8.5,True
99,0,701,-9.5,200,0,1,Restricted,9.0,8.0,1509,cool,2015-11-24 16:53:00,0.6979,u,69.5,-0.5,8.5,True
27,0,801,-9.5,200,1,0,Restricted,13.0,12.0,1509,cool,2015-11-24 16:53:00,1.9243,u,69.5,-0.5,12.5,True
62,0,851,-9.5,200,0,1,Restricted,9.0,8.0,1509,cool,2015-11-24 16:53:00,1.3307,u,69.5,-0.5,8.5,True
62,0,851,-9.5,200,0,1,Restricted,9.0,8.0,1509,cool,2015-11-24 16:53:00,1.3307,u,69.5,-0.5,8.5,True
27,0,801,-9.5,200,1,0,Restricted,13.0,12.0,1509,cool,2015-11-24 16:53:00,1.9243,u,69.5,-0.5,12.5,True
62,0,851,-9.5,200,0,1,Restricted,9.0,8.0,1509,cool,2015-11-24 16:53:00,1.3307,u,69.5,-0.5,8.5,True
99,0,701,-9.5,200,0,1,Restricted,9.0,8.0,1509,cool,2015-11-24 16:53:00,0.6979,u,69.5,-0.5,8.5,True
27,0,801,-9.5,200,1,0,Restricted,13.0,12.0,1509,cool,2015-11-24 16:53:00,1.9243,u,69.5,-0.5,12.5,True
27,0,801,-9.5,200,1,0,Restricted,13.0,12.0,1509,cool,2015-11-24 16:53:00,1.9243,u,69.5,-0.5,12.5,True
62,0,851,-9.5,200,0,1,Restricted,9.0,8.0,1509,cool,2015-11-24 16:53:00,1.3307,u,69.5,-0.5,8.5,True
62,0,851,-9.5,200,0,1,Restricted,9.0,8.0,1509,cool,2015-11-24 16:53:00,1.3307,u,69.5,-0.5,8.5,True
99,0,701,-9.5,200,0,1,Restricted,9.0,8.0,1509,cool,2015-11-24 16:53:00,0.6979,u,69.5,-0.5,8.5,True
99,0,701,-9.5,200,0,1,Restricted,9.0,8.0,1509,cool,2015-11-24 16:53:00,0.6979,u,69.5,-0.5,8.5,True
