Mask,treatment,nTrials,nCorrect,pCorrect,iteration
Restricted,False,182,133,73.07692307692307,0
Restricted,True,182,114,62.637362637362635,0
Restricted,False,182,145,79.67032967032966,1
Restricted,True,182,124,68.13186813186813,1
Restricted,False,182,144,79.12087912087912,2
Restricted,True,182,124,68.13186813186813,2
Restricted,False,182,138,75.82417582417582,3
Restricted,True,182,116,63.73626373626373,3
Restricted,False,182,145,79.67032967032966,4
Restricted,True,182,120,65.93406593406593,4
Restricted,False,182,139,76.37362637362637,5
Restricted,True,182,124,68.13186813186813,5
Restricted,False,182,139,76.37362637362637,6
Restricted,True,182,129,70.87912087912088,6
Restricted,False,182,148,81.31868131868131,7
Restricted,True,182,119,65.38461538461539,7
Restricted,False,182,149,81.86813186813187,8
Restricted,True,182,122,67.03296703296702,8
Restricted,False,182,145,79.67032967032966,9
Restricted,True,182,118,64.83516483516483,9
Restricted,False,182,144,79.12087912087912,10
Restricted,True,182,118,64.83516483516483,10
Restricted,False,182,138,75.82417582417582,11
Restricted,True,182,119,65.38461538461539,11
Restricted,False,182,134,73.62637362637363,12
Restricted,True,182,122,67.03296703296702,12
Restricted,False,182,139,76.37362637362637,13
Restricted,True,182,121,66.48351648351648,13
Restricted,False,182,139,76.37362637362637,14
Restricted,True,182,128,70.32967032967034,14
Restricted,False,182,143,78.57142857142857,15
Restricted,True,182,124,68.13186813186813,15
Restricted,False,182,141,77.47252747252747,16
Restricted,True,182,117,64.28571428571429,16
Restricted,False,182,145,79.67032967032966,17
Restricted,True,182,120,65.93406593406593,17
Restricted,False,182,141,77.47252747252747,18
Restricted,True,182,109,59.89010989010989,18
Restricted,False,182,138,75.82417582417582,19
Restricted,True,182,122,67.03296703296702,19
Restricted,False,182,142,78.02197802197803,20
Restricted,True,182,116,63.73626373626373,20
Restricted,False,182,142,78.02197802197803,21
Restricted,True,182,113,62.08791208791209,21
Restricted,False,182,132,72.52747252747253,22
Restricted,True,182,127,69.78021978021978,22
Restricted,False,182,148,81.31868131868131,23
Restricted,True,182,109,59.89010989010989,23
Restricted,False,182,144,79.12087912087912,24
Restricted,True,182,126,69.23076923076923,24
Restricted,False,182,136,74.72527472527473,25
Restricted,True,182,127,69.78021978021978,25
Restricted,False,182,139,76.37362637362637,26
Restricted,True,182,117,64.28571428571429,26
Restricted,False,182,137,75.27472527472527,27
Restricted,True,182,121,66.48351648351648,27
Restricted,False,182,150,82.41758241758241,28
Restricted,True,182,112,61.53846153846154,28
Restricted,False,182,140,76.92307692307693,29
Restricted,True,182,116,63.73626373626373,29
Restricted,False,182,153,84.06593406593407,30
Restricted,True,182,118,64.83516483516483,30
Restricted,False,182,148,81.31868131868131,31
Restricted,True,182,116,63.73626373626373,31
Restricted,False,182,143,78.57142857142857,32
Restricted,True,182,121,66.48351648351648,32
Restricted,False,182,136,74.72527472527473,33
Restricted,True,182,126,69.23076923076923,33
Restricted,False,182,148,81.31868131868131,34
Restricted,True,182,123,67.58241758241759,34
Restricted,False,182,144,79.12087912087912,35
Restricted,True,182,129,70.87912087912088,35
Restricted,False,182,129,70.87912087912088,36
Restricted,True,182,110,60.43956043956044,36
Restricted,False,182,146,80.21978021978022,37
Restricted,True,182,125,68.68131868131869,37
Restricted,False,182,145,79.67032967032966,38
Restricted,True,182,114,62.637362637362635,38
Restricted,False,182,148,81.31868131868131,39
Restricted,True,182,121,66.48351648351648,39
Restricted,False,182,142,78.02197802197803,40
Restricted,True,182,120,65.93406593406593,40
Restricted,False,182,141,77.47252747252747,41
Restricted,True,182,119,65.38461538461539,41
Restricted,False,182,149,81.86813186813187,42
Restricted,True,182,118,64.83516483516483,42
Restricted,False,182,143,78.57142857142857,43
Restricted,True,182,115,63.18681318681318,43
Restricted,False,182,137,75.27472527472527,44
Restricted,True,182,124,68.13186813186813,44
Restricted,False,182,138,75.82417582417582,45
Restricted,True,182,119,65.38461538461539,45
Restricted,False,182,150,82.41758241758241,46
Restricted,True,182,125,68.68131868131869,46
Restricted,False,182,136,74.72527472527473,47
Restricted,True,182,117,64.28571428571429,47
Restricted,False,182,144,79.12087912087912,48
Restricted,True,182,115,63.18681318681318,48
Restricted,False,182,143,78.57142857142857,49
Restricted,True,182,118,64.83516483516483,49
Restricted,False,182,135,74.17582417582418,50
Restricted,True,182,116,63.73626373626373,50
Restricted,False,182,148,81.31868131868131,51
Restricted,True,182,113,62.08791208791209,51
Restricted,False,182,148,81.31868131868131,52
Restricted,True,182,122,67.03296703296702,52
Restricted,False,182,142,78.02197802197803,53
Restricted,True,182,120,65.93406593406593,53
Restricted,False,182,140,76.92307692307693,54
Restricted,True,182,118,64.83516483516483,54
Restricted,False,182,138,75.82417582417582,55
Restricted,True,182,121,66.48351648351648,55
Restricted,False,182,132,72.52747252747253,56
Restricted,True,182,116,63.73626373626373,56
Restricted,False,182,141,77.47252747252747,57
Restricted,True,182,108,59.34065934065934,57
Restricted,False,182,142,78.02197802197803,58
Restricted,True,182,128,70.32967032967034,58
Restricted,False,182,138,75.82417582417582,59
Restricted,True,182,107,58.791208791208796,59
Restricted,False,182,142,78.02197802197803,60
Restricted,True,182,119,65.38461538461539,60
Restricted,False,182,136,74.72527472527473,61
Restricted,True,182,118,64.83516483516483,61
Restricted,False,182,148,81.31868131868131,62
Restricted,True,182,107,58.791208791208796,62
Restricted,False,182,134,73.62637362637363,63
Restricted,True,182,117,64.28571428571429,63
Restricted,False,182,142,78.02197802197803,64
Restricted,True,182,113,62.08791208791209,64
Restricted,False,182,154,84.61538461538461,65
Restricted,True,182,127,69.78021978021978,65
Restricted,False,182,137,75.27472527472527,66
Restricted,True,182,120,65.93406593406593,66
Restricted,False,182,145,79.67032967032966,67
Restricted,True,182,117,64.28571428571429,67
Restricted,False,182,141,77.47252747252747,68
Restricted,True,182,109,59.89010989010989,68
Restricted,False,182,135,74.17582417582418,69
Restricted,True,182,125,68.68131868131869,69
Restricted,False,182,145,79.67032967032966,70
Restricted,True,182,135,74.17582417582418,70
Restricted,False,182,140,76.92307692307693,71
Restricted,True,182,120,65.93406593406593,71
Restricted,False,182,143,78.57142857142857,72
Restricted,True,182,118,64.83516483516483,72
Restricted,False,182,142,78.02197802197803,73
Restricted,True,182,114,62.637362637362635,73
Restricted,False,182,138,75.82417582417582,74
Restricted,True,182,117,64.28571428571429,74
Restricted,False,182,134,73.62637362637363,75
Restricted,True,182,132,72.52747252747253,75
Restricted,False,182,140,76.92307692307693,76
Restricted,True,182,127,69.78021978021978,76
Restricted,False,182,147,80.76923076923077,77
Restricted,True,182,124,68.13186813186813,77
Restricted,False,182,138,75.82417582417582,78
Restricted,True,182,125,68.68131868131869,78
Restricted,False,182,148,81.31868131868131,79
Restricted,True,182,120,65.93406593406593,79
Restricted,False,182,137,75.27472527472527,80
Restricted,True,182,119,65.38461538461539,80
Restricted,False,182,136,74.72527472527473,81
Restricted,True,182,120,65.93406593406593,81
Restricted,False,182,146,80.21978021978022,82
Restricted,True,182,126,69.23076923076923,82
Restricted,False,182,144,79.12087912087912,83
Restricted,True,182,115,63.18681318681318,83
Restricted,False,182,143,78.57142857142857,84
Restricted,True,182,117,64.28571428571429,84
Restricted,False,182,142,78.02197802197803,85
Restricted,True,182,118,64.83516483516483,85
Restricted,False,182,138,75.82417582417582,86
Restricted,True,182,104,57.14285714285714,86
Restricted,False,182,138,75.82417582417582,87
Restricted,True,182,113,62.08791208791209,87
Restricted,False,182,140,76.92307692307693,88
Restricted,True,182,128,70.32967032967034,88
Restricted,False,182,140,76.92307692307693,89
Restricted,True,182,114,62.637362637362635,89
Restricted,False,182,140,76.92307692307693,90
Restricted,True,182,113,62.08791208791209,90
Restricted,False,182,146,80.21978021978022,91
Restricted,True,182,118,64.83516483516483,91
Restricted,False,182,145,79.67032967032966,92
Restricted,True,182,113,62.08791208791209,92
Restricted,False,182,141,77.47252747252747,93
Restricted,True,182,116,63.73626373626373,93
Restricted,False,182,141,77.47252747252747,94
Restricted,True,182,119,65.38461538461539,94
Restricted,False,182,145,79.67032967032966,95
Restricted,True,182,112,61.53846153846154,95
Restricted,False,182,144,79.12087912087912,96
Restricted,True,182,124,68.13186813186813,96
Restricted,False,182,136,74.72527472527473,97
Restricted,True,182,122,67.03296703296702,97
Restricted,False,182,144,79.12087912087912,98
Restricted,True,182,124,68.13186813186813,98
Restricted,False,182,146,80.21978021978022,99
Restricted,True,182,110,60.43956043956044,99
Restricted,False,182,146,80.21978021978022,100
Restricted,True,182,123,67.58241758241759,100
Restricted,False,182,137,75.27472527472527,101
Restricted,True,182,125,68.68131868131869,101
Restricted,False,182,139,76.37362637362637,102
Restricted,True,182,128,70.32967032967034,102
Restricted,False,182,142,78.02197802197803,103
Restricted,True,182,122,67.03296703296702,103
Restricted,False,182,137,75.27472527472527,104
Restricted,True,182,109,59.89010989010989,104
Restricted,False,182,144,79.12087912087912,105
Restricted,True,182,125,68.68131868131869,105
Restricted,False,182,142,78.02197802197803,106
Restricted,True,182,128,70.32967032967034,106
Restricted,False,182,143,78.57142857142857,107
Restricted,True,182,121,66.48351648351648,107
Restricted,False,182,144,79.12087912087912,108
Restricted,True,182,119,65.38461538461539,108
Restricted,False,182,145,79.67032967032966,109
Restricted,True,182,132,72.52747252747253,109
Restricted,False,182,142,78.02197802197803,110
Restricted,True,182,111,60.98901098901099,110
Restricted,False,182,147,80.76923076923077,111
Restricted,True,182,129,70.87912087912088,111
Restricted,False,182,143,78.57142857142857,112
Restricted,True,182,124,68.13186813186813,112
Restricted,False,182,144,79.12087912087912,113
Restricted,True,182,121,66.48351648351648,113
Restricted,False,182,145,79.67032967032966,114
Restricted,True,182,118,64.83516483516483,114
Restricted,False,182,143,78.57142857142857,115
Restricted,True,182,115,63.18681318681318,115
Restricted,False,182,142,78.02197802197803,116
Restricted,True,182,122,67.03296703296702,116
Restricted,False,182,147,80.76923076923077,117
Restricted,True,182,122,67.03296703296702,117
Restricted,False,182,137,75.27472527472527,118
Restricted,True,182,111,60.98901098901099,118
Restricted,False,182,137,75.27472527472527,119
Restricted,True,182,126,69.23076923076923,119
Restricted,False,182,142,78.02197802197803,120
Restricted,True,182,127,69.78021978021978,120
Restricted,False,182,140,76.92307692307693,121
Restricted,True,182,125,68.68131868131869,121
Restricted,False,182,131,71.97802197802197,122
Restricted,True,182,125,68.68131868131869,122
Restricted,False,182,140,76.92307692307693,123
Restricted,True,182,121,66.48351648351648,123
Restricted,False,182,154,84.61538461538461,124
Restricted,True,182,120,65.93406593406593,124
Restricted,False,182,147,80.76923076923077,125
Restricted,True,182,124,68.13186813186813,125
Restricted,False,182,146,80.21978021978022,126
Restricted,True,182,130,71.42857142857143,126
Restricted,False,182,142,78.02197802197803,127
Restricted,True,182,106,58.24175824175825,127
Restricted,False,182,136,74.72527472527473,128
Restricted,True,182,115,63.18681318681318,128
Restricted,False,182,145,79.67032967032966,129
Restricted,True,182,113,62.08791208791209,129
Restricted,False,182,139,76.37362637362637,130
Restricted,True,182,120,65.93406593406593,130
Restricted,False,182,145,79.67032967032966,131
Restricted,True,182,121,66.48351648351648,131
Restricted,False,182,151,82.96703296703298,132
Restricted,True,182,123,67.58241758241759,132
Restricted,False,182,146,80.21978021978022,133
Restricted,True,182,122,67.03296703296702,133
Restricted,False,182,150,82.41758241758241,134
Restricted,True,182,111,60.98901098901099,134
Restricted,False,182,146,80.21978021978022,135
Restricted,True,182,126,69.23076923076923,135
Restricted,False,182,134,73.62637362637363,136
Restricted,True,182,121,66.48351648351648,136
Restricted,False,182,142,78.02197802197803,137
Restricted,True,182,118,64.83516483516483,137
Restricted,False,182,138,75.82417582417582,138
Restricted,True,182,103,56.59340659340659,138
Restricted,False,182,144,79.12087912087912,139
Restricted,True,182,119,65.38461538461539,139
Restricted,False,182,147,80.76923076923077,140
Restricted,True,182,120,65.93406593406593,140
Restricted,False,182,145,79.67032967032966,141
Restricted,True,182,121,66.48351648351648,141
Restricted,False,182,140,76.92307692307693,142
Restricted,True,182,115,63.18681318681318,142
Restricted,False,182,146,80.21978021978022,143
Restricted,True,182,124,68.13186813186813,143
Restricted,False,182,136,74.72527472527473,144
Restricted,True,182,118,64.83516483516483,144
Restricted,False,182,139,76.37362637362637,145
Restricted,True,182,110,60.43956043956044,145
Restricted,False,182,140,76.92307692307693,146
Restricted,True,182,120,65.93406593406593,146
Restricted,False,182,150,82.41758241758241,147
Restricted,True,182,124,68.13186813186813,147
Restricted,False,182,146,80.21978021978022,148
Restricted,True,182,121,66.48351648351648,148
Restricted,False,182,139,76.37362637362637,149
Restricted,True,182,112,61.53846153846154,149
Restricted,False,182,140,76.92307692307693,150
Restricted,True,182,120,65.93406593406593,150
Restricted,False,182,143,78.57142857142857,151
Restricted,True,182,119,65.38461538461539,151
Restricted,False,182,142,78.02197802197803,152
Restricted,True,182,113,62.08791208791209,152
Restricted,False,182,147,80.76923076923077,153
Restricted,True,182,120,65.93406593406593,153
Restricted,False,182,143,78.57142857142857,154
Restricted,True,182,118,64.83516483516483,154
Restricted,False,182,142,78.02197802197803,155
Restricted,True,182,121,66.48351648351648,155
Restricted,False,182,146,80.21978021978022,156
Restricted,True,182,117,64.28571428571429,156
Restricted,False,182,143,78.57142857142857,157
Restricted,True,182,118,64.83516483516483,157
Restricted,False,182,137,75.27472527472527,158
Restricted,True,182,119,65.38461538461539,158
Restricted,False,182,140,76.92307692307693,159
Restricted,True,182,121,66.48351648351648,159
Restricted,False,182,146,80.21978021978022,160
Restricted,True,182,110,60.43956043956044,160
Restricted,False,182,153,84.06593406593407,161
Restricted,True,182,119,65.38461538461539,161
Restricted,False,182,149,81.86813186813187,162
Restricted,True,182,117,64.28571428571429,162
Restricted,False,182,132,72.52747252747253,163
Restricted,True,182,116,63.73626373626373,163
Restricted,False,182,148,81.31868131868131,164
Restricted,True,182,119,65.38461538461539,164
Restricted,False,182,136,74.72527472527473,165
Restricted,True,182,125,68.68131868131869,165
Restricted,False,182,136,74.72527472527473,166
Restricted,True,182,123,67.58241758241759,166
Restricted,False,182,138,75.82417582417582,167
Restricted,True,182,123,67.58241758241759,167
Restricted,False,182,140,76.92307692307693,168
Restricted,True,182,118,64.83516483516483,168
Restricted,False,182,146,80.21978021978022,169
Restricted,True,182,117,64.28571428571429,169
Restricted,False,182,142,78.02197802197803,170
Restricted,True,182,114,62.637362637362635,170
Restricted,False,182,149,81.86813186813187,171
Restricted,True,182,122,67.03296703296702,171
Restricted,False,182,149,81.86813186813187,172
Restricted,True,182,121,66.48351648351648,172
Restricted,False,182,143,78.57142857142857,173
Restricted,True,182,118,64.83516483516483,173
Restricted,False,182,145,79.67032967032966,174
Restricted,True,182,114,62.637362637362635,174
Restricted,False,182,148,81.31868131868131,175
Restricted,True,182,119,65.38461538461539,175
Restricted,False,182,136,74.72527472527473,176
Restricted,True,182,122,67.03296703296702,176
Restricted,False,182,145,79.67032967032966,177
Restricted,True,182,118,64.83516483516483,177
Restricted,False,182,144,79.12087912087912,178
Restricted,True,182,126,69.23076923076923,178
Restricted,False,182,135,74.17582417582418,179
Restricted,True,182,126,69.23076923076923,179
Restricted,False,182,138,75.82417582417582,180
Restricted,True,182,125,68.68131868131869,180
Restricted,False,182,142,78.02197802197803,181
Restricted,True,182,114,62.637362637362635,181
Restricted,False,182,144,79.12087912087912,182
Restricted,True,182,110,60.43956043956044,182
Restricted,False,182,150,82.41758241758241,183
Restricted,True,182,127,69.78021978021978,183
Restricted,False,182,145,79.67032967032966,184
Restricted,True,182,113,62.08791208791209,184
Restricted,False,182,146,80.21978021978022,185
Restricted,True,182,123,67.58241758241759,185
Restricted,False,182,146,80.21978021978022,186
Restricted,True,182,120,65.93406593406593,186
Restricted,False,182,150,82.41758241758241,187
Restricted,True,182,115,63.18681318681318,187
Restricted,False,182,143,78.57142857142857,188
Restricted,True,182,121,66.48351648351648,188
Restricted,False,182,141,77.47252747252747,189
Restricted,True,182,124,68.13186813186813,189
Restricted,False,182,135,74.17582417582418,190
Restricted,True,182,111,60.98901098901099,190
Restricted,False,182,137,75.27472527472527,191
Restricted,True,182,121,66.48351648351648,191
Restricted,False,182,147,80.76923076923077,192
Restricted,True,182,120,65.93406593406593,192
Restricted,False,182,141,77.47252747252747,193
Restricted,True,182,129,70.87912087912088,193
Restricted,False,182,137,75.27472527472527,194
Restricted,True,182,117,64.28571428571429,194
Restricted,False,182,137,75.27472527472527,195
Restricted,True,182,109,59.89010989010989,195
Restricted,False,182,136,74.72527472527473,196
Restricted,True,182,109,59.89010989010989,196
Restricted,False,182,139,76.37362637362637,197
Restricted,True,182,116,63.73626373626373,197
Restricted,False,182,141,77.47252747252747,198
Restricted,True,182,112,61.53846153846154,198
Restricted,False,182,139,76.37362637362637,199
Restricted,True,182,120,65.93406593406593,199
Restricted,False,182,138,75.82417582417582,200
Restricted,True,182,122,67.03296703296702,200
Restricted,False,182,145,79.67032967032966,201
Restricted,True,182,122,67.03296703296702,201
Restricted,False,182,141,77.47252747252747,202
Restricted,True,182,118,64.83516483516483,202
Restricted,False,182,138,75.82417582417582,203
Restricted,True,182,125,68.68131868131869,203
Restricted,False,182,140,76.92307692307693,204
Restricted,True,182,116,63.73626373626373,204
Restricted,False,182,128,70.32967032967034,205
Restricted,True,182,113,62.08791208791209,205
Restricted,False,182,135,74.17582417582418,206
Restricted,True,182,128,70.32967032967034,206
Restricted,False,182,141,77.47252747252747,207
Restricted,True,182,117,64.28571428571429,207
Restricted,False,182,139,76.37362637362637,208
Restricted,True,182,121,66.48351648351648,208
Restricted,False,182,141,77.47252747252747,209
Restricted,True,182,120,65.93406593406593,209
Restricted,False,182,137,75.27472527472527,210
Restricted,True,182,120,65.93406593406593,210
Restricted,False,182,153,84.06593406593407,211
Restricted,True,182,119,65.38461538461539,211
Restricted,False,182,144,79.12087912087912,212
Restricted,True,182,122,67.03296703296702,212
Restricted,False,182,140,76.92307692307693,213
Restricted,True,182,111,60.98901098901099,213
Restricted,False,182,137,75.27472527472527,214
Restricted,True,182,123,67.58241758241759,214
Restricted,False,182,148,81.31868131868131,215
Restricted,True,182,109,59.89010989010989,215
Restricted,False,182,144,79.12087912087912,216
Restricted,True,182,122,67.03296703296702,216
Restricted,False,182,137,75.27472527472527,217
Restricted,True,182,126,69.23076923076923,217
Restricted,False,182,134,73.62637362637363,218
Restricted,True,182,118,64.83516483516483,218
Restricted,False,182,145,79.67032967032966,219
Restricted,True,182,115,63.18681318681318,219
Restricted,False,182,150,82.41758241758241,220
Restricted,True,182,124,68.13186813186813,220
Restricted,False,182,156,85.71428571428571,221
Restricted,True,182,124,68.13186813186813,221
Restricted,False,182,142,78.02197802197803,222
Restricted,True,182,121,66.48351648351648,222
Restricted,False,182,138,75.82417582417582,223
Restricted,True,182,124,68.13186813186813,223
Restricted,False,182,152,83.51648351648352,224
Restricted,True,182,123,67.58241758241759,224
Restricted,False,182,136,74.72527472527473,225
Restricted,True,182,108,59.34065934065934,225
Restricted,False,182,142,78.02197802197803,226
Restricted,True,182,125,68.68131868131869,226
Restricted,False,182,146,80.21978021978022,227
Restricted,True,182,118,64.83516483516483,227
Restricted,False,182,150,82.41758241758241,228
Restricted,True,182,120,65.93406593406593,228
Restricted,False,182,128,70.32967032967034,229
Restricted,True,182,137,75.27472527472527,229
Restricted,False,182,150,82.41758241758241,230
Restricted,True,182,121,66.48351648351648,230
Restricted,False,182,138,75.82417582417582,231
Restricted,True,182,124,68.13186813186813,231
Restricted,False,182,138,75.82417582417582,232
Restricted,True,182,123,67.58241758241759,232
Restricted,False,182,138,75.82417582417582,233
Restricted,True,182,119,65.38461538461539,233
Restricted,False,182,145,79.67032967032966,234
Restricted,True,182,121,66.48351648351648,234
Restricted,False,182,144,79.12087912087912,235
Restricted,True,182,127,69.78021978021978,235
Restricted,False,182,138,75.82417582417582,236
Restricted,True,182,120,65.93406593406593,236
Restricted,False,182,143,78.57142857142857,237
Restricted,True,182,129,70.87912087912088,237
Restricted,False,182,148,81.31868131868131,238
Restricted,True,182,118,64.83516483516483,238
Restricted,False,182,141,77.47252747252747,239
Restricted,True,182,127,69.78021978021978,239
Restricted,False,182,140,76.92307692307693,240
Restricted,True,182,119,65.38461538461539,240
Restricted,False,182,138,75.82417582417582,241
Restricted,True,182,119,65.38461538461539,241
Restricted,False,182,139,76.37362637362637,242
Restricted,True,182,112,61.53846153846154,242
Restricted,False,182,146,80.21978021978022,243
Restricted,True,182,121,66.48351648351648,243
Restricted,False,182,146,80.21978021978022,244
Restricted,True,182,124,68.13186813186813,244
Restricted,False,182,139,76.37362637362637,245
Restricted,True,182,104,57.14285714285714,245
Restricted,False,182,135,74.17582417582418,246
Restricted,True,182,140,76.92307692307693,246
Restricted,False,182,136,74.72527472527473,247
Restricted,True,182,121,66.48351648351648,247
Restricted,False,182,136,74.72527472527473,248
Restricted,True,182,126,69.23076923076923,248
Restricted,False,182,139,76.37362637362637,249
Restricted,True,182,115,63.18681318681318,249
Restricted,False,182,140,76.92307692307693,250
Restricted,True,182,122,67.03296703296702,250
Restricted,False,182,143,78.57142857142857,251
Restricted,True,182,125,68.68131868131869,251
Restricted,False,182,135,74.17582417582418,252
Restricted,True,182,119,65.38461538461539,252
Restricted,False,182,145,79.67032967032966,253
Restricted,True,182,112,61.53846153846154,253
Restricted,False,182,148,81.31868131868131,254
Restricted,True,182,113,62.08791208791209,254
Restricted,False,182,145,79.67032967032966,255
Restricted,True,182,120,65.93406593406593,255
Restricted,False,182,135,74.17582417582418,256
Restricted,True,182,122,67.03296703296702,256
Restricted,False,182,145,79.67032967032966,257
Restricted,True,182,113,62.08791208791209,257
Restricted,False,182,145,79.67032967032966,258
Restricted,True,182,127,69.78021978021978,258
Restricted,False,182,143,78.57142857142857,259
Restricted,True,182,118,64.83516483516483,259
Restricted,False,182,145,79.67032967032966,260
Restricted,True,182,123,67.58241758241759,260
Restricted,False,182,144,79.12087912087912,261
Restricted,True,182,118,64.83516483516483,261
Restricted,False,182,149,81.86813186813187,262
Restricted,True,182,117,64.28571428571429,262
Restricted,False,182,139,76.37362637362637,263
Restricted,True,182,123,67.58241758241759,263
Restricted,False,182,142,78.02197802197803,264
Restricted,True,182,121,66.48351648351648,264
Restricted,False,182,153,84.06593406593407,265
Restricted,True,182,119,65.38461538461539,265
Restricted,False,182,143,78.57142857142857,266
Restricted,True,182,137,75.27472527472527,266
Restricted,False,182,140,76.92307692307693,267
Restricted,True,182,132,72.52747252747253,267
Restricted,False,182,141,77.47252747252747,268
Restricted,True,182,119,65.38461538461539,268
Restricted,False,182,149,81.86813186813187,269
Restricted,True,182,117,64.28571428571429,269
Restricted,False,182,129,70.87912087912088,270
Restricted,True,182,115,63.18681318681318,270
Restricted,False,182,149,81.86813186813187,271
Restricted,True,182,116,63.73626373626373,271
Restricted,False,182,146,80.21978021978022,272
Restricted,True,182,125,68.68131868131869,272
Restricted,False,182,137,75.27472527472527,273
Restricted,True,182,116,63.73626373626373,273
Restricted,False,182,137,75.27472527472527,274
Restricted,True,182,123,67.58241758241759,274
Restricted,False,182,142,78.02197802197803,275
Restricted,True,182,121,66.48351648351648,275
Restricted,False,182,139,76.37362637362637,276
Restricted,True,182,133,73.07692307692307,276
Restricted,False,182,133,73.07692307692307,277
Restricted,True,182,116,63.73626373626373,277
Restricted,False,182,138,75.82417582417582,278
Restricted,True,182,122,67.03296703296702,278
Restricted,False,182,143,78.57142857142857,279
Restricted,True,182,116,63.73626373626373,279
Restricted,False,182,138,75.82417582417582,280
Restricted,True,182,114,62.637362637362635,280
Restricted,False,182,148,81.31868131868131,281
Restricted,True,182,112,61.53846153846154,281
Restricted,False,182,143,78.57142857142857,282
Restricted,True,182,121,66.48351648351648,282
Restricted,False,182,135,74.17582417582418,283
Restricted,True,182,125,68.68131868131869,283
Restricted,False,182,137,75.27472527472527,284
Restricted,True,182,125,68.68131868131869,284
Restricted,False,182,138,75.82417582417582,285
Restricted,True,182,119,65.38461538461539,285
Restricted,False,182,137,75.27472527472527,286
Restricted,True,182,115,63.18681318681318,286
Restricted,False,182,151,82.96703296703298,287
Restricted,True,182,122,67.03296703296702,287
Restricted,False,182,145,79.67032967032966,288
Restricted,True,182,115,63.18681318681318,288
Restricted,False,182,151,82.96703296703298,289
Restricted,True,182,138,75.82417582417582,289
Restricted,False,182,148,81.31868131868131,290
Restricted,True,182,126,69.23076923076923,290
Restricted,False,182,136,74.72527472527473,291
Restricted,True,182,108,59.34065934065934,291
Restricted,False,182,143,78.57142857142857,292
Restricted,True,182,121,66.48351648351648,292
Restricted,False,182,145,79.67032967032966,293
Restricted,True,182,123,67.58241758241759,293
Restricted,False,182,138,75.82417582417582,294
Restricted,True,182,111,60.98901098901099,294
Restricted,False,182,143,78.57142857142857,295
Restricted,True,182,120,65.93406593406593,295
Restricted,False,182,142,78.02197802197803,296
Restricted,True,182,117,64.28571428571429,296
Restricted,False,182,133,73.07692307692307,297
Restricted,True,182,123,67.58241758241759,297
Restricted,False,182,143,78.57142857142857,298
Restricted,True,182,128,70.32967032967034,298
Restricted,False,182,135,74.17582417582418,299
Restricted,True,182,127,69.78021978021978,299
Restricted,False,182,146,80.21978021978022,300
Restricted,True,182,119,65.38461538461539,300
Restricted,False,182,139,76.37362637362637,301
Restricted,True,182,114,62.637362637362635,301
Restricted,False,182,140,76.92307692307693,302
Restricted,True,182,114,62.637362637362635,302
Restricted,False,182,141,77.47252747252747,303
Restricted,True,182,119,65.38461538461539,303
Restricted,False,182,137,75.27472527472527,304
Restricted,True,182,130,71.42857142857143,304
Restricted,False,182,141,77.47252747252747,305
Restricted,True,182,129,70.87912087912088,305
Restricted,False,182,144,79.12087912087912,306
Restricted,True,182,119,65.38461538461539,306
Restricted,False,182,146,80.21978021978022,307
Restricted,True,182,109,59.89010989010989,307
Restricted,False,182,130,71.42857142857143,308
Restricted,True,182,114,62.637362637362635,308
Restricted,False,182,140,76.92307692307693,309
Restricted,True,182,129,70.87912087912088,309
Restricted,False,182,152,83.51648351648352,310
Restricted,True,182,124,68.13186813186813,310
Restricted,False,182,142,78.02197802197803,311
Restricted,True,182,118,64.83516483516483,311
Restricted,False,182,146,80.21978021978022,312
Restricted,True,182,125,68.68131868131869,312
Restricted,False,182,140,76.92307692307693,313
Restricted,True,182,116,63.73626373626373,313
Restricted,False,182,142,78.02197802197803,314
Restricted,True,182,117,64.28571428571429,314
Restricted,False,182,139,76.37362637362637,315
Restricted,True,182,122,67.03296703296702,315
Restricted,False,182,145,79.67032967032966,316
Restricted,True,182,104,57.14285714285714,316
Restricted,False,182,149,81.86813186813187,317
Restricted,True,182,116,63.73626373626373,317
Restricted,False,182,141,77.47252747252747,318
Restricted,True,182,121,66.48351648351648,318
Restricted,False,182,142,78.02197802197803,319
Restricted,True,182,104,57.14285714285714,319
Restricted,False,182,145,79.67032967032966,320
Restricted,True,182,123,67.58241758241759,320
Restricted,False,182,152,83.51648351648352,321
Restricted,True,182,128,70.32967032967034,321
Restricted,False,182,139,76.37362637362637,322
Restricted,True,182,113,62.08791208791209,322
Restricted,False,182,136,74.72527472527473,323
Restricted,True,182,126,69.23076923076923,323
Restricted,False,182,147,80.76923076923077,324
Restricted,True,182,125,68.68131868131869,324
Restricted,False,182,149,81.86813186813187,325
Restricted,True,182,115,63.18681318681318,325
Restricted,False,182,145,79.67032967032966,326
Restricted,True,182,117,64.28571428571429,326
Restricted,False,182,145,79.67032967032966,327
Restricted,True,182,113,62.08791208791209,327
Restricted,False,182,140,76.92307692307693,328
Restricted,True,182,124,68.13186813186813,328
Restricted,False,182,146,80.21978021978022,329
Restricted,True,182,129,70.87912087912088,329
Restricted,False,182,144,79.12087912087912,330
Restricted,True,182,114,62.637362637362635,330
Restricted,False,182,136,74.72527472527473,331
Restricted,True,182,109,59.89010989010989,331
Restricted,False,182,146,80.21978021978022,332
Restricted,True,182,119,65.38461538461539,332
Restricted,False,182,138,75.82417582417582,333
Restricted,True,182,118,64.83516483516483,333
Restricted,False,182,137,75.27472527472527,334
Restricted,True,182,106,58.24175824175825,334
Restricted,False,182,134,73.62637362637363,335
Restricted,True,182,118,64.83516483516483,335
Restricted,False,182,148,81.31868131868131,336
Restricted,True,182,135,74.17582417582418,336
Restricted,False,182,136,74.72527472527473,337
Restricted,True,182,120,65.93406593406593,337
Restricted,False,182,148,81.31868131868131,338
Restricted,True,182,115,63.18681318681318,338
Restricted,False,182,141,77.47252747252747,339
Restricted,True,182,114,62.637362637362635,339
Restricted,False,182,142,78.02197802197803,340
Restricted,True,182,128,70.32967032967034,340
Restricted,False,182,141,77.47252747252747,341
Restricted,True,182,125,68.68131868131869,341
Restricted,False,182,140,76.92307692307693,342
Restricted,True,182,127,69.78021978021978,342
Restricted,False,182,145,79.67032967032966,343
Restricted,True,182,114,62.637362637362635,343
Restricted,False,182,142,78.02197802197803,344
Restricted,True,182,120,65.93406593406593,344
Restricted,False,182,140,76.92307692307693,345
Restricted,True,182,128,70.32967032967034,345
Restricted,False,182,139,76.37362637362637,346
Restricted,True,182,117,64.28571428571429,346
Restricted,False,182,137,75.27472527472527,347
Restricted,True,182,118,64.83516483516483,347
Restricted,False,182,147,80.76923076923077,348
Restricted,True,182,130,71.42857142857143,348
Restricted,False,182,138,75.82417582417582,349
Restricted,True,182,120,65.93406593406593,349
Restricted,False,182,152,83.51648351648352,350
Restricted,True,182,115,63.18681318681318,350
Restricted,False,182,147,80.76923076923077,351
Restricted,True,182,119,65.38461538461539,351
Restricted,False,182,145,79.67032967032966,352
Restricted,True,182,115,63.18681318681318,352
Restricted,False,182,143,78.57142857142857,353
Restricted,True,182,125,68.68131868131869,353
Restricted,False,182,137,75.27472527472527,354
Restricted,True,182,112,61.53846153846154,354
Restricted,False,182,139,76.37362637362637,355
Restricted,True,182,126,69.23076923076923,355
Restricted,False,182,132,72.52747252747253,356
Restricted,True,182,116,63.73626373626373,356
Restricted,False,182,131,71.97802197802197,357
Restricted,True,182,124,68.13186813186813,357
Restricted,False,182,144,79.12087912087912,358
Restricted,True,182,115,63.18681318681318,358
Restricted,False,182,141,77.47252747252747,359
Restricted,True,182,122,67.03296703296702,359
Restricted,False,182,139,76.37362637362637,360
Restricted,True,182,120,65.93406593406593,360
Restricted,False,182,141,77.47252747252747,361
Restricted,True,182,117,64.28571428571429,361
Restricted,False,182,142,78.02197802197803,362
Restricted,True,182,112,61.53846153846154,362
Restricted,False,182,135,74.17582417582418,363
Restricted,True,182,112,61.53846153846154,363
Restricted,False,182,140,76.92307692307693,364
Restricted,True,182,114,62.637362637362635,364
Restricted,False,182,143,78.57142857142857,365
Restricted,True,182,120,65.93406593406593,365
Restricted,False,182,137,75.27472527472527,366
Restricted,True,182,129,70.87912087912088,366
Restricted,False,182,137,75.27472527472527,367
Restricted,True,182,126,69.23076923076923,367
Restricted,False,182,140,76.92307692307693,368
Restricted,True,182,122,67.03296703296702,368
Restricted,False,182,152,83.51648351648352,369
Restricted,True,182,116,63.73626373626373,369
Restricted,False,182,141,77.47252747252747,370
Restricted,True,182,125,68.68131868131869,370
Restricted,False,182,141,77.47252747252747,371
Restricted,True,182,119,65.38461538461539,371
Restricted,False,182,142,78.02197802197803,372
Restricted,True,182,117,64.28571428571429,372
Restricted,False,182,136,74.72527472527473,373
Restricted,True,182,126,69.23076923076923,373
Restricted,False,182,147,80.76923076923077,374
Restricted,True,182,128,70.32967032967034,374
Restricted,False,182,142,78.02197802197803,375
Restricted,True,182,115,63.18681318681318,375
Restricted,False,182,139,76.37362637362637,376
Restricted,True,182,127,69.78021978021978,376
Restricted,False,182,142,78.02197802197803,377
Restricted,True,182,124,68.13186813186813,377
Restricted,False,182,145,79.67032967032966,378
Restricted,True,182,121,66.48351648351648,378
Restricted,False,182,142,78.02197802197803,379
Restricted,True,182,130,71.42857142857143,379
Restricted,False,182,142,78.02197802197803,380
Restricted,True,182,120,65.93406593406593,380
Restricted,False,182,150,82.41758241758241,381
Restricted,True,182,118,64.83516483516483,381
Restricted,False,182,136,74.72527472527473,382
Restricted,True,182,116,63.73626373626373,382
Restricted,False,182,147,80.76923076923077,383
Restricted,True,182,116,63.73626373626373,383
Restricted,False,182,144,79.12087912087912,384
Restricted,True,182,117,64.28571428571429,384
Restricted,False,182,149,81.86813186813187,385
Restricted,True,182,118,64.83516483516483,385
Restricted,False,182,141,77.47252747252747,386
Restricted,True,182,112,61.53846153846154,386
Restricted,False,182,156,85.71428571428571,387
Restricted,True,182,125,68.68131868131869,387
Restricted,False,182,134,73.62637362637363,388
Restricted,True,182,119,65.38461538461539,388
Restricted,False,182,140,76.92307692307693,389
Restricted,True,182,127,69.78021978021978,389
Restricted,False,182,144,79.12087912087912,390
Restricted,True,182,108,59.34065934065934,390
Restricted,False,182,140,76.92307692307693,391
Restricted,True,182,121,66.48351648351648,391
Restricted,False,182,135,74.17582417582418,392
Restricted,True,182,118,64.83516483516483,392
Restricted,False,182,134,73.62637362637363,393
Restricted,True,182,123,67.58241758241759,393
Restricted,False,182,148,81.31868131868131,394
Restricted,True,182,118,64.83516483516483,394
Restricted,False,182,143,78.57142857142857,395
Restricted,True,182,132,72.52747252747253,395
Restricted,False,182,138,75.82417582417582,396
Restricted,True,182,130,71.42857142857143,396
Restricted,False,182,144,79.12087912087912,397
Restricted,True,182,124,68.13186813186813,397
Restricted,False,182,145,79.67032967032966,398
Restricted,True,182,128,70.32967032967034,398
Restricted,False,182,139,76.37362637362637,399
Restricted,True,182,123,67.58241758241759,399
Restricted,False,182,144,79.12087912087912,400
Restricted,True,182,129,70.87912087912088,400
Restricted,False,182,137,75.27472527472527,401
Restricted,True,182,114,62.637362637362635,401
Restricted,False,182,139,76.37362637362637,402
Restricted,True,182,126,69.23076923076923,402
Restricted,False,182,143,78.57142857142857,403
Restricted,True,182,125,68.68131868131869,403
Restricted,False,182,152,83.51648351648352,404
Restricted,True,182,119,65.38461538461539,404
Restricted,False,182,142,78.02197802197803,405
Restricted,True,182,125,68.68131868131869,405
Restricted,False,182,142,78.02197802197803,406
Restricted,True,182,113,62.08791208791209,406
Restricted,False,182,151,82.96703296703298,407
Restricted,True,182,127,69.78021978021978,407
Restricted,False,182,143,78.57142857142857,408
Restricted,True,182,113,62.08791208791209,408
Restricted,False,182,138,75.82417582417582,409
Restricted,True,182,122,67.03296703296702,409
Restricted,False,182,141,77.47252747252747,410
Restricted,True,182,112,61.53846153846154,410
Restricted,False,182,140,76.92307692307693,411
Restricted,True,182,117,64.28571428571429,411
Restricted,False,182,133,73.07692307692307,412
Restricted,True,182,116,63.73626373626373,412
Restricted,False,182,139,76.37362637362637,413
Restricted,True,182,114,62.637362637362635,413
Restricted,False,182,141,77.47252747252747,414
Restricted,True,182,119,65.38461538461539,414
Restricted,False,182,147,80.76923076923077,415
Restricted,True,182,113,62.08791208791209,415
Restricted,False,182,147,80.76923076923077,416
Restricted,True,182,119,65.38461538461539,416
Restricted,False,182,136,74.72527472527473,417
Restricted,True,182,122,67.03296703296702,417
Restricted,False,182,139,76.37362637362637,418
Restricted,True,182,116,63.73626373626373,418
Restricted,False,182,144,79.12087912087912,419
Restricted,True,182,121,66.48351648351648,419
Restricted,False,182,145,79.67032967032966,420
Restricted,True,182,110,60.43956043956044,420
Restricted,False,182,143,78.57142857142857,421
Restricted,True,182,126,69.23076923076923,421
Restricted,False,182,141,77.47252747252747,422
Restricted,True,182,109,59.89010989010989,422
Restricted,False,182,142,78.02197802197803,423
Restricted,True,182,115,63.18681318681318,423
Restricted,False,182,127,69.78021978021978,424
Restricted,True,182,126,69.23076923076923,424
Restricted,False,182,145,79.67032967032966,425
Restricted,True,182,123,67.58241758241759,425
Restricted,False,182,147,80.76923076923077,426
Restricted,True,182,119,65.38461538461539,426
Restricted,False,182,139,76.37362637362637,427
Restricted,True,182,119,65.38461538461539,427
Restricted,False,182,151,82.96703296703298,428
Restricted,True,182,116,63.73626373626373,428
Restricted,False,182,146,80.21978021978022,429
Restricted,True,182,120,65.93406593406593,429
Restricted,False,182,145,79.67032967032966,430
Restricted,True,182,126,69.23076923076923,430
Restricted,False,182,140,76.92307692307693,431
Restricted,True,182,115,63.18681318681318,431
Restricted,False,182,151,82.96703296703298,432
Restricted,True,182,113,62.08791208791209,432
Restricted,False,182,150,82.41758241758241,433
Restricted,True,182,110,60.43956043956044,433
Restricted,False,182,140,76.92307692307693,434
Restricted,True,182,117,64.28571428571429,434
Restricted,False,182,144,79.12087912087912,435
Restricted,True,182,121,66.48351648351648,435
Restricted,False,182,138,75.82417582417582,436
Restricted,True,182,111,60.98901098901099,436
Restricted,False,182,140,76.92307692307693,437
Restricted,True,182,113,62.08791208791209,437
Restricted,False,182,149,81.86813186813187,438
Restricted,True,182,114,62.637362637362635,438
Restricted,False,182,139,76.37362637362637,439
Restricted,True,182,113,62.08791208791209,439
Restricted,False,182,139,76.37362637362637,440
Restricted,True,182,123,67.58241758241759,440
Restricted,False,182,148,81.31868131868131,441
Restricted,True,182,117,64.28571428571429,441
Restricted,False,182,148,81.31868131868131,442
Restricted,True,182,121,66.48351648351648,442
Restricted,False,182,142,78.02197802197803,443
Restricted,True,182,112,61.53846153846154,443
Restricted,False,182,136,74.72527472527473,444
Restricted,True,182,112,61.53846153846154,444
Restricted,False,182,137,75.27472527472527,445
Restricted,True,182,119,65.38461538461539,445
Restricted,False,182,141,77.47252747252747,446
Restricted,True,182,128,70.32967032967034,446
Restricted,False,182,141,77.47252747252747,447
Restricted,True,182,119,65.38461538461539,447
Restricted,False,182,140,76.92307692307693,448
Restricted,True,182,120,65.93406593406593,448
Restricted,False,182,146,80.21978021978022,449
Restricted,True,182,115,63.18681318681318,449
Restricted,False,182,143,78.57142857142857,450
Restricted,True,182,108,59.34065934065934,450
Restricted,False,182,137,75.27472527472527,451
Restricted,True,182,113,62.08791208791209,451
Restricted,False,182,143,78.57142857142857,452
Restricted,True,182,122,67.03296703296702,452
Restricted,False,182,142,78.02197802197803,453
Restricted,True,182,118,64.83516483516483,453
Restricted,False,182,139,76.37362637362637,454
Restricted,True,182,115,63.18681318681318,454
Restricted,False,182,140,76.92307692307693,455
Restricted,True,182,117,64.28571428571429,455
Restricted,False,182,143,78.57142857142857,456
Restricted,True,182,124,68.13186813186813,456
Restricted,False,182,138,75.82417582417582,457
Restricted,True,182,125,68.68131868131869,457
Restricted,False,182,140,76.92307692307693,458
Restricted,True,182,112,61.53846153846154,458
Restricted,False,182,146,80.21978021978022,459
Restricted,True,182,117,64.28571428571429,459
Restricted,False,182,147,80.76923076923077,460
Restricted,True,182,110,60.43956043956044,460
Restricted,False,182,134,73.62637362637363,461
Restricted,True,182,120,65.93406593406593,461
Restricted,False,182,140,76.92307692307693,462
Restricted,True,182,119,65.38461538461539,462
Restricted,False,182,145,79.67032967032966,463
Restricted,True,182,126,69.23076923076923,463
Restricted,False,182,143,78.57142857142857,464
Restricted,True,182,110,60.43956043956044,464
Restricted,False,182,145,79.67032967032966,465
Restricted,True,182,118,64.83516483516483,465
Restricted,False,182,143,78.57142857142857,466
Restricted,True,182,114,62.637362637362635,466
Restricted,False,182,148,81.31868131868131,467
Restricted,True,182,126,69.23076923076923,467
Restricted,False,182,144,79.12087912087912,468
Restricted,True,182,115,63.18681318681318,468
Restricted,False,182,144,79.12087912087912,469
Restricted,True,182,113,62.08791208791209,469
Restricted,False,182,141,77.47252747252747,470
Restricted,True,182,123,67.58241758241759,470
Restricted,False,182,148,81.31868131868131,471
Restricted,True,182,115,63.18681318681318,471
Restricted,False,182,137,75.27472527472527,472
Restricted,True,182,106,58.24175824175825,472
Restricted,False,182,146,80.21978021978022,473
Restricted,True,182,124,68.13186813186813,473
Restricted,False,182,143,78.57142857142857,474
Restricted,True,182,127,69.78021978021978,474
Restricted,False,182,135,74.17582417582418,475
Restricted,True,182,106,58.24175824175825,475
Restricted,False,182,145,79.67032967032966,476
Restricted,True,182,127,69.78021978021978,476
Restricted,False,182,144,79.12087912087912,477
Restricted,True,182,113,62.08791208791209,477
Restricted,False,182,142,78.02197802197803,478
Restricted,True,182,112,61.53846153846154,478
Restricted,False,182,137,75.27472527472527,479
Restricted,True,182,124,68.13186813186813,479
Restricted,False,182,145,79.67032967032966,480
Restricted,True,182,118,64.83516483516483,480
Restricted,False,182,143,78.57142857142857,481
Restricted,True,182,123,67.58241758241759,481
Restricted,False,182,133,73.07692307692307,482
Restricted,True,182,123,67.58241758241759,482
Restricted,False,182,132,72.52747252747253,483
Restricted,True,182,129,70.87912087912088,483
Restricted,False,182,136,74.72527472527473,484
Restricted,True,182,118,64.83516483516483,484
Restricted,False,182,145,79.67032967032966,485
Restricted,True,182,132,72.52747252747253,485
Restricted,False,182,155,85.16483516483517,486
Restricted,True,182,116,63.73626373626373,486
Restricted,False,182,151,82.96703296703298,487
Restricted,True,182,115,63.18681318681318,487
Restricted,False,182,141,77.47252747252747,488
Restricted,True,182,124,68.13186813186813,488
Restricted,False,182,140,76.92307692307693,489
Restricted,True,182,121,66.48351648351648,489
Restricted,False,182,144,79.12087912087912,490
Restricted,True,182,125,68.68131868131869,490
Restricted,False,182,144,79.12087912087912,491
Restricted,True,182,121,66.48351648351648,491
Restricted,False,182,135,74.17582417582418,492
Restricted,True,182,114,62.637362637362635,492
Restricted,False,182,146,80.21978021978022,493
Restricted,True,182,119,65.38461538461539,493
Restricted,False,182,136,74.72527472527473,494
Restricted,True,182,122,67.03296703296702,494
Restricted,False,182,144,79.12087912087912,495
Restricted,True,182,116,63.73626373626373,495
Restricted,False,182,136,74.72527472527473,496
Restricted,True,182,122,67.03296703296702,496
Restricted,False,182,151,82.96703296703298,497
Restricted,True,182,124,68.13186813186813,497
Restricted,False,182,135,74.17582417582418,498
Restricted,True,182,122,67.03296703296702,498
Restricted,False,182,142,78.02197802197803,499
Restricted,True,182,120,65.93406593406593,499
Restricted,False,182,135,74.17582417582418,500
Restricted,True,182,124,68.13186813186813,500
Restricted,False,182,137,75.27472527472527,501
Restricted,True,182,122,67.03296703296702,501
Restricted,False,182,139,76.37362637362637,502
Restricted,True,182,129,70.87912087912088,502
Restricted,False,182,154,84.61538461538461,503
Restricted,True,182,130,71.42857142857143,503
Restricted,False,182,149,81.86813186813187,504
Restricted,True,182,124,68.13186813186813,504
Restricted,False,182,136,74.72527472527473,505
Restricted,True,182,117,64.28571428571429,505
Restricted,False,182,141,77.47252747252747,506
Restricted,True,182,119,65.38461538461539,506
Restricted,False,182,143,78.57142857142857,507
Restricted,True,182,110,60.43956043956044,507
Restricted,False,182,135,74.17582417582418,508
Restricted,True,182,122,67.03296703296702,508
Restricted,False,182,142,78.02197802197803,509
Restricted,True,182,118,64.83516483516483,509
Restricted,False,182,140,76.92307692307693,510
Restricted,True,182,126,69.23076923076923,510
Restricted,False,182,145,79.67032967032966,511
Restricted,True,182,119,65.38461538461539,511
Restricted,False,182,143,78.57142857142857,512
Restricted,True,182,132,72.52747252747253,512
Restricted,False,182,145,79.67032967032966,513
Restricted,True,182,103,56.59340659340659,513
Restricted,False,182,145,79.67032967032966,514
Restricted,True,182,106,58.24175824175825,514
Restricted,False,182,145,79.67032967032966,515
Restricted,True,182,121,66.48351648351648,515
Restricted,False,182,138,75.82417582417582,516
Restricted,True,182,114,62.637362637362635,516
Restricted,False,182,139,76.37362637362637,517
Restricted,True,182,121,66.48351648351648,517
Restricted,False,182,138,75.82417582417582,518
Restricted,True,182,118,64.83516483516483,518
Restricted,False,182,141,77.47252747252747,519
Restricted,True,182,118,64.83516483516483,519
Restricted,False,182,143,78.57142857142857,520
Restricted,True,182,126,69.23076923076923,520
Restricted,False,182,147,80.76923076923077,521
Restricted,True,182,119,65.38461538461539,521
Restricted,False,182,146,80.21978021978022,522
Restricted,True,182,127,69.78021978021978,522
Restricted,False,182,137,75.27472527472527,523
Restricted,True,182,129,70.87912087912088,523
Restricted,False,182,150,82.41758241758241,524
Restricted,True,182,113,62.08791208791209,524
Restricted,False,182,139,76.37362637362637,525
Restricted,True,182,125,68.68131868131869,525
Restricted,False,182,142,78.02197802197803,526
Restricted,True,182,123,67.58241758241759,526
Restricted,False,182,137,75.27472527472527,527
Restricted,True,182,116,63.73626373626373,527
Restricted,False,182,140,76.92307692307693,528
Restricted,True,182,114,62.637362637362635,528
Restricted,False,182,143,78.57142857142857,529
Restricted,True,182,117,64.28571428571429,529
Restricted,False,182,146,80.21978021978022,530
Restricted,True,182,113,62.08791208791209,530
Restricted,False,182,148,81.31868131868131,531
Restricted,True,182,131,71.97802197802197,531
Restricted,False,182,137,75.27472527472527,532
Restricted,True,182,121,66.48351648351648,532
Restricted,False,182,139,76.37362637362637,533
Restricted,True,182,126,69.23076923076923,533
Restricted,False,182,143,78.57142857142857,534
Restricted,True,182,114,62.637362637362635,534
Restricted,False,182,140,76.92307692307693,535
Restricted,True,182,127,69.78021978021978,535
Restricted,False,182,139,76.37362637362637,536
Restricted,True,182,102,56.043956043956044,536
Restricted,False,182,140,76.92307692307693,537
Restricted,True,182,117,64.28571428571429,537
Restricted,False,182,143,78.57142857142857,538
Restricted,True,182,120,65.93406593406593,538
Restricted,False,182,139,76.37362637362637,539
Restricted,True,182,116,63.73626373626373,539
Restricted,False,182,144,79.12087912087912,540
Restricted,True,182,121,66.48351648351648,540
Restricted,False,182,141,77.47252747252747,541
Restricted,True,182,112,61.53846153846154,541
Restricted,False,182,150,82.41758241758241,542
Restricted,True,182,116,63.73626373626373,542
Restricted,False,182,141,77.47252747252747,543
Restricted,True,182,122,67.03296703296702,543
Restricted,False,182,142,78.02197802197803,544
Restricted,True,182,124,68.13186813186813,544
Restricted,False,182,140,76.92307692307693,545
Restricted,True,182,127,69.78021978021978,545
Restricted,False,182,145,79.67032967032966,546
Restricted,True,182,124,68.13186813186813,546
Restricted,False,182,134,73.62637362637363,547
Restricted,True,182,118,64.83516483516483,547
Restricted,False,182,151,82.96703296703298,548
Restricted,True,182,114,62.637362637362635,548
Restricted,False,182,146,80.21978021978022,549
Restricted,True,182,109,59.89010989010989,549
Restricted,False,182,145,79.67032967032966,550
Restricted,True,182,124,68.13186813186813,550
Restricted,False,182,141,77.47252747252747,551
Restricted,True,182,124,68.13186813186813,551
Restricted,False,182,144,79.12087912087912,552
Restricted,True,182,116,63.73626373626373,552
Restricted,False,182,145,79.67032967032966,553
Restricted,True,182,121,66.48351648351648,553
Restricted,False,182,151,82.96703296703298,554
Restricted,True,182,113,62.08791208791209,554
Restricted,False,182,140,76.92307692307693,555
Restricted,True,182,124,68.13186813186813,555
Restricted,False,182,145,79.67032967032966,556
Restricted,True,182,119,65.38461538461539,556
Restricted,False,182,144,79.12087912087912,557
Restricted,True,182,123,67.58241758241759,557
Restricted,False,182,142,78.02197802197803,558
Restricted,True,182,110,60.43956043956044,558
Restricted,False,182,143,78.57142857142857,559
Restricted,True,182,121,66.48351648351648,559
Restricted,False,182,146,80.21978021978022,560
Restricted,True,182,112,61.53846153846154,560
Restricted,False,182,146,80.21978021978022,561
Restricted,True,182,127,69.78021978021978,561
Restricted,False,182,146,80.21978021978022,562
Restricted,True,182,115,63.18681318681318,562
Restricted,False,182,148,81.31868131868131,563
Restricted,True,182,125,68.68131868131869,563
Restricted,False,182,141,77.47252747252747,564
Restricted,True,182,112,61.53846153846154,564
Restricted,False,182,140,76.92307692307693,565
Restricted,True,182,123,67.58241758241759,565
Restricted,False,182,140,76.92307692307693,566
Restricted,True,182,116,63.73626373626373,566
Restricted,False,182,140,76.92307692307693,567
Restricted,True,182,116,63.73626373626373,567
Restricted,False,182,140,76.92307692307693,568
Restricted,True,182,111,60.98901098901099,568
Restricted,False,182,141,77.47252747252747,569
Restricted,True,182,127,69.78021978021978,569
Restricted,False,182,146,80.21978021978022,570
Restricted,True,182,114,62.637362637362635,570
Restricted,False,182,136,74.72527472527473,571
Restricted,True,182,114,62.637362637362635,571
Restricted,False,182,140,76.92307692307693,572
Restricted,True,182,105,57.692307692307686,572
Restricted,False,182,144,79.12087912087912,573
Restricted,True,182,117,64.28571428571429,573
Restricted,False,182,152,83.51648351648352,574
Restricted,True,182,123,67.58241758241759,574
Restricted,False,182,153,84.06593406593407,575
Restricted,True,182,120,65.93406593406593,575
Restricted,False,182,144,79.12087912087912,576
Restricted,True,182,113,62.08791208791209,576
Restricted,False,182,142,78.02197802197803,577
Restricted,True,182,123,67.58241758241759,577
Restricted,False,182,146,80.21978021978022,578
Restricted,True,182,118,64.83516483516483,578
Restricted,False,182,146,80.21978021978022,579
Restricted,True,182,121,66.48351648351648,579
Restricted,False,182,144,79.12087912087912,580
Restricted,True,182,124,68.13186813186813,580
Restricted,False,182,143,78.57142857142857,581
Restricted,True,182,129,70.87912087912088,581
Restricted,False,182,148,81.31868131868131,582
Restricted,True,182,135,74.17582417582418,582
Restricted,False,182,125,68.68131868131869,583
Restricted,True,182,125,68.68131868131869,583
Restricted,False,182,139,76.37362637362637,584
Restricted,True,182,121,66.48351648351648,584
Restricted,False,182,138,75.82417582417582,585
Restricted,True,182,114,62.637362637362635,585
Restricted,False,182,143,78.57142857142857,586
Restricted,True,182,112,61.53846153846154,586
Restricted,False,182,134,73.62637362637363,587
Restricted,True,182,124,68.13186813186813,587
Restricted,False,182,150,82.41758241758241,588
Restricted,True,182,112,61.53846153846154,588
Restricted,False,182,145,79.67032967032966,589
Restricted,True,182,123,67.58241758241759,589
Restricted,False,182,137,75.27472527472527,590
Restricted,True,182,122,67.03296703296702,590
Restricted,False,182,144,79.12087912087912,591
Restricted,True,182,112,61.53846153846154,591
Restricted,False,182,140,76.92307692307693,592
Restricted,True,182,117,64.28571428571429,592
Restricted,False,182,143,78.57142857142857,593
Restricted,True,182,124,68.13186813186813,593
Restricted,False,182,142,78.02197802197803,594
Restricted,True,182,115,63.18681318681318,594
Restricted,False,182,137,75.27472527472527,595
Restricted,True,182,116,63.73626373626373,595
Restricted,False,182,137,75.27472527472527,596
Restricted,True,182,123,67.58241758241759,596
Restricted,False,182,145,79.67032967032966,597
Restricted,True,182,121,66.48351648351648,597
Restricted,False,182,144,79.12087912087912,598
Restricted,True,182,120,65.93406593406593,598
Restricted,False,182,140,76.92307692307693,599
Restricted,True,182,123,67.58241758241759,599
Restricted,False,182,139,76.37362637362637,600
Restricted,True,182,124,68.13186813186813,600
Restricted,False,182,138,75.82417582417582,601
Restricted,True,182,105,57.692307692307686,601
Restricted,False,182,140,76.92307692307693,602
Restricted,True,182,115,63.18681318681318,602
Restricted,False,182,144,79.12087912087912,603
Restricted,True,182,120,65.93406593406593,603
Restricted,False,182,145,79.67032967032966,604
Restricted,True,182,111,60.98901098901099,604
Restricted,False,182,148,81.31868131868131,605
Restricted,True,182,113,62.08791208791209,605
Restricted,False,182,149,81.86813186813187,606
Restricted,True,182,119,65.38461538461539,606
Restricted,False,182,147,80.76923076923077,607
Restricted,True,182,121,66.48351648351648,607
Restricted,False,182,136,74.72527472527473,608
Restricted,True,182,123,67.58241758241759,608
Restricted,False,182,148,81.31868131868131,609
Restricted,True,182,113,62.08791208791209,609
Restricted,False,182,141,77.47252747252747,610
Restricted,True,182,127,69.78021978021978,610
Restricted,False,182,139,76.37362637362637,611
Restricted,True,182,121,66.48351648351648,611
Restricted,False,182,140,76.92307692307693,612
Restricted,True,182,121,66.48351648351648,612
Restricted,False,182,129,70.87912087912088,613
Restricted,True,182,117,64.28571428571429,613
Restricted,False,182,140,76.92307692307693,614
Restricted,True,182,119,65.38461538461539,614
Restricted,False,182,139,76.37362637362637,615
Restricted,True,182,117,64.28571428571429,615
Restricted,False,182,143,78.57142857142857,616
Restricted,True,182,120,65.93406593406593,616
Restricted,False,182,131,71.97802197802197,617
Restricted,True,182,122,67.03296703296702,617
Restricted,False,182,147,80.76923076923077,618
Restricted,True,182,114,62.637362637362635,618
Restricted,False,182,143,78.57142857142857,619
Restricted,True,182,129,70.87912087912088,619
Restricted,False,182,140,76.92307692307693,620
Restricted,True,182,122,67.03296703296702,620
Restricted,False,182,134,73.62637362637363,621
Restricted,True,182,122,67.03296703296702,621
Restricted,False,182,141,77.47252747252747,622
Restricted,True,182,127,69.78021978021978,622
Restricted,False,182,141,77.47252747252747,623
Restricted,True,182,125,68.68131868131869,623
Restricted,False,182,147,80.76923076923077,624
Restricted,True,182,108,59.34065934065934,624
Restricted,False,182,150,82.41758241758241,625
Restricted,True,182,114,62.637362637362635,625
Restricted,False,182,150,82.41758241758241,626
Restricted,True,182,122,67.03296703296702,626
Restricted,False,182,143,78.57142857142857,627
Restricted,True,182,128,70.32967032967034,627
Restricted,False,182,138,75.82417582417582,628
Restricted,True,182,115,63.18681318681318,628
Restricted,False,182,135,74.17582417582418,629
Restricted,True,182,122,67.03296703296702,629
Restricted,False,182,144,79.12087912087912,630
Restricted,True,182,121,66.48351648351648,630
Restricted,False,182,141,77.47252747252747,631
Restricted,True,182,127,69.78021978021978,631
Restricted,False,182,137,75.27472527472527,632
Restricted,True,182,119,65.38461538461539,632
Restricted,False,182,142,78.02197802197803,633
Restricted,True,182,125,68.68131868131869,633
Restricted,False,182,145,79.67032967032966,634
Restricted,True,182,121,66.48351648351648,634
Restricted,False,182,135,74.17582417582418,635
Restricted,True,182,118,64.83516483516483,635
Restricted,False,182,147,80.76923076923077,636
Restricted,True,182,122,67.03296703296702,636
Restricted,False,182,143,78.57142857142857,637
Restricted,True,182,115,63.18681318681318,637
Restricted,False,182,142,78.02197802197803,638
Restricted,True,182,121,66.48351648351648,638
Restricted,False,182,147,80.76923076923077,639
Restricted,True,182,118,64.83516483516483,639
Restricted,False,182,141,77.47252747252747,640
Restricted,True,182,107,58.791208791208796,640
Restricted,False,182,133,73.07692307692307,641
Restricted,True,182,129,70.87912087912088,641
Restricted,False,182,148,81.31868131868131,642
Restricted,True,182,117,64.28571428571429,642
Restricted,False,182,141,77.47252747252747,643
Restricted,True,182,131,71.97802197802197,643
Restricted,False,182,138,75.82417582417582,644
Restricted,True,182,126,69.23076923076923,644
Restricted,False,182,138,75.82417582417582,645
Restricted,True,182,117,64.28571428571429,645
Restricted,False,182,147,80.76923076923077,646
Restricted,True,182,120,65.93406593406593,646
Restricted,False,182,132,72.52747252747253,647
Restricted,True,182,122,67.03296703296702,647
Restricted,False,182,150,82.41758241758241,648
Restricted,True,182,116,63.73626373626373,648
Restricted,False,182,145,79.67032967032966,649
Restricted,True,182,125,68.68131868131869,649
Restricted,False,182,143,78.57142857142857,650
Restricted,True,182,117,64.28571428571429,650
Restricted,False,182,141,77.47252747252747,651
Restricted,True,182,115,63.18681318681318,651
Restricted,False,182,142,78.02197802197803,652
Restricted,True,182,117,64.28571428571429,652
Restricted,False,182,145,79.67032967032966,653
Restricted,True,182,115,63.18681318681318,653
Restricted,False,182,139,76.37362637362637,654
Restricted,True,182,108,59.34065934065934,654
Restricted,False,182,138,75.82417582417582,655
Restricted,True,182,121,66.48351648351648,655
Restricted,False,182,143,78.57142857142857,656
Restricted,True,182,130,71.42857142857143,656
Restricted,False,182,144,79.12087912087912,657
Restricted,True,182,116,63.73626373626373,657
Restricted,False,182,147,80.76923076923077,658
Restricted,True,182,116,63.73626373626373,658
Restricted,False,182,138,75.82417582417582,659
Restricted,True,182,112,61.53846153846154,659
Restricted,False,182,146,80.21978021978022,660
Restricted,True,182,129,70.87912087912088,660
Restricted,False,182,125,68.68131868131869,661
Restricted,True,182,121,66.48351648351648,661
Restricted,False,182,150,82.41758241758241,662
Restricted,True,182,120,65.93406593406593,662
Restricted,False,182,150,82.41758241758241,663
Restricted,True,182,109,59.89010989010989,663
Restricted,False,182,139,76.37362637362637,664
Restricted,True,182,115,63.18681318681318,664
Restricted,False,182,148,81.31868131868131,665
Restricted,True,182,122,67.03296703296702,665
Restricted,False,182,146,80.21978021978022,666
Restricted,True,182,126,69.23076923076923,666
Restricted,False,182,140,76.92307692307693,667
Restricted,True,182,113,62.08791208791209,667
Restricted,False,182,141,77.47252747252747,668
Restricted,True,182,113,62.08791208791209,668
Restricted,False,182,135,74.17582417582418,669
Restricted,True,182,123,67.58241758241759,669
Restricted,False,182,140,76.92307692307693,670
Restricted,True,182,120,65.93406593406593,670
Restricted,False,182,138,75.82417582417582,671
Restricted,True,182,120,65.93406593406593,671
Restricted,False,182,140,76.92307692307693,672
Restricted,True,182,112,61.53846153846154,672
Restricted,False,182,144,79.12087912087912,673
Restricted,True,182,120,65.93406593406593,673
Restricted,False,182,142,78.02197802197803,674
Restricted,True,182,107,58.791208791208796,674
Restricted,False,182,149,81.86813186813187,675
Restricted,True,182,115,63.18681318681318,675
Restricted,False,182,145,79.67032967032966,676
Restricted,True,182,126,69.23076923076923,676
Restricted,False,182,139,76.37362637362637,677
Restricted,True,182,121,66.48351648351648,677
Restricted,False,182,141,77.47252747252747,678
Restricted,True,182,123,67.58241758241759,678
Restricted,False,182,147,80.76923076923077,679
Restricted,True,182,107,58.791208791208796,679
Restricted,False,182,151,82.96703296703298,680
Restricted,True,182,114,62.637362637362635,680
Restricted,False,182,137,75.27472527472527,681
Restricted,True,182,121,66.48351648351648,681
Restricted,False,182,137,75.27472527472527,682
Restricted,True,182,117,64.28571428571429,682
Restricted,False,182,145,79.67032967032966,683
Restricted,True,182,129,70.87912087912088,683
Restricted,False,182,148,81.31868131868131,684
Restricted,True,182,130,71.42857142857143,684
Restricted,False,182,141,77.47252747252747,685
Restricted,True,182,118,64.83516483516483,685
Restricted,False,182,146,80.21978021978022,686
Restricted,True,182,122,67.03296703296702,686
Restricted,False,182,148,81.31868131868131,687
Restricted,True,182,118,64.83516483516483,687
Restricted,False,182,145,79.67032967032966,688
Restricted,True,182,126,69.23076923076923,688
Restricted,False,182,142,78.02197802197803,689
Restricted,True,182,107,58.791208791208796,689
Restricted,False,182,146,80.21978021978022,690
Restricted,True,182,111,60.98901098901099,690
Restricted,False,182,139,76.37362637362637,691
Restricted,True,182,121,66.48351648351648,691
Restricted,False,182,134,73.62637362637363,692
Restricted,True,182,118,64.83516483516483,692
Restricted,False,182,143,78.57142857142857,693
Restricted,True,182,129,70.87912087912088,693
Restricted,False,182,134,73.62637362637363,694
Restricted,True,182,126,69.23076923076923,694
Restricted,False,182,142,78.02197802197803,695
Restricted,True,182,120,65.93406593406593,695
Restricted,False,182,148,81.31868131868131,696
Restricted,True,182,117,64.28571428571429,696
Restricted,False,182,140,76.92307692307693,697
Restricted,True,182,117,64.28571428571429,697
Restricted,False,182,142,78.02197802197803,698
Restricted,True,182,115,63.18681318681318,698
Restricted,False,182,143,78.57142857142857,699
Restricted,True,182,124,68.13186813186813,699
Restricted,False,182,144,79.12087912087912,700
Restricted,True,182,111,60.98901098901099,700
Restricted,False,182,145,79.67032967032966,701
Restricted,True,182,122,67.03296703296702,701
Restricted,False,182,142,78.02197802197803,702
Restricted,True,182,132,72.52747252747253,702
Restricted,False,182,141,77.47252747252747,703
Restricted,True,182,123,67.58241758241759,703
Restricted,False,182,129,70.87912087912088,704
Restricted,True,182,120,65.93406593406593,704
Restricted,False,182,136,74.72527472527473,705
Restricted,True,182,118,64.83516483516483,705
Restricted,False,182,142,78.02197802197803,706
Restricted,True,182,126,69.23076923076923,706
Restricted,False,182,143,78.57142857142857,707
Restricted,True,182,127,69.78021978021978,707
Restricted,False,182,145,79.67032967032966,708
Restricted,True,182,113,62.08791208791209,708
Restricted,False,182,134,73.62637362637363,709
Restricted,True,182,123,67.58241758241759,709
Restricted,False,182,144,79.12087912087912,710
Restricted,True,182,112,61.53846153846154,710
Restricted,False,182,148,81.31868131868131,711
Restricted,True,182,126,69.23076923076923,711
Restricted,False,182,137,75.27472527472527,712
Restricted,True,182,120,65.93406593406593,712
Restricted,False,182,147,80.76923076923077,713
Restricted,True,182,130,71.42857142857143,713
Restricted,False,182,150,82.41758241758241,714
Restricted,True,182,115,63.18681318681318,714
Restricted,False,182,149,81.86813186813187,715
Restricted,True,182,115,63.18681318681318,715
Restricted,False,182,140,76.92307692307693,716
Restricted,True,182,123,67.58241758241759,716
Restricted,False,182,147,80.76923076923077,717
Restricted,True,182,126,69.23076923076923,717
Restricted,False,182,147,80.76923076923077,718
Restricted,True,182,125,68.68131868131869,718
Restricted,False,182,143,78.57142857142857,719
Restricted,True,182,110,60.43956043956044,719
Restricted,False,182,146,80.21978021978022,720
Restricted,True,182,117,64.28571428571429,720
Restricted,False,182,138,75.82417582417582,721
Restricted,True,182,129,70.87912087912088,721
Restricted,False,182,141,77.47252747252747,722
Restricted,True,182,134,73.62637362637363,722
Restricted,False,182,143,78.57142857142857,723
Restricted,True,182,125,68.68131868131869,723
Restricted,False,182,141,77.47252747252747,724
Restricted,True,182,126,69.23076923076923,724
Restricted,False,182,142,78.02197802197803,725
Restricted,True,182,116,63.73626373626373,725
Restricted,False,182,143,78.57142857142857,726
Restricted,True,182,124,68.13186813186813,726
Restricted,False,182,150,82.41758241758241,727
Restricted,True,182,124,68.13186813186813,727
Restricted,False,182,147,80.76923076923077,728
Restricted,True,182,115,63.18681318681318,728
Restricted,False,182,132,72.52747252747253,729
Restricted,True,182,116,63.73626373626373,729
Restricted,False,182,146,80.21978021978022,730
Restricted,True,182,112,61.53846153846154,730
Restricted,False,182,138,75.82417582417582,731
Restricted,True,182,132,72.52747252747253,731
Restricted,False,182,137,75.27472527472527,732
Restricted,True,182,125,68.68131868131869,732
Restricted,False,182,144,79.12087912087912,733
Restricted,True,182,132,72.52747252747253,733
Restricted,False,182,141,77.47252747252747,734
Restricted,True,182,122,67.03296703296702,734
Restricted,False,182,144,79.12087912087912,735
Restricted,True,182,117,64.28571428571429,735
Restricted,False,182,150,82.41758241758241,736
Restricted,True,182,124,68.13186813186813,736
Restricted,False,182,143,78.57142857142857,737
Restricted,True,182,127,69.78021978021978,737
Restricted,False,182,149,81.86813186813187,738
Restricted,True,182,129,70.87912087912088,738
Restricted,False,182,145,79.67032967032966,739
Restricted,True,182,124,68.13186813186813,739
Restricted,False,182,146,80.21978021978022,740
Restricted,True,182,123,67.58241758241759,740
Restricted,False,182,146,80.21978021978022,741
Restricted,True,182,110,60.43956043956044,741
Restricted,False,182,146,80.21978021978022,742
Restricted,True,182,120,65.93406593406593,742
Restricted,False,182,148,81.31868131868131,743
Restricted,True,182,122,67.03296703296702,743
Restricted,False,182,143,78.57142857142857,744
Restricted,True,182,122,67.03296703296702,744
Restricted,False,182,142,78.02197802197803,745
Restricted,True,182,114,62.637362637362635,745
Restricted,False,182,144,79.12087912087912,746
Restricted,True,182,132,72.52747252747253,746
Restricted,False,182,141,77.47252747252747,747
Restricted,True,182,127,69.78021978021978,747
Restricted,False,182,143,78.57142857142857,748
Restricted,True,182,111,60.98901098901099,748
Restricted,False,182,147,80.76923076923077,749
Restricted,True,182,102,56.043956043956044,749
Restricted,False,182,138,75.82417582417582,750
Restricted,True,182,117,64.28571428571429,750
Restricted,False,182,142,78.02197802197803,751
Restricted,True,182,103,56.59340659340659,751
Restricted,False,182,140,76.92307692307693,752
Restricted,True,182,119,65.38461538461539,752
Restricted,False,182,134,73.62637362637363,753
Restricted,True,182,120,65.93406593406593,753
Restricted,False,182,138,75.82417582417582,754
Restricted,True,182,117,64.28571428571429,754
Restricted,False,182,139,76.37362637362637,755
Restricted,True,182,120,65.93406593406593,755
Restricted,False,182,152,83.51648351648352,756
Restricted,True,182,129,70.87912087912088,756
Restricted,False,182,135,74.17582417582418,757
Restricted,True,182,119,65.38461538461539,757
Restricted,False,182,147,80.76923076923077,758
Restricted,True,182,112,61.53846153846154,758
Restricted,False,182,137,75.27472527472527,759
Restricted,True,182,126,69.23076923076923,759
Restricted,False,182,139,76.37362637362637,760
Restricted,True,182,117,64.28571428571429,760
Restricted,False,182,145,79.67032967032966,761
Restricted,True,182,125,68.68131868131869,761
Restricted,False,182,150,82.41758241758241,762
Restricted,True,182,125,68.68131868131869,762
Restricted,False,182,142,78.02197802197803,763
Restricted,True,182,114,62.637362637362635,763
Restricted,False,182,147,80.76923076923077,764
Restricted,True,182,119,65.38461538461539,764
Restricted,False,182,138,75.82417582417582,765
Restricted,True,182,113,62.08791208791209,765
Restricted,False,182,149,81.86813186813187,766
Restricted,True,182,120,65.93406593406593,766
Restricted,False,182,140,76.92307692307693,767
Restricted,True,182,111,60.98901098901099,767
Restricted,False,182,137,75.27472527472527,768
Restricted,True,182,127,69.78021978021978,768
Restricted,False,182,140,76.92307692307693,769
Restricted,True,182,112,61.53846153846154,769
Restricted,False,182,138,75.82417582417582,770
Restricted,True,182,128,70.32967032967034,770
Restricted,False,182,145,79.67032967032966,771
Restricted,True,182,122,67.03296703296702,771
Restricted,False,182,146,80.21978021978022,772
Restricted,True,182,104,57.14285714285714,772
Restricted,False,182,138,75.82417582417582,773
Restricted,True,182,112,61.53846153846154,773
Restricted,False,182,135,74.17582417582418,774
Restricted,True,182,132,72.52747252747253,774
Restricted,False,182,140,76.92307692307693,775
Restricted,True,182,122,67.03296703296702,775
Restricted,False,182,142,78.02197802197803,776
Restricted,True,182,117,64.28571428571429,776
Restricted,False,182,143,78.57142857142857,777
Restricted,True,182,120,65.93406593406593,777
Restricted,False,182,150,82.41758241758241,778
Restricted,True,182,123,67.58241758241759,778
Restricted,False,182,139,76.37362637362637,779
Restricted,True,182,117,64.28571428571429,779
Restricted,False,182,142,78.02197802197803,780
Restricted,True,182,118,64.83516483516483,780
Restricted,False,182,143,78.57142857142857,781
Restricted,True,182,109,59.89010989010989,781
Restricted,False,182,142,78.02197802197803,782
Restricted,True,182,116,63.73626373626373,782
Restricted,False,182,145,79.67032967032966,783
Restricted,True,182,118,64.83516483516483,783
Restricted,False,182,144,79.12087912087912,784
Restricted,True,182,115,63.18681318681318,784
Restricted,False,182,143,78.57142857142857,785
Restricted,True,182,119,65.38461538461539,785
Restricted,False,182,141,77.47252747252747,786
Restricted,True,182,117,64.28571428571429,786
Restricted,False,182,148,81.31868131868131,787
Restricted,True,182,122,67.03296703296702,787
Restricted,False,182,146,80.21978021978022,788
Restricted,True,182,113,62.08791208791209,788
Restricted,False,182,140,76.92307692307693,789
Restricted,True,182,123,67.58241758241759,789
Restricted,False,182,131,71.97802197802197,790
Restricted,True,182,117,64.28571428571429,790
Restricted,False,182,148,81.31868131868131,791
Restricted,True,182,119,65.38461538461539,791
Restricted,False,182,142,78.02197802197803,792
Restricted,True,182,116,63.73626373626373,792
Restricted,False,182,138,75.82417582417582,793
Restricted,True,182,118,64.83516483516483,793
Restricted,False,182,135,74.17582417582418,794
Restricted,True,182,116,63.73626373626373,794
Restricted,False,182,144,79.12087912087912,795
Restricted,True,182,119,65.38461538461539,795
Restricted,False,182,144,79.12087912087912,796
Restricted,True,182,122,67.03296703296702,796
Restricted,False,182,138,75.82417582417582,797
Restricted,True,182,114,62.637362637362635,797
Restricted,False,182,148,81.31868131868131,798
Restricted,True,182,116,63.73626373626373,798
Restricted,False,182,135,74.17582417582418,799
Restricted,True,182,117,64.28571428571429,799
Restricted,False,182,131,71.97802197802197,800
Restricted,True,182,124,68.13186813186813,800
Restricted,False,182,143,78.57142857142857,801
Restricted,True,182,118,64.83516483516483,801
Restricted,False,182,138,75.82417582417582,802
Restricted,True,182,125,68.68131868131869,802
Restricted,False,182,143,78.57142857142857,803
Restricted,True,182,115,63.18681318681318,803
Restricted,False,182,143,78.57142857142857,804
Restricted,True,182,119,65.38461538461539,804
Restricted,False,182,148,81.31868131868131,805
Restricted,True,182,118,64.83516483516483,805
Restricted,False,182,136,74.72527472527473,806
Restricted,True,182,116,63.73626373626373,806
Restricted,False,182,143,78.57142857142857,807
Restricted,True,182,118,64.83516483516483,807
Restricted,False,182,141,77.47252747252747,808
Restricted,True,182,119,65.38461538461539,808
Restricted,False,182,144,79.12087912087912,809
Restricted,True,182,113,62.08791208791209,809
Restricted,False,182,136,74.72527472527473,810
Restricted,True,182,117,64.28571428571429,810
Restricted,False,182,149,81.86813186813187,811
Restricted,True,182,119,65.38461538461539,811
Restricted,False,182,147,80.76923076923077,812
Restricted,True,182,114,62.637362637362635,812
Restricted,False,182,151,82.96703296703298,813
Restricted,True,182,124,68.13186813186813,813
Restricted,False,182,144,79.12087912087912,814
Restricted,True,182,119,65.38461538461539,814
Restricted,False,182,136,74.72527472527473,815
Restricted,True,182,126,69.23076923076923,815
Restricted,False,182,134,73.62637362637363,816
Restricted,True,182,119,65.38461538461539,816
Restricted,False,182,138,75.82417582417582,817
Restricted,True,182,117,64.28571428571429,817
Restricted,False,182,141,77.47252747252747,818
Restricted,True,182,116,63.73626373626373,818
Restricted,False,182,140,76.92307692307693,819
Restricted,True,182,121,66.48351648351648,819
Restricted,False,182,135,74.17582417582418,820
Restricted,True,182,117,64.28571428571429,820
Restricted,False,182,145,79.67032967032966,821
Restricted,True,182,122,67.03296703296702,821
Restricted,False,182,142,78.02197802197803,822
Restricted,True,182,124,68.13186813186813,822
Restricted,False,182,149,81.86813186813187,823
Restricted,True,182,111,60.98901098901099,823
Restricted,False,182,137,75.27472527472527,824
Restricted,True,182,120,65.93406593406593,824
Restricted,False,182,150,82.41758241758241,825
Restricted,True,182,122,67.03296703296702,825
Restricted,False,182,132,72.52747252747253,826
Restricted,True,182,121,66.48351648351648,826
Restricted,False,182,152,83.51648351648352,827
Restricted,True,182,120,65.93406593406593,827
Restricted,False,182,150,82.41758241758241,828
Restricted,True,182,126,69.23076923076923,828
Restricted,False,182,141,77.47252747252747,829
Restricted,True,182,118,64.83516483516483,829
Restricted,False,182,140,76.92307692307693,830
Restricted,True,182,110,60.43956043956044,830
Restricted,False,182,140,76.92307692307693,831
Restricted,True,182,114,62.637362637362635,831
Restricted,False,182,136,74.72527472527473,832
Restricted,True,182,119,65.38461538461539,832
Restricted,False,182,145,79.67032967032966,833
Restricted,True,182,131,71.97802197802197,833
Restricted,False,182,139,76.37362637362637,834
Restricted,True,182,116,63.73626373626373,834
Restricted,False,182,135,74.17582417582418,835
Restricted,True,182,116,63.73626373626373,835
Restricted,False,182,143,78.57142857142857,836
Restricted,True,182,128,70.32967032967034,836
Restricted,False,182,150,82.41758241758241,837
Restricted,True,182,113,62.08791208791209,837
Restricted,False,182,136,74.72527472527473,838
Restricted,True,182,115,63.18681318681318,838
Restricted,False,182,139,76.37362637362637,839
Restricted,True,182,112,61.53846153846154,839
Restricted,False,182,143,78.57142857142857,840
Restricted,True,182,110,60.43956043956044,840
Restricted,False,182,141,77.47252747252747,841
Restricted,True,182,110,60.43956043956044,841
Restricted,False,182,143,78.57142857142857,842
Restricted,True,182,118,64.83516483516483,842
Restricted,False,182,136,74.72527472527473,843
Restricted,True,182,116,63.73626373626373,843
Restricted,False,182,148,81.31868131868131,844
Restricted,True,182,120,65.93406593406593,844
Restricted,False,182,145,79.67032967032966,845
Restricted,True,182,116,63.73626373626373,845
Restricted,False,182,143,78.57142857142857,846
Restricted,True,182,128,70.32967032967034,846
Restricted,False,182,132,72.52747252747253,847
Restricted,True,182,129,70.87912087912088,847
Restricted,False,182,143,78.57142857142857,848
Restricted,True,182,129,70.87912087912088,848
Restricted,False,182,141,77.47252747252747,849
Restricted,True,182,121,66.48351648351648,849
Restricted,False,182,140,76.92307692307693,850
Restricted,True,182,111,60.98901098901099,850
Restricted,False,182,137,75.27472527472527,851
Restricted,True,182,117,64.28571428571429,851
Restricted,False,182,146,80.21978021978022,852
Restricted,True,182,120,65.93406593406593,852
Restricted,False,182,136,74.72527472527473,853
Restricted,True,182,124,68.13186813186813,853
Restricted,False,182,144,79.12087912087912,854
Restricted,True,182,115,63.18681318681318,854
Restricted,False,182,139,76.37362637362637,855
Restricted,True,182,131,71.97802197802197,855
Restricted,False,182,146,80.21978021978022,856
Restricted,True,182,123,67.58241758241759,856
Restricted,False,182,142,78.02197802197803,857
Restricted,True,182,130,71.42857142857143,857
Restricted,False,182,140,76.92307692307693,858
Restricted,True,182,129,70.87912087912088,858
Restricted,False,182,145,79.67032967032966,859
Restricted,True,182,114,62.637362637362635,859
Restricted,False,182,146,80.21978021978022,860
Restricted,True,182,112,61.53846153846154,860
Restricted,False,182,139,76.37362637362637,861
Restricted,True,182,120,65.93406593406593,861
Restricted,False,182,137,75.27472527472527,862
Restricted,True,182,125,68.68131868131869,862
Restricted,False,182,134,73.62637362637363,863
Restricted,True,182,124,68.13186813186813,863
Restricted,False,182,143,78.57142857142857,864
Restricted,True,182,118,64.83516483516483,864
Restricted,False,182,139,76.37362637362637,865
Restricted,True,182,127,69.78021978021978,865
Restricted,False,182,152,83.51648351648352,866
Restricted,True,182,115,63.18681318681318,866
Restricted,False,182,138,75.82417582417582,867
Restricted,True,182,114,62.637362637362635,867
Restricted,False,182,145,79.67032967032966,868
Restricted,True,182,125,68.68131868131869,868
Restricted,False,182,146,80.21978021978022,869
Restricted,True,182,119,65.38461538461539,869
Restricted,False,182,151,82.96703296703298,870
Restricted,True,182,115,63.18681318681318,870
Restricted,False,182,139,76.37362637362637,871
Restricted,True,182,117,64.28571428571429,871
Restricted,False,182,136,74.72527472527473,872
Restricted,True,182,119,65.38461538461539,872
Restricted,False,182,141,77.47252747252747,873
Restricted,True,182,114,62.637362637362635,873
Restricted,False,182,144,79.12087912087912,874
Restricted,True,182,102,56.043956043956044,874
Restricted,False,182,138,75.82417582417582,875
Restricted,True,182,110,60.43956043956044,875
Restricted,False,182,143,78.57142857142857,876
Restricted,True,182,116,63.73626373626373,876
Restricted,False,182,143,78.57142857142857,877
Restricted,True,182,131,71.97802197802197,877
Restricted,False,182,144,79.12087912087912,878
Restricted,True,182,118,64.83516483516483,878
Restricted,False,182,139,76.37362637362637,879
Restricted,True,182,116,63.73626373626373,879
Restricted,False,182,142,78.02197802197803,880
Restricted,True,182,124,68.13186813186813,880
Restricted,False,182,150,82.41758241758241,881
Restricted,True,182,119,65.38461538461539,881
Restricted,False,182,145,79.67032967032966,882
Restricted,True,182,129,70.87912087912088,882
Restricted,False,182,133,73.07692307692307,883
Restricted,True,182,115,63.18681318681318,883
Restricted,False,182,144,79.12087912087912,884
Restricted,True,182,119,65.38461538461539,884
Restricted,False,182,140,76.92307692307693,885
Restricted,True,182,123,67.58241758241759,885
Restricted,False,182,140,76.92307692307693,886
Restricted,True,182,115,63.18681318681318,886
Restricted,False,182,131,71.97802197802197,887
Restricted,True,182,111,60.98901098901099,887
Restricted,False,182,136,74.72527472527473,888
Restricted,True,182,121,66.48351648351648,888
Restricted,False,182,141,77.47252747252747,889
Restricted,True,182,110,60.43956043956044,889
Restricted,False,182,158,86.81318681318682,890
Restricted,True,182,117,64.28571428571429,890
Restricted,False,182,139,76.37362637362637,891
Restricted,True,182,129,70.87912087912088,891
Restricted,False,182,137,75.27472527472527,892
Restricted,True,182,109,59.89010989010989,892
Restricted,False,182,137,75.27472527472527,893
Restricted,True,182,129,70.87912087912088,893
Restricted,False,182,142,78.02197802197803,894
Restricted,True,182,114,62.637362637362635,894
Restricted,False,182,152,83.51648351648352,895
Restricted,True,182,126,69.23076923076923,895
Restricted,False,182,142,78.02197802197803,896
Restricted,True,182,119,65.38461538461539,896
Restricted,False,182,149,81.86813186813187,897
Restricted,True,182,109,59.89010989010989,897
Restricted,False,182,138,75.82417582417582,898
Restricted,True,182,118,64.83516483516483,898
Restricted,False,182,138,75.82417582417582,899
Restricted,True,182,117,64.28571428571429,899
Restricted,False,182,143,78.57142857142857,900
Restricted,True,182,116,63.73626373626373,900
Restricted,False,182,137,75.27472527472527,901
Restricted,True,182,128,70.32967032967034,901
Restricted,False,182,136,74.72527472527473,902
Restricted,True,182,121,66.48351648351648,902
Restricted,False,182,142,78.02197802197803,903
Restricted,True,182,118,64.83516483516483,903
Restricted,False,182,144,79.12087912087912,904
Restricted,True,182,124,68.13186813186813,904
Restricted,False,182,145,79.67032967032966,905
Restricted,True,182,120,65.93406593406593,905
Restricted,False,182,133,73.07692307692307,906
Restricted,True,182,111,60.98901098901099,906
Restricted,False,182,146,80.21978021978022,907
Restricted,True,182,112,61.53846153846154,907
Restricted,False,182,133,73.07692307692307,908
Restricted,True,182,114,62.637362637362635,908
Restricted,False,182,146,80.21978021978022,909
Restricted,True,182,104,57.14285714285714,909
Restricted,False,182,133,73.07692307692307,910
Restricted,True,182,114,62.637362637362635,910
Restricted,False,182,143,78.57142857142857,911
Restricted,True,182,118,64.83516483516483,911
Restricted,False,182,147,80.76923076923077,912
Restricted,True,182,115,63.18681318681318,912
Restricted,False,182,133,73.07692307692307,913
Restricted,True,182,119,65.38461538461539,913
Restricted,False,182,143,78.57142857142857,914
Restricted,True,182,118,64.83516483516483,914
Restricted,False,182,146,80.21978021978022,915
Restricted,True,182,119,65.38461538461539,915
Restricted,False,182,141,77.47252747252747,916
Restricted,True,182,120,65.93406593406593,916
Restricted,False,182,136,74.72527472527473,917
Restricted,True,182,116,63.73626373626373,917
Restricted,False,182,149,81.86813186813187,918
Restricted,True,182,123,67.58241758241759,918
Restricted,False,182,148,81.31868131868131,919
Restricted,True,182,120,65.93406593406593,919
Restricted,False,182,146,80.21978021978022,920
Restricted,True,182,123,67.58241758241759,920
Restricted,False,182,153,84.06593406593407,921
Restricted,True,182,121,66.48351648351648,921
Restricted,False,182,152,83.51648351648352,922
Restricted,True,182,113,62.08791208791209,922
Restricted,False,182,150,82.41758241758241,923
Restricted,True,182,124,68.13186813186813,923
Restricted,False,182,150,82.41758241758241,924
Restricted,True,182,112,61.53846153846154,924
Restricted,False,182,143,78.57142857142857,925
Restricted,True,182,115,63.18681318681318,925
Restricted,False,182,144,79.12087912087912,926
Restricted,True,182,120,65.93406593406593,926
Restricted,False,182,149,81.86813186813187,927
Restricted,True,182,112,61.53846153846154,927
Restricted,False,182,146,80.21978021978022,928
Restricted,True,182,121,66.48351648351648,928
Restricted,False,182,144,79.12087912087912,929
Restricted,True,182,119,65.38461538461539,929
Restricted,False,182,146,80.21978021978022,930
Restricted,True,182,125,68.68131868131869,930
Restricted,False,182,137,75.27472527472527,931
Restricted,True,182,121,66.48351648351648,931
Restricted,False,182,141,77.47252747252747,932
Restricted,True,182,118,64.83516483516483,932
Restricted,False,182,133,73.07692307692307,933
Restricted,True,182,129,70.87912087912088,933
Restricted,False,182,147,80.76923076923077,934
Restricted,True,182,119,65.38461538461539,934
Restricted,False,182,145,79.67032967032966,935
Restricted,True,182,125,68.68131868131869,935
Restricted,False,182,138,75.82417582417582,936
Restricted,True,182,119,65.38461538461539,936
Restricted,False,182,140,76.92307692307693,937
Restricted,True,182,119,65.38461538461539,937
Restricted,False,182,128,70.32967032967034,938
Restricted,True,182,130,71.42857142857143,938
Restricted,False,182,140,76.92307692307693,939
Restricted,True,182,121,66.48351648351648,939
Restricted,False,182,138,75.82417582417582,940
Restricted,True,182,126,69.23076923076923,940
Restricted,False,182,147,80.76923076923077,941
Restricted,True,182,122,67.03296703296702,941
Restricted,False,182,143,78.57142857142857,942
Restricted,True,182,122,67.03296703296702,942
Restricted,False,182,148,81.31868131868131,943
Restricted,True,182,134,73.62637362637363,943
Restricted,False,182,135,74.17582417582418,944
Restricted,True,182,114,62.637362637362635,944
Restricted,False,182,141,77.47252747252747,945
Restricted,True,182,121,66.48351648351648,945
Restricted,False,182,142,78.02197802197803,946
Restricted,True,182,121,66.48351648351648,946
Restricted,False,182,152,83.51648351648352,947
Restricted,True,182,116,63.73626373626373,947
Restricted,False,182,144,79.12087912087912,948
Restricted,True,182,130,71.42857142857143,948
Restricted,False,182,138,75.82417582417582,949
Restricted,True,182,116,63.73626373626373,949
Restricted,False,182,140,76.92307692307693,950
Restricted,True,182,111,60.98901098901099,950
Restricted,False,182,138,75.82417582417582,951
Restricted,True,182,118,64.83516483516483,951
Restricted,False,182,130,71.42857142857143,952
Restricted,True,182,116,63.73626373626373,952
Restricted,False,182,144,79.12087912087912,953
Restricted,True,182,117,64.28571428571429,953
Restricted,False,182,148,81.31868131868131,954
Restricted,True,182,108,59.34065934065934,954
Restricted,False,182,135,74.17582417582418,955
Restricted,True,182,121,66.48351648351648,955
Restricted,False,182,130,71.42857142857143,956
Restricted,True,182,123,67.58241758241759,956
Restricted,False,182,137,75.27472527472527,957
Restricted,True,182,120,65.93406593406593,957
Restricted,False,182,145,79.67032967032966,958
Restricted,True,182,109,59.89010989010989,958
Restricted,False,182,139,76.37362637362637,959
Restricted,True,182,117,64.28571428571429,959
Restricted,False,182,143,78.57142857142857,960
Restricted,True,182,123,67.58241758241759,960
Restricted,False,182,139,76.37362637362637,961
Restricted,True,182,122,67.03296703296702,961
Restricted,False,182,132,72.52747252747253,962
Restricted,True,182,118,64.83516483516483,962
Restricted,False,182,149,81.86813186813187,963
Restricted,True,182,119,65.38461538461539,963
Restricted,False,182,141,77.47252747252747,964
Restricted,True,182,117,64.28571428571429,964
Restricted,False,182,147,80.76923076923077,965
Restricted,True,182,121,66.48351648351648,965
Restricted,False,182,131,71.97802197802197,966
Restricted,True,182,116,63.73626373626373,966
Restricted,False,182,149,81.86813186813187,967
Restricted,True,182,116,63.73626373626373,967
Restricted,False,182,148,81.31868131868131,968
Restricted,True,182,119,65.38461538461539,968
Restricted,False,182,144,79.12087912087912,969
Restricted,True,182,124,68.13186813186813,969
Restricted,False,182,144,79.12087912087912,970
Restricted,True,182,118,64.83516483516483,970
Restricted,False,182,144,79.12087912087912,971
Restricted,True,182,107,58.791208791208796,971
Restricted,False,182,146,80.21978021978022,972
Restricted,True,182,125,68.68131868131869,972
Restricted,False,182,144,79.12087912087912,973
Restricted,True,182,119,65.38461538461539,973
Restricted,False,182,151,82.96703296703298,974
Restricted,True,182,117,64.28571428571429,974
Restricted,False,182,140,76.92307692307693,975
Restricted,True,182,119,65.38461538461539,975
Restricted,False,182,150,82.41758241758241,976
Restricted,True,182,116,63.73626373626373,976
Restricted,False,182,142,78.02197802197803,977
Restricted,True,182,123,67.58241758241759,977
Restricted,False,182,141,77.47252747252747,978
Restricted,True,182,118,64.83516483516483,978
Restricted,False,182,150,82.41758241758241,979
Restricted,True,182,110,60.43956043956044,979
Restricted,False,182,143,78.57142857142857,980
Restricted,True,182,115,63.18681318681318,980
Restricted,False,182,145,79.67032967032966,981
Restricted,True,182,120,65.93406593406593,981
Restricted,False,182,129,70.87912087912088,982
Restricted,True,182,113,62.08791208791209,982
Restricted,False,182,157,86.26373626373626,983
Restricted,True,182,119,65.38461538461539,983
Restricted,False,182,146,80.21978021978022,984
Restricted,True,182,114,62.637362637362635,984
Restricted,False,182,133,73.07692307692307,985
Restricted,True,182,113,62.08791208791209,985
Restricted,False,182,146,80.21978021978022,986
Restricted,True,182,121,66.48351648351648,986
Restricted,False,182,138,75.82417582417582,987
Restricted,True,182,126,69.23076923076923,987
Restricted,False,182,150,82.41758241758241,988
Restricted,True,182,125,68.68131868131869,988
Restricted,False,182,144,79.12087912087912,989
Restricted,True,182,130,71.42857142857143,989
Restricted,False,182,139,76.37362637362637,990
Restricted,True,182,117,64.28571428571429,990
Restricted,False,182,139,76.37362637362637,991
Restricted,True,182,115,63.18681318681318,991
Restricted,False,182,131,71.97802197802197,992
Restricted,True,182,114,62.637362637362635,992
Restricted,False,182,145,79.67032967032966,993
Restricted,True,182,118,64.83516483516483,993
Restricted,False,182,145,79.67032967032966,994
Restricted,True,182,114,62.637362637362635,994
Restricted,False,182,131,71.97802197802197,995
Restricted,True,182,111,60.98901098901099,995
Restricted,False,182,150,82.41758241758241,996
Restricted,True,182,115,63.18681318681318,996
Restricted,False,182,149,81.86813186813187,997
Restricted,True,182,123,67.58241758241759,997
Restricted,False,182,144,79.12087912087912,998
Restricted,True,182,122,67.03296703296702,998
Restricted,False,182,149,81.86813186813187,999
Restricted,True,182,115,63.18681318681318,999
