Sample,Loop_L,ambient_L,Loop_R,ambient_R,datetime
0,5537,20,5537,19.8,12-Jun-2015 13:35:02
1,5537,20,5537,19.8,12-Jun-2015 13:35:03
2,5537,20,5537,19.8,12-Jun-2015 13:35:04
3,5537,20,5537,19.8,12-Jun-2015 13:35:05
4,5537,20,5537,19.8,12-Jun-2015 13:35:06
5,5537,20,5537,19.8,12-Jun-2015 13:35:07
6,5537,20,5537,19.8,12-Jun-2015 13:35:08
7,5537,20,5537,19.8,12-Jun-2015 13:35:09
8,5537,20,5537,19.8,12-Jun-2015 13:35:10
9,5537,20,5537,19.8,12-Jun-2015 13:35:11
10,5537,20,5537,19.8,12-Jun-2015 13:35:12
11,5537,20,5537,19.8,12-Jun-2015 13:35:13
12,5537,20,5537,19.8,12-Jun-2015 13:35:14
13,5537,20,5537,19.8,12-Jun-2015 13:35:15
14,5537,20,5537,19.8,12-Jun-2015 13:35:16
15,5537,20,5537,19.8,12-Jun-2015 13:35:17
16,5537,20,5537,19.8,12-Jun-2015 13:35:18
17,5537,20,5537,19.8,12-Jun-2015 13:35:19
18,5537,20,5537,19.8,12-Jun-2015 13:35:20
19,5537,20,5537,19.8,12-Jun-2015 13:35:21
20,5537,20,5537,19.8,12-Jun-2015 13:35:22
21,5537,20,5537,19.8,12-Jun-2015 13:35:23
22,5537,20,5537,19.8,12-Jun-2015 13:35:24
23,5537,20,5537,19.8,12-Jun-2015 13:35:25
24,5537,20,5537,19.8,12-Jun-2015 13:35:26
25,5537,20,5537,19.8,12-Jun-2015 13:35:27
26,5537,20,5537,19.8,12-Jun-2015 13:35:28
27,5537,20,5537,19.8,12-Jun-2015 13:35:29
28,5537,20,5537,19.8,12-Jun-2015 13:35:30
29,5537,20,5537,19.8,12-Jun-2015 13:35:31
30,5537,20,5537,19.8,12-Jun-2015 13:35:32
31,5537,20,5537,19.8,12-Jun-2015 13:35:33
32,5537,20,5537,19.8,12-Jun-2015 13:35:34
33,5537,20,5537,19.8,12-Jun-2015 13:35:35
34,5537,20,5537,19.8,12-Jun-2015 13:35:36
35,5537,20,5537,19.8,12-Jun-2015 13:35:37
36,5537,20,5537,19.8,12-Jun-2015 13:35:38
37,5537,20,5537,19.8,12-Jun-2015 13:35:39
38,5537,20,5537,19.8,12-Jun-2015 13:35:40
39,5537,20,5537,19.8,12-Jun-2015 13:35:41
40,5537,20,5537,19.8,12-Jun-2015 13:35:42
41,5537,20,5537,19.8,12-Jun-2015 13:35:43
42,5537,20,5537,19.8,12-Jun-2015 13:35:44
43,5537,20,5537,19.8,12-Jun-2015 13:35:45
44,5537,20,5537,19.8,12-Jun-2015 13:35:46
45,5537,20,5537,19.8,12-Jun-2015 13:35:48
46,5537,20,5537,19.8,12-Jun-2015 13:35:49
47,5537,20,5537,19.8,12-Jun-2015 13:35:50
48,5537,20,5537,19.8,12-Jun-2015 13:35:51
49,5537,20,5537,19.8,12-Jun-2015 13:35:52
50,5537,20,5537,19.8,12-Jun-2015 13:35:53
51,5537,20,5537,19.8,12-Jun-2015 13:35:54
52,5537,20,5537,19.8,12-Jun-2015 13:35:55
53,5537,20,5537,19.8,12-Jun-2015 13:35:56
54,5537,20,5537,19.8,12-Jun-2015 13:35:57
55,5537,20,5537,19.8,12-Jun-2015 13:35:58
56,5537,20,5537,19.8,12-Jun-2015 13:35:59
57,5537,20,5537,19.8,12-Jun-2015 13:36:00
58,5537,20,5537,19.8,12-Jun-2015 13:36:01
59,5537,20,5537,19.8,12-Jun-2015 13:36:02
60,5537,20,5537,19.8,12-Jun-2015 13:36:03
61,5537,20,5537,19.8,12-Jun-2015 13:36:04
62,5537,20,5537,19.8,12-Jun-2015 13:36:05
63,5537,20,5537,19.8,12-Jun-2015 13:36:06
64,5537,20,5537,19.8,12-Jun-2015 13:36:07
65,5537,20,5537,19.8,12-Jun-2015 13:36:08
66,5537,20,5537,19.8,12-Jun-2015 13:36:09
67,5537,20,5537,19.8,12-Jun-2015 13:36:10
68,5537,20,5537,19.8,12-Jun-2015 13:36:11
69,5537,20,5537,19.8,12-Jun-2015 13:36:12
70,5537,20,5537,19.8,12-Jun-2015 13:36:13
71,5537,20,5537,19.8,12-Jun-2015 13:36:14
72,5537,20,5537,19.8,12-Jun-2015 13:36:15
73,5537,20,5537,19.8,12-Jun-2015 13:36:16
74,5537,20,5537,19.8,12-Jun-2015 13:36:17
75,5537,20,5537,19.8,12-Jun-2015 13:36:18
76,5537,20,5537,19.8,12-Jun-2015 13:36:19
77,5537,20,5537,19.8,12-Jun-2015 13:36:20
78,5537,20,5537,19.8,12-Jun-2015 13:36:21
79,5537,20,5537,19.8,12-Jun-2015 13:36:22
80,5537,20,5537,19.8,12-Jun-2015 13:36:23
81,5537,20,5537,19.8,12-Jun-2015 13:36:24
82,5537,20,5537,19.8,12-Jun-2015 13:36:25
83,5537,20,5537,19.8,12-Jun-2015 13:36:26
84,5537,20,5537,19.8,12-Jun-2015 13:36:27
85,5537,20,5537,19.8,12-Jun-2015 13:36:28
86,5537,20,5537,19.8,12-Jun-2015 13:36:29
87,5537,20,5537,19.8,12-Jun-2015 13:36:30
88,5537,20,5537,19.8,12-Jun-2015 13:36:31
89,5537,20,5537,19.8,12-Jun-2015 13:36:32
90,5537,20,5537,19.8,12-Jun-2015 13:36:33
91,5537,20,5537,19.8,12-Jun-2015 13:36:34
92,5537,20,5537,19.8,12-Jun-2015 13:36:35
93,5537,20,5537,19.8,12-Jun-2015 13:36:36
94,5537,20,5537,19.8,12-Jun-2015 13:36:37
95,5537,20,5537,19.8,12-Jun-2015 13:36:38
96,5537,20,5537,19.8,12-Jun-2015 13:36:39
97,5537,20,5537,19.8,12-Jun-2015 13:36:40
98,5537,20,5537,19.8,12-Jun-2015 13:36:41
99,5537,20,5537,19.8,12-Jun-2015 13:36:42
100,5537,20,5537,19.8,12-Jun-2015 13:36:43
101,5537,20,5537,19.8,12-Jun-2015 13:36:44
102,5537,20,5537,19.8,12-Jun-2015 13:36:45
103,5537,20,5537,19.8,12-Jun-2015 13:36:46
104,5537,20,5537,19.8,12-Jun-2015 13:36:47
105,5537,20,5537,19.8,12-Jun-2015 13:36:48
106,5537,20,5537,19.8,12-Jun-2015 13:36:49
107,5537,20,5537,19.8,12-Jun-2015 13:36:50
108,5537,20,5537,19.8,12-Jun-2015 13:36:51
109,5537,20,5537,19.8,12-Jun-2015 13:36:52
110,5537,20,5537,19.8,12-Jun-2015 13:36:53
111,5537,20,5537,19.8,12-Jun-2015 13:36:54
112,5537,20,5537,19.8,12-Jun-2015 13:36:55
113,5537,20,5537,19.8,12-Jun-2015 13:36:56
114,5537,20,5537,19.8,12-Jun-2015 13:36:57
115,5537,20,5537,19.8,12-Jun-2015 13:36:58
116,5537,20,5537,19.8,12-Jun-2015 13:36:59
117,5537,20,5537,19.8,12-Jun-2015 13:37:01
118,5537,20,5537,19.8,12-Jun-2015 13:37:02
119,5537,20,5537,19.8,12-Jun-2015 13:37:03
120,5537,20,5537,19.8,12-Jun-2015 13:37:04
121,5537,20,5537,19.8,12-Jun-2015 13:37:05
122,5537,20,5537,19.8,12-Jun-2015 13:37:06
123,5537,20,5537,19.8,12-Jun-2015 13:37:07
124,5537,20,5537,19.8,12-Jun-2015 13:37:08
125,5537,20,5537,19.8,12-Jun-2015 13:37:09
126,5537,20,5537,19.8,12-Jun-2015 13:37:10
127,5537,20,5537,19.8,12-Jun-2015 13:37:11
128,5537,20,5537,19.8,12-Jun-2015 13:37:12
129,5537,20,5537,19.8,12-Jun-2015 13:37:13
130,5537,20,5537,19.8,12-Jun-2015 13:37:14
131,5537,20,5537,19.8,12-Jun-2015 13:37:15
132,5537,20,5537,19.8,12-Jun-2015 13:37:16
133,5537,20,5537,19.8,12-Jun-2015 13:37:17
134,5537,20,5537,19.8,12-Jun-2015 13:37:18
135,5537,20,5537,19.8,12-Jun-2015 13:37:19
136,5537,20,5537,19.8,12-Jun-2015 13:37:20
137,5537,20,5537,19.8,12-Jun-2015 13:37:21
138,5537,20,5537,19.8,12-Jun-2015 13:37:22
139,5537,20,5537,19.8,12-Jun-2015 13:37:23
140,5537,20,5537,19.8,12-Jun-2015 13:37:24
141,5537,20,5537,19.8,12-Jun-2015 13:37:25
142,5537,20,5537,19.8,12-Jun-2015 13:37:26
143,5537,20,5537,19.8,12-Jun-2015 13:37:27
144,5537,20,5537,19.8,12-Jun-2015 13:37:28
145,5537,20,5537,19.8,12-Jun-2015 13:37:29
146,5537,20,5537,19.8,12-Jun-2015 13:37:30
147,5537,20,5537,19.8,12-Jun-2015 13:37:31
148,5537,20,5537,19.8,12-Jun-2015 13:37:32
149,5537,20,5537,19.8,12-Jun-2015 13:37:33
150,5537,20,5537,19.8,12-Jun-2015 13:37:34
151,5537,20,5537,19.8,12-Jun-2015 13:37:35
152,5537,20,5537,19.8,12-Jun-2015 13:37:36
153,5537,20,5537,19.8,12-Jun-2015 13:37:37
154,5537,20,5537,19.8,12-Jun-2015 13:37:38
155,5537,20,5537,19.8,12-Jun-2015 13:37:39
156,5537,20,5537,19.8,12-Jun-2015 13:37:40
157,5537,20,5537,19.8,12-Jun-2015 13:37:41
158,5537,20,5537,19.8,12-Jun-2015 13:37:42
159,5537,20,5537,19.8,12-Jun-2015 13:37:43
160,5537,20,5537,19.8,12-Jun-2015 13:37:44
161,5537,20,5537,19.8,12-Jun-2015 13:37:45
162,5537,20,5537,19.8,12-Jun-2015 13:37:46
163,5537,20,5537,19.8,12-Jun-2015 13:37:47
164,5537,20,5537,19.8,12-Jun-2015 13:37:48
165,5537,20,5537,19.8,12-Jun-2015 13:37:49
166,5537,20,5537,19.8,12-Jun-2015 13:37:50
167,5537,20,5537,19.8,12-Jun-2015 13:37:51
168,5537,20,5537,19.8,12-Jun-2015 13:37:52
169,5537,20,5537,19.8,12-Jun-2015 13:37:53
170,5537,20,5537,19.8,12-Jun-2015 13:37:54
171,5537,20,5537,19.8,12-Jun-2015 13:37:55
172,5537,20,5537,19.8,12-Jun-2015 13:37:56
173,5537,20,5537,19.8,12-Jun-2015 13:37:57
174,5537,20,5537,19.8,12-Jun-2015 13:37:58
175,5537,20,5537,19.8,12-Jun-2015 13:37:59
176,5537,20,5537,19.8,12-Jun-2015 13:38:00
177,5537,20,5537,19.8,12-Jun-2015 13:38:01
178,5537,20,5537,19.8,12-Jun-2015 13:38:02
179,5537,20,5537,19.8,12-Jun-2015 13:38:03
180,5537,20,5537,19.8,12-Jun-2015 13:38:04
181,5537,20,5537,19.8,12-Jun-2015 13:38:05
182,5537,20,5537,19.8,12-Jun-2015 13:38:06
183,5537,20,5537,19.8,12-Jun-2015 13:38:07
184,5537,20,5537,19.8,12-Jun-2015 13:38:08
185,5537,20,5537,19.8,12-Jun-2015 13:38:09
186,5537,20,5537,19.8,12-Jun-2015 13:38:10
187,5537,20,5537,19.8,12-Jun-2015 13:38:11
188,5537,20,5537,19.8,12-Jun-2015 13:38:13
189,5537,20,5537,19.8,12-Jun-2015 13:38:14
190,5537,20,5537,19.8,12-Jun-2015 13:38:15
191,5537,20,5537,19.8,12-Jun-2015 13:38:16
192,5537,20,5537,19.8,12-Jun-2015 13:38:17
193,5537,20,5537,19.8,12-Jun-2015 13:38:18
194,5537,20,5537,19.8,12-Jun-2015 13:38:19
195,5537,20,5537,19.8,12-Jun-2015 13:38:20
196,5537,20,5537,19.8,12-Jun-2015 13:38:21
197,5537,20,5537,19.8,12-Jun-2015 13:38:22
198,5537,20,5537,19.8,12-Jun-2015 13:38:23
199,5537,20,5537,19.8,12-Jun-2015 13:38:24
200,5537,20,5537,19.8,12-Jun-2015 13:38:25
201,5537,20,5537,19.8,12-Jun-2015 13:38:26
202,5537,20,5537,19.8,12-Jun-2015 13:38:27
203,5537,20,5537,19.8,12-Jun-2015 13:38:28
204,5537,20,5537,19.8,12-Jun-2015 13:38:29
205,5537,20,5537,19.8,12-Jun-2015 13:38:30
206,5537,20,5537,19.8,12-Jun-2015 13:38:31
207,5537,20,5537,19.8,12-Jun-2015 13:38:32
208,5537,20,5537,19.8,12-Jun-2015 13:38:33
209,5537,20,5537,19.8,12-Jun-2015 13:38:34
210,5537,20,5537,19.8,12-Jun-2015 13:38:35
211,5537,20,5537,19.8,12-Jun-2015 13:38:36
212,5537,20,5537,19.8,12-Jun-2015 13:38:37
213,5537,20,5537,19.8,12-Jun-2015 13:38:38
214,5537,20,5537,19.8,12-Jun-2015 13:38:39
215,5537,20,5537,19.8,12-Jun-2015 13:38:40
216,5537,20,5537,19.8,12-Jun-2015 13:38:41
217,5537,20,5537,19.8,12-Jun-2015 13:38:42
218,5537,20,5537,19.8,12-Jun-2015 13:38:43
219,5537,20,5537,19.8,12-Jun-2015 13:38:44
220,5537,20,5537,19.8,12-Jun-2015 13:38:45
221,5537,20,5537,19.8,12-Jun-2015 13:38:46
222,5537,20,5537,19.8,12-Jun-2015 13:38:47
223,5537,20,5537,19.8,12-Jun-2015 13:38:48
224,5537,20,5537,19.8,12-Jun-2015 13:38:49
225,5537,20,5537,19.8,12-Jun-2015 13:38:50
226,5537,20,5537,19.8,12-Jun-2015 13:38:51
227,5537,20,5537,19.8,12-Jun-2015 13:38:52
228,5537,20,5537,19.8,12-Jun-2015 13:38:53
229,5537,20,5537,19.8,12-Jun-2015 13:38:54
230,5537,20,5537,19.8,12-Jun-2015 13:38:55
231,5537,20,5537,19.8,12-Jun-2015 13:38:56
232,5537,20,5537,19.8,12-Jun-2015 13:38:57
233,5537,20,5537,19.8,12-Jun-2015 13:38:58
234,5537,20,5537,19.8,12-Jun-2015 13:38:59
235,5537,20,5537,19.8,12-Jun-2015 13:39:00
236,5537,20,5537,19.8,12-Jun-2015 13:39:01
237,5537,20,5537,19.8,12-Jun-2015 13:39:02
238,5537,20,5537,19.8,12-Jun-2015 13:39:03
239,5537,20,5537,19.8,12-Jun-2015 13:39:04
240,5537,20,5537,19.8,12-Jun-2015 13:39:05
241,5537,20,5537,19.8,12-Jun-2015 13:39:06
242,5537,20,5537,19.8,12-Jun-2015 13:39:07
243,5537,20,5537,19.8,12-Jun-2015 13:39:08
244,5537,20,5537,19.8,12-Jun-2015 13:39:09
245,5537,20,5537,19.8,12-Jun-2015 13:39:10
246,5537,20,5537,19.8,12-Jun-2015 13:39:11
247,5537,20,5537,19.8,12-Jun-2015 13:39:12
248,5537,20,5537,19.8,12-Jun-2015 13:39:13
249,5537,20,5537,19.8,12-Jun-2015 13:39:14
250,5537,20,5537,19.8,12-Jun-2015 13:39:15
251,5537,20,5537,19.8,12-Jun-2015 13:39:16
252,5537,20,5537,19.8,12-Jun-2015 13:39:17
253,5537,20,5537,19.8,12-Jun-2015 13:39:18
254,5537,20,5537,19.8,12-Jun-2015 13:39:19
255,5537,20,5537,19.8,12-Jun-2015 13:39:20
256,5537,20,5537,19.8,12-Jun-2015 13:39:21
257,5537,20,5537,19.8,12-Jun-2015 13:39:22
258,5537,20,5537,19.8,12-Jun-2015 13:39:23
259,5537,20,5537,19.8,12-Jun-2015 13:39:24
260,5537,20,5537,19.8,12-Jun-2015 13:39:26
261,5537,20,5537,19.8,12-Jun-2015 13:39:27
262,5537,20,5537,19.8,12-Jun-2015 13:39:28
263,5537,20,5537,19.8,12-Jun-2015 13:39:29
264,5537,20,5537,19.8,12-Jun-2015 13:39:30
265,5537,20,5537,19.8,12-Jun-2015 13:39:31
266,5537,20,5537,19.8,12-Jun-2015 13:39:32
267,5537,20,5537,19.8,12-Jun-2015 13:39:33
268,5537,20,5537,19.8,12-Jun-2015 13:39:34
269,5537,20,5537,19.8,12-Jun-2015 13:39:35
270,5537,20,5537,19.8,12-Jun-2015 13:39:36
271,5537,20,5537,19.8,12-Jun-2015 13:39:37
272,5537,20,5537,19.8,12-Jun-2015 13:39:38
273,5537,20,5537,19.8,12-Jun-2015 13:39:39
274,5537,20,5537,19.8,12-Jun-2015 13:39:40
275,5537,20,5537,19.8,12-Jun-2015 13:39:41
276,5537,20,36,19.8,12-Jun-2015 13:39:42
277,5537,20,36,19.8,12-Jun-2015 13:39:43
278,5537,20,35,19.8,12-Jun-2015 13:39:44
279,38,20,35,19.8,12-Jun-2015 13:39:45
280,38,20,35,19.8,12-Jun-2015 13:39:46
281,38,20,35,19.8,12-Jun-2015 13:39:47
282,38,20,35,19.9,12-Jun-2015 13:39:48
283,37,20,35,19.9,12-Jun-2015 13:39:49
284,37,20,35,19.9,12-Jun-2015 13:39:50
285,37,20,35,20,12-Jun-2015 13:39:51
286,37,20,35,20,12-Jun-2015 13:39:52
287,37,20,35,20,12-Jun-2015 13:39:53
288,37,20,35,20,12-Jun-2015 13:39:54
289,37,20,35,20,12-Jun-2015 13:39:55
290,37,20,35,20,12-Jun-2015 13:39:56
291,37,20,35,20,12-Jun-2015 13:39:57
292,37,20,34,20,12-Jun-2015 13:39:58
293,37,20,34,20,12-Jun-2015 13:39:59
294,37,20,34,20,12-Jun-2015 13:40:00
295,37,20,34,20,12-Jun-2015 13:40:01
296,37,20,34,20,12-Jun-2015 13:40:02
297,37,20,34,20,12-Jun-2015 13:40:03
298,37,20,34,20,12-Jun-2015 13:40:04
299,37,20,34,20,12-Jun-2015 13:40:05
300,37,20,34,20,12-Jun-2015 13:40:06
301,37,20,34,20,12-Jun-2015 13:40:07
302,37,20,34,20,12-Jun-2015 13:40:08
303,37,20,34,20,12-Jun-2015 13:40:09
304,37,20,34,20,12-Jun-2015 13:40:10
305,37,20,34,20,12-Jun-2015 13:40:11
306,37,20,34,20,12-Jun-2015 13:40:12
307,37,20,34,20,12-Jun-2015 13:40:13
308,37,20,34,20,12-Jun-2015 13:40:14
309,37,20,34,20,12-Jun-2015 13:40:15
310,37,20,34,20,12-Jun-2015 13:40:16
311,37,20,34,20,12-Jun-2015 13:40:17
312,37,20,34,20,12-Jun-2015 13:40:18
313,37,20,34,20,12-Jun-2015 13:40:19
314,37,20,34,20,12-Jun-2015 13:40:20
315,37,20,34,20,12-Jun-2015 13:40:21
316,37,20,34,20,12-Jun-2015 13:40:22
317,37,20,34,20,12-Jun-2015 13:40:23
318,37,20,34,20,12-Jun-2015 13:40:24
319,37,20,34,20,12-Jun-2015 13:40:25
320,37,20,34,20,12-Jun-2015 13:40:26
321,37,20,34,20,12-Jun-2015 13:40:27
322,37,20,34,20,12-Jun-2015 13:40:28
323,37,20,34,20,12-Jun-2015 13:40:29
324,37,20,34,20,12-Jun-2015 13:40:30
325,37,20,34,20,12-Jun-2015 13:40:31
326,37,20,34,20,12-Jun-2015 13:40:32
327,37,20,33,20,12-Jun-2015 13:40:33
328,37,20,33,20,12-Jun-2015 13:40:34
329,37,20,32,20,12-Jun-2015 13:40:35
330,37,20,31,20,12-Jun-2015 13:40:36
331,37,20,31,20,12-Jun-2015 13:40:38
332,37,20,30,20,12-Jun-2015 13:40:39
333,37,20,30,20,12-Jun-2015 13:40:40
334,37,20,30,20,12-Jun-2015 13:40:41
335,37,20,29,20,12-Jun-2015 13:40:42
336,37,20,28,20,12-Jun-2015 13:40:43
337,37,20,28,20,12-Jun-2015 13:40:44
338,37,20,27,20,12-Jun-2015 13:40:45
339,37,20,27,20,12-Jun-2015 13:40:46
340,37,20,27,20,12-Jun-2015 13:40:47
341,37,20,27,20,12-Jun-2015 13:40:48
342,37,20,26,20,12-Jun-2015 13:40:49
343,37,20,26,20,12-Jun-2015 13:40:50
344,37,20,26,20,12-Jun-2015 13:40:51
345,37,20,26,20,12-Jun-2015 13:40:52
346,37,20,26,20,12-Jun-2015 13:40:53
347,37,20,26,20,12-Jun-2015 13:40:54
348,37,20,26,20,12-Jun-2015 13:40:55
349,37,20,26,20,12-Jun-2015 13:40:56
350,37,20,26,20,12-Jun-2015 13:40:57
351,37,20,26,20,12-Jun-2015 13:40:58
352,37,20,25,20,12-Jun-2015 13:40:59
353,37,20,25,20,12-Jun-2015 13:41:00
354,37,20,25,20,12-Jun-2015 13:41:01
355,37,20,25,20,12-Jun-2015 13:41:02
356,37,20,25,20,12-Jun-2015 13:41:03
357,37,20,25,20,12-Jun-2015 13:41:04
358,37,20,24,20,12-Jun-2015 13:41:05
359,37,20,24,20,12-Jun-2015 13:41:06
360,37,20,24,20,12-Jun-2015 13:41:07
361,37,20,24,20,12-Jun-2015 13:41:08
362,37,20,24,20,12-Jun-2015 13:41:09
363,37,20,23,20,12-Jun-2015 13:41:10
364,37,20,23,20,12-Jun-2015 13:41:11
365,37,20,23,20,12-Jun-2015 13:41:12
366,37,20,23,20,12-Jun-2015 13:41:13
367,37,20,23,20,12-Jun-2015 13:41:14
368,37,20,23,20,12-Jun-2015 13:41:15
369,37,20,23,20,12-Jun-2015 13:41:16
370,37,20,23,20,12-Jun-2015 13:41:17
371,37,20,23,20,12-Jun-2015 13:41:18
372,37,20.1,23,20,12-Jun-2015 13:41:19
373,37,20.1,22,20,12-Jun-2015 13:41:20
374,37,20.2,22,20,12-Jun-2015 13:41:21
375,37,20.3,22,20,12-Jun-2015 13:41:22
376,37,20.3,22,20,12-Jun-2015 13:41:23
377,37,20.3,22,20,12-Jun-2015 13:41:24
378,37,20.3,22,20,12-Jun-2015 13:41:25
379,37,20.3,22,20,12-Jun-2015 13:41:26
380,37,20.3,22,20,12-Jun-2015 13:41:27
381,37,20.3,22,20,12-Jun-2015 13:41:28
382,37,20.3,22,20,12-Jun-2015 13:41:29
383,37,20.3,22,20,12-Jun-2015 13:41:30
384,37,20.3,22,20,12-Jun-2015 13:41:31
385,37,20.3,22,20,12-Jun-2015 13:41:32
386,37,20.3,22,20,12-Jun-2015 13:41:33
387,37,20.3,21,20,12-Jun-2015 13:41:34
388,37,20.3,21,20,12-Jun-2015 13:41:35
389,37,20.3,21,20,12-Jun-2015 13:41:36
390,37,20.3,21,20,12-Jun-2015 13:41:37
391,37,20.3,21,20,12-Jun-2015 13:41:38
392,37,20.3,21,20,12-Jun-2015 13:41:39
393,37,20.3,21,20,12-Jun-2015 13:41:40
394,37,20.3,21,20,12-Jun-2015 13:41:41
395,37,20.3,21,20,12-Jun-2015 13:41:42
396,37,20.3,21,20,12-Jun-2015 13:41:43
397,37,20.3,21,20,12-Jun-2015 13:41:44
398,37,20.3,20,20,12-Jun-2015 13:41:45
399,37,20.3,20,20,12-Jun-2015 13:41:46
400,37,20.3,20,20,12-Jun-2015 13:41:47
401,37,20.3,20,20,12-Jun-2015 13:41:48
402,37,20.3,20,20,12-Jun-2015 13:41:50
403,37,20.3,20,20,12-Jun-2015 13:41:51
404,37,20.3,19,20,12-Jun-2015 13:41:52
405,37,20.3,19,20,12-Jun-2015 13:41:53
406,37,20.3,19,20,12-Jun-2015 13:41:54
407,37,20.3,19,20,12-Jun-2015 13:41:55
408,37,20.3,19,20,12-Jun-2015 13:41:56
409,37,20.3,18,20,12-Jun-2015 13:41:57
410,37,20.3,18,20,12-Jun-2015 13:41:58
411,37,20.3,18,20,12-Jun-2015 13:41:59
412,37,20.3,18,20,12-Jun-2015 13:42:00
413,37,20.3,18,20,12-Jun-2015 13:42:01
414,37,20.3,18,20,12-Jun-2015 13:42:02
415,37,20.3,18,20,12-Jun-2015 13:42:03
416,37,20.3,18,20,12-Jun-2015 13:42:04
417,37,20.3,17,20,12-Jun-2015 13:42:05
418,37,20.3,17,20,12-Jun-2015 13:42:06
419,37,20.3,17,20,12-Jun-2015 13:42:07
420,37,20.3,17,20,12-Jun-2015 13:42:08
421,37,20.3,17,20,12-Jun-2015 13:42:09
422,37,20.3,17,20,12-Jun-2015 13:42:10
423,37,20.3,17,20,12-Jun-2015 13:42:11
424,37,20.3,17,20,12-Jun-2015 13:42:12
425,37,20.3,17,20,12-Jun-2015 13:42:13
426,37,20.3,17,20,12-Jun-2015 13:42:14
427,37,20.3,17,20,12-Jun-2015 13:42:15
428,37,20.3,17,20,12-Jun-2015 13:42:16
429,37,20.3,17,20,12-Jun-2015 13:42:17
430,37,20.3,17,20,12-Jun-2015 13:42:18
431,37,20.3,17,20,12-Jun-2015 13:42:19
432,37,20.3,17,20,12-Jun-2015 13:42:20
433,37,20.3,17,20,12-Jun-2015 13:42:21
434,37,20.3,17,20,12-Jun-2015 13:42:22
435,37,20.3,17,20,12-Jun-2015 13:42:23
436,37,20.3,17,20,12-Jun-2015 13:42:24
437,37,20.3,16,20,12-Jun-2015 13:42:25
438,37,20.3,16,20,12-Jun-2015 13:42:26
439,37,20.3,16,20,12-Jun-2015 13:42:27
440,37,20.3,16,20,12-Jun-2015 13:42:28
441,37,20.3,16,20,12-Jun-2015 13:42:29
442,37,20.3,16,20,12-Jun-2015 13:42:30
443,37,20.3,16,20,12-Jun-2015 13:42:31
444,37,20.3,16,20,12-Jun-2015 13:42:32
445,37,20.3,16,20,12-Jun-2015 13:42:33
446,37,20.3,16,20,12-Jun-2015 13:42:34
447,37,20.3,16,20,12-Jun-2015 13:42:35
448,37,20.3,16,20,12-Jun-2015 13:42:36
449,37,20.3,16,20,12-Jun-2015 13:42:37
450,37,20.3,15,20,12-Jun-2015 13:42:38
451,37,20.3,15,20,12-Jun-2015 13:42:39
452,37,20.3,15,20,12-Jun-2015 13:42:40
453,37,20.3,15,20,12-Jun-2015 13:42:41
454,37,20.3,15,20,12-Jun-2015 13:42:42
455,37,20.3,15,20,12-Jun-2015 13:42:43
456,37,20.3,15,20,12-Jun-2015 13:42:44
457,37,20.3,15,20,12-Jun-2015 13:42:45
458,37,20.3,15,20,12-Jun-2015 13:42:46
459,37,20.3,15,20,12-Jun-2015 13:42:47
460,37,20.3,15,20,12-Jun-2015 13:42:48
461,37,20.3,14,20,12-Jun-2015 13:42:49
462,37,20.3,14,20,12-Jun-2015 13:42:50
463,37,20.3,14,20,12-Jun-2015 13:42:51
464,37,20.3,14,20,12-Jun-2015 13:42:52
465,37,20.3,14,20,12-Jun-2015 13:42:53
466,37,20.3,14,20,12-Jun-2015 13:42:54
467,37,20.3,14,20,12-Jun-2015 13:42:55
468,37,20.3,14,20,12-Jun-2015 13:42:56
469,37,20.3,14,20,12-Jun-2015 13:42:57
470,37,20.3,14,20,12-Jun-2015 13:42:58
471,37,20.3,14,20,12-Jun-2015 13:42:59
472,37,20.3,14,20,12-Jun-2015 13:43:00
473,37,20.3,14,20,12-Jun-2015 13:43:01
474,37,20.3,14,20,12-Jun-2015 13:43:03
475,37,20.3,14,20,12-Jun-2015 13:43:04
476,37,20.3,14,20,12-Jun-2015 13:43:05
477,37,20.3,14,20,12-Jun-2015 13:43:06
478,37,20.3,14,20,12-Jun-2015 13:43:07
479,37,20.3,14,20,12-Jun-2015 13:43:08
480,37,20.3,14,20,12-Jun-2015 13:43:09
481,37,20.3,14,20,12-Jun-2015 13:43:10
482,37,20.3,14,20,12-Jun-2015 13:43:11
483,37,20.3,14,20,12-Jun-2015 13:43:12
484,37,20.3,13,20,12-Jun-2015 13:43:13
485,37,20.3,13,20,12-Jun-2015 13:43:14
486,37,20.3,13,20,12-Jun-2015 13:43:15
487,37,20.3,13,20,12-Jun-2015 13:43:16
488,37,20.3,13,20,12-Jun-2015 13:43:17
489,37,20.3,13,20,12-Jun-2015 13:43:18
490,37,20.3,13,20,12-Jun-2015 13:43:19
491,37,20.3,13,20,12-Jun-2015 13:43:20
492,37,20.3,13,20,12-Jun-2015 13:43:21
493,37,20.3,13,20,12-Jun-2015 13:43:22
494,37,20.3,13,20,12-Jun-2015 13:43:23
495,37,20.3,13,20,12-Jun-2015 13:43:24
496,37,20.3,13,20,12-Jun-2015 13:43:25
497,37,20.3,13,20,12-Jun-2015 13:43:26
498,37,20.3,13,20,12-Jun-2015 13:43:27
499,37,20.3,13,20,12-Jun-2015 13:43:28
500,37,20.3,13,20,12-Jun-2015 13:43:29
501,37,20.3,13,20,12-Jun-2015 13:43:30
502,37,20.3,13,20,12-Jun-2015 13:43:31
503,37,20.3,13,20,12-Jun-2015 13:43:32
504,37,20.3,13,20,12-Jun-2015 13:43:33
505,37,20.3,13,20,12-Jun-2015 13:43:34
506,37,20.3,13,20,12-Jun-2015 13:43:35
507,37,20.3,13,20,12-Jun-2015 13:43:36
508,37,20.3,13,20,12-Jun-2015 13:43:37
509,37,20.3,13,20,12-Jun-2015 13:43:38
510,37,20.3,13,20,12-Jun-2015 13:43:39
511,37,20.3,13,20,12-Jun-2015 13:43:40
512,37,20.3,13,20,12-Jun-2015 13:43:41
513,37,20.3,13,20,12-Jun-2015 13:43:42
514,37,20.3,13,20,12-Jun-2015 13:43:43
515,37,20.3,13,20,12-Jun-2015 13:43:44
516,37,20.3,13,20,12-Jun-2015 13:43:45
517,37,20.3,13,20,12-Jun-2015 13:43:46
518,37,20.3,13,20,12-Jun-2015 13:43:47
519,37,20.3,13,20,12-Jun-2015 13:43:48
520,37,20.3,13,20,12-Jun-2015 13:43:49
521,37,20.3,13,20,12-Jun-2015 13:43:50
522,37,20.3,13,20,12-Jun-2015 13:43:51
523,37,20.3,13,20,12-Jun-2015 13:43:52
524,37,20.3,13,20,12-Jun-2015 13:43:53
525,37,20.3,13,20,12-Jun-2015 13:43:54
526,37,20.3,13,20,12-Jun-2015 13:43:55
527,37,20.3,13,20,12-Jun-2015 13:43:56
528,37,20.3,13,20,12-Jun-2015 13:43:57
529,37,20.3,13,20,12-Jun-2015 13:43:58
530,37,20.3,13,20,12-Jun-2015 13:43:59
531,37,20.3,12,20,12-Jun-2015 13:44:00
532,37,20.3,12,20,12-Jun-2015 13:44:01
533,37,20.3,12,20,12-Jun-2015 13:44:02
534,37,20.3,12,20,12-Jun-2015 13:44:03
535,37,20.3,12,20,12-Jun-2015 13:44:04
536,37,20.3,12,20,12-Jun-2015 13:44:05
537,37,20.3,12,20,12-Jun-2015 13:44:06
538,37,20.3,12,20,12-Jun-2015 13:44:07
539,37,20.3,12,20,12-Jun-2015 13:44:08
540,37,20.3,12,20,12-Jun-2015 13:44:09
541,37,20.3,12,20,12-Jun-2015 13:44:10
542,37,20.3,12,20,12-Jun-2015 13:44:11
543,37,20.3,12,20,12-Jun-2015 13:44:12
544,37,20.3,12,20,12-Jun-2015 13:44:13
545,37,20.3,12,20,12-Jun-2015 13:44:15
546,37,20.3,12,20,12-Jun-2015 13:44:16
547,37,20.3,12,20,12-Jun-2015 13:44:17
548,37,20.3,12,20,12-Jun-2015 13:44:18
549,37,20.3,12,20,12-Jun-2015 13:44:19
550,37,20.3,12,20,12-Jun-2015 13:44:20
551,37,20.3,12,20,12-Jun-2015 13:44:21
552,37,20.3,12,20,12-Jun-2015 13:44:22
553,37,20.3,12,20,12-Jun-2015 13:44:23
554,37,20.3,12,20,12-Jun-2015 13:44:24
555,37,20.3,12,20,12-Jun-2015 13:44:25
556,37,20.3,12,20,12-Jun-2015 13:44:26
557,37,20.3,12,20,12-Jun-2015 13:44:27
558,37,20.3,12,20,12-Jun-2015 13:44:28
559,37,20.3,12,20,12-Jun-2015 13:44:29
560,37,20.3,12,20,12-Jun-2015 13:44:30
561,37,20.3,12,20,12-Jun-2015 13:44:31
562,37,20.3,12,20,12-Jun-2015 13:44:32
563,37,20.3,12,20,12-Jun-2015 13:44:33
564,37,20.3,12,20,12-Jun-2015 13:44:34
565,37,20.3,12,20,12-Jun-2015 13:44:35
566,37,20.3,12,20,12-Jun-2015 13:44:36
567,37,20.3,12,20,12-Jun-2015 13:44:37
568,37,20.3,12,20,12-Jun-2015 13:44:38
569,37,20.3,12,20,12-Jun-2015 13:44:39
570,37,20.3,12,20,12-Jun-2015 13:44:40
571,37,20.3,12,20,12-Jun-2015 13:44:41
572,37,20.3,12,20,12-Jun-2015 13:44:42
573,37,20.3,12,20,12-Jun-2015 13:44:43
574,37,20.3,12,20,12-Jun-2015 13:44:44
575,37,20.3,12,20,12-Jun-2015 13:44:45
576,37,20.3,12,20,12-Jun-2015 13:44:46
577,37,20.3,12,20,12-Jun-2015 13:44:47
578,37,20.3,12,20,12-Jun-2015 13:44:48
579,37,20.3,12,20,12-Jun-2015 13:44:49
580,37,20.3,12,20,12-Jun-2015 13:44:50
581,37,20.3,12,20,12-Jun-2015 13:44:51
582,37,20.3,12,20,12-Jun-2015 13:44:52
583,37,20.3,12,20,12-Jun-2015 13:44:53
584,37,20.3,12,20,12-Jun-2015 13:44:54
585,37,20.3,12,20,12-Jun-2015 13:44:55
586,37,20.3,12,20,12-Jun-2015 13:44:56
587,37,20.3,12,20,12-Jun-2015 13:44:57
588,37,20.3,12,20,12-Jun-2015 13:44:58
589,37,20.3,12,20,12-Jun-2015 13:44:59
590,37,20.3,12,20,12-Jun-2015 13:45:00
591,37,20.3,12,20,12-Jun-2015 13:45:01
592,37,20.3,11,20,12-Jun-2015 13:45:02
593,37,20.3,11,20,12-Jun-2015 13:45:03
594,37,20.3,11,20,12-Jun-2015 13:45:04
595,37,20.3,11,20,12-Jun-2015 13:45:05
596,37,20.3,11,20,12-Jun-2015 13:45:06
597,37,20.3,11,20,12-Jun-2015 13:45:07
598,37,20.3,11,20,12-Jun-2015 13:45:08
599,37,20.3,11,20,12-Jun-2015 13:45:09
600,37,20.3,11,20,12-Jun-2015 13:45:10
601,37,20.3,11,20,12-Jun-2015 13:45:11
602,37,20.3,11,20,12-Jun-2015 13:45:12
603,37,20.3,11,20,12-Jun-2015 13:45:13
604,37,20.3,11,20,12-Jun-2015 13:45:14
605,37,20.3,11,20,12-Jun-2015 13:45:15
606,37,20.3,11,20,12-Jun-2015 13:45:16
607,37,20.3,11,20,12-Jun-2015 13:45:17
608,37,20.3,11,20,12-Jun-2015 13:45:18
609,37,20.3,11,20,12-Jun-2015 13:45:19
610,37,20.3,11,20,12-Jun-2015 13:45:20
611,37,20.3,11,20,12-Jun-2015 13:45:21
612,37,20.3,11,20,12-Jun-2015 13:45:22
613,37,20.3,11,20,12-Jun-2015 13:45:23
614,37,20.3,11,20,12-Jun-2015 13:45:24
615,37,20.3,11,20,12-Jun-2015 13:45:25
616,37,20.3,11,20,12-Jun-2015 13:45:26
617,37,20.3,11,20,12-Jun-2015 13:45:28
618,37,20.3,11,20,12-Jun-2015 13:45:29
619,37,20.3,11,20,12-Jun-2015 13:45:30
620,37,20.3,11,20,12-Jun-2015 13:45:31
621,37,20.3,11,20,12-Jun-2015 13:45:32
622,37,20.3,11,20,12-Jun-2015 13:45:33
623,37,20.3,11,20,12-Jun-2015 13:45:34
624,37,20.3,11,20,12-Jun-2015 13:45:35
625,37,20.3,11,20,12-Jun-2015 13:45:36
626,37,20.3,11,20,12-Jun-2015 13:45:37
627,37,20.3,11,20,12-Jun-2015 13:45:38
628,37,20.3,11,20,12-Jun-2015 13:45:39
629,37,20.3,11,20,12-Jun-2015 13:45:40
630,37,20.3,11,20,12-Jun-2015 13:45:41
631,37,20.3,11,20,12-Jun-2015 13:45:42
632,37,20.3,11,20,12-Jun-2015 13:45:43
633,37,20.3,11,20,12-Jun-2015 13:45:44
634,37,20.3,11,20,12-Jun-2015 13:45:45
635,37,20.3,11,20,12-Jun-2015 13:45:46
636,37,20.3,11,20,12-Jun-2015 13:45:47
637,37,20.3,11,20,12-Jun-2015 13:45:48
638,37,20.3,11,20,12-Jun-2015 13:45:49
639,37,20.3,11,20,12-Jun-2015 13:45:50
640,37,20.3,11,20,12-Jun-2015 13:45:51
641,37,20.3,11,20,12-Jun-2015 13:45:52
642,37,20.3,11,20,12-Jun-2015 13:45:53
643,37,20.3,11,20,12-Jun-2015 13:45:54
644,37,20.3,11,20,12-Jun-2015 13:45:55
645,37,20.3,11,20,12-Jun-2015 13:45:56
646,37,20.3,11,20,12-Jun-2015 13:45:57
647,37,20.3,11,20,12-Jun-2015 13:45:58
648,37,20.3,11,20,12-Jun-2015 13:45:59
649,37,20.3,11,20,12-Jun-2015 13:46:00
650,37,20.3,11,20,12-Jun-2015 13:46:01
651,37,20.3,11,20,12-Jun-2015 13:46:02
652,37,20.3,11,20,12-Jun-2015 13:46:03
653,37,20.3,11,20,12-Jun-2015 13:46:04
654,37,20.3,11,20,12-Jun-2015 13:46:05
655,37,20.3,11,20,12-Jun-2015 13:46:06
656,37,20.3,11,20,12-Jun-2015 13:46:07
657,37,20.3,11,20,12-Jun-2015 13:46:08
658,37,20.3,11,20,12-Jun-2015 13:46:09
659,37,20.3,11,20,12-Jun-2015 13:46:10
660,37,20.3,11,20,12-Jun-2015 13:46:11
661,37,20.3,11,20,12-Jun-2015 13:46:12
662,37,20.3,11,20,12-Jun-2015 13:46:13
663,37,20.3,11,20,12-Jun-2015 13:46:14
664,37,20.3,11,20,12-Jun-2015 13:46:15
665,37,20.3,11,20,12-Jun-2015 13:46:16
666,37,20.3,11,20,12-Jun-2015 13:46:17
667,37,20.3,11,20,12-Jun-2015 13:46:18
668,37,20.3,11,20,12-Jun-2015 13:46:19
669,37,20.3,11,20,12-Jun-2015 13:46:20
670,37,20.3,11,20,12-Jun-2015 13:46:21
671,37,20.3,11,20,12-Jun-2015 13:46:22
672,37,20.3,11,20,12-Jun-2015 13:46:23
673,37,20.3,11,20,12-Jun-2015 13:46:24
674,37,20.3,11,20,12-Jun-2015 13:46:25
675,37,20.3,11,20,12-Jun-2015 13:46:26
676,37,20.3,11,20,12-Jun-2015 13:46:27
677,37,20.3,11,20,12-Jun-2015 13:46:28
678,37,20.3,11,20,12-Jun-2015 13:46:29
679,37,20.3,11,20,12-Jun-2015 13:46:30
680,37,20.3,11,20,12-Jun-2015 13:46:31
681,37,20.3,11,20,12-Jun-2015 13:46:32
682,37,20.3,11,20,12-Jun-2015 13:46:33
683,37,20.3,11,20,12-Jun-2015 13:46:34
684,37,20.3,11,20,12-Jun-2015 13:46:35
685,37,20.3,11,20,12-Jun-2015 13:46:36
686,37,20.3,11,20,12-Jun-2015 13:46:37
687,37,20.3,11,20,12-Jun-2015 13:46:38
688,37,20.3,11,20,12-Jun-2015 13:46:40
689,37,20.3,11,20,12-Jun-2015 13:46:41
690,37,20.3,11,20,12-Jun-2015 13:46:42
691,37,20.3,11,20,12-Jun-2015 13:46:43
692,37,20.3,11,20,12-Jun-2015 13:46:44
693,37,20.3,11,20,12-Jun-2015 13:46:45
694,37,20.3,11,20,12-Jun-2015 13:46:46
695,37,20.3,11,20,12-Jun-2015 13:46:47
696,37,20.3,10,20,12-Jun-2015 13:46:48
697,37,20.3,10,20,12-Jun-2015 13:46:49
698,37,20.3,10,20,12-Jun-2015 13:46:50
699,37,20.3,10,20,12-Jun-2015 13:46:51
700,37,20.3,10,20,12-Jun-2015 13:46:52
701,37,20.3,10,20,12-Jun-2015 13:46:53
702,37,20.3,10,20,12-Jun-2015 13:46:54
703,37,20.3,10,20,12-Jun-2015 13:46:55
704,37,20.3,10,20,12-Jun-2015 13:46:56
705,37,20.3,10,20,12-Jun-2015 13:46:57
706,37,20.3,10,20,12-Jun-2015 13:46:58
707,37,20.3,10,20,12-Jun-2015 13:46:59
708,37,20.3,10,20,12-Jun-2015 13:47:00
709,37,20.3,10,20,12-Jun-2015 13:47:01
710,37,20.3,10,20,12-Jun-2015 13:47:02
711,37,20.3,10,20,12-Jun-2015 13:47:03
712,37,20.3,10,20,12-Jun-2015 13:47:04
713,37,20.3,10,20,12-Jun-2015 13:47:05
714,37,20.3,10,20,12-Jun-2015 13:47:06
715,37,20.3,10,20,12-Jun-2015 13:47:07
716,37,20.3,10,20,12-Jun-2015 13:47:08
717,37,20.3,10,20,12-Jun-2015 13:47:09
718,37,20.3,10,20,12-Jun-2015 13:47:10
719,37,20.3,10,20,12-Jun-2015 13:47:11
720,37,20.3,10,20,12-Jun-2015 13:47:12
721,37,20.3,10,20,12-Jun-2015 13:47:13
722,37,20.3,10,20,12-Jun-2015 13:47:14
723,37,20.3,10,20,12-Jun-2015 13:47:15
724,37,20.3,10,20,12-Jun-2015 13:47:16
725,37,20.3,10,20,12-Jun-2015 13:47:17
726,37,20.3,10,20,12-Jun-2015 13:47:18
727,37,20.3,10,20,12-Jun-2015 13:47:19
728,37,20.3,10,20,12-Jun-2015 13:47:20
729,37,20.3,10,20,12-Jun-2015 13:47:21
730,37,20.3,10,20,12-Jun-2015 13:47:22
731,37,20.3,10,20,12-Jun-2015 13:47:23
732,37,20.3,10,20,12-Jun-2015 13:47:24
733,37,20.3,10,20,12-Jun-2015 13:47:25
734,37,20.3,10,20,12-Jun-2015 13:47:26
735,37,20.3,10,20,12-Jun-2015 13:47:27
736,37,20.3,10,20,12-Jun-2015 13:47:28
737,37,20.3,10,20,12-Jun-2015 13:47:29
738,37,20.3,10,20,12-Jun-2015 13:47:30
739,37,20.3,10,20,12-Jun-2015 13:47:31
740,37,20.3,10,20,12-Jun-2015 13:47:32
741,37,20.3,10,20,12-Jun-2015 13:47:33
742,37,20.3,10,20,12-Jun-2015 13:47:34
743,37,20.3,10,20,12-Jun-2015 13:47:35
744,37,20.3,10,20,12-Jun-2015 13:47:36
745,37,20.3,10,20,12-Jun-2015 13:47:37
746,37,20.3,10,20,12-Jun-2015 13:47:38
747,37,20.3,10,20,12-Jun-2015 13:47:39
748,37,20.3,10,20,12-Jun-2015 13:47:40
749,37,20.3,10,20,12-Jun-2015 13:47:41
750,37,20.3,10,20,12-Jun-2015 13:47:42
751,37,20.3,10,20,12-Jun-2015 13:47:43
752,37,20.3,10,20,12-Jun-2015 13:47:44
753,37,20.3,10,20,12-Jun-2015 13:47:45
754,37,20.3,10,20,12-Jun-2015 13:47:46
755,37,20.3,10,20,12-Jun-2015 13:47:47
756,37,20.3,10,20,12-Jun-2015 13:47:48
757,37,20.3,10,20,12-Jun-2015 13:47:49
758,37,20.3,10,20,12-Jun-2015 13:47:50
759,37,20.3,10,20,12-Jun-2015 13:47:52
760,37,20.3,10,20,12-Jun-2015 13:47:53
761,37,20.3,10,20,12-Jun-2015 13:47:54
762,37,20.3,10,20,12-Jun-2015 13:47:55
763,37,20.3,10,20,12-Jun-2015 13:47:56
764,37,20.3,10,20,12-Jun-2015 13:47:57
765,37,20.3,10,20,12-Jun-2015 13:47:58
766,37,20.3,10,20,12-Jun-2015 13:47:59
767,37,20.3,10,20,12-Jun-2015 13:48:00
768,37,20.3,10,20,12-Jun-2015 13:48:01
769,37,20.3,10,20,12-Jun-2015 13:48:02
770,37,20.3,10,20,12-Jun-2015 13:48:03
771,37,20.3,10,20,12-Jun-2015 13:48:04
772,37,20.3,10,20,12-Jun-2015 13:48:05
773,37,20.3,10,20,12-Jun-2015 13:48:06
774,37,20.3,10,20,12-Jun-2015 13:48:07
775,37,20.3,10,20,12-Jun-2015 13:48:08
776,37,20.3,10,20,12-Jun-2015 13:48:09
777,37,20.3,10,20,12-Jun-2015 13:48:10
778,37,20.3,10,20,12-Jun-2015 13:48:11
779,37,20.3,10,20,12-Jun-2015 13:48:12
780,37,20.3,10,20,12-Jun-2015 13:48:13
781,37,20.3,10,20,12-Jun-2015 13:48:14
782,37,20.3,10,20,12-Jun-2015 13:48:15
783,37,20.3,10,20,12-Jun-2015 13:48:16
784,37,20.3,10,20,12-Jun-2015 13:48:17
785,37,20.3,10,20,12-Jun-2015 13:48:18
786,37,20.3,10,20,12-Jun-2015 13:48:19
787,37,20.3,10,20,12-Jun-2015 13:48:20
788,37,20.3,10,20,12-Jun-2015 13:48:21
789,37,20.3,10,20,12-Jun-2015 13:48:22
790,37,20.3,10,20,12-Jun-2015 13:48:23
791,37,20.3,10,20,12-Jun-2015 13:48:24
792,37,20.3,10,20,12-Jun-2015 13:48:25
793,37,20.3,10,20,12-Jun-2015 13:48:26
794,37,20.3,9,20,12-Jun-2015 13:48:27
795,37,20.3,9,20,12-Jun-2015 13:48:28
796,37,20.3,9,20,12-Jun-2015 13:48:29
797,37,20.3,9,20,12-Jun-2015 13:48:30
798,37,20.3,9,20,12-Jun-2015 13:48:31
799,37,20.3,9,20,12-Jun-2015 13:48:32
800,37,20.3,9,20,12-Jun-2015 13:48:33
801,37,20.3,9,20,12-Jun-2015 13:48:34
802,37,20.3,9,20,12-Jun-2015 13:48:35
803,37,20.3,9,20,12-Jun-2015 13:48:36
804,37,20.3,9,20,12-Jun-2015 13:48:37
805,37,20.3,9,20,12-Jun-2015 13:48:38
806,37,20.3,9,20,12-Jun-2015 13:48:39
807,37,20.3,9,20,12-Jun-2015 13:48:40
808,37,20.3,9,20,12-Jun-2015 13:48:41
809,37,20.3,9,20,12-Jun-2015 13:48:42
810,37,20.3,9,20,12-Jun-2015 13:48:43
811,37,20.3,9,20,12-Jun-2015 13:48:44
812,37,20.3,9,20,12-Jun-2015 13:48:45
813,37,20.3,9,20,12-Jun-2015 13:48:46
814,37,20.3,9,20,12-Jun-2015 13:48:47
815,37,20.3,9,20,12-Jun-2015 13:48:48
816,37,20.3,9,20,12-Jun-2015 13:48:49
817,37,20.3,9,20,12-Jun-2015 13:48:50
818,37,20.3,9,20,12-Jun-2015 13:48:51
819,37,20.3,9,20,12-Jun-2015 13:48:52
820,37,20.3,9,20,12-Jun-2015 13:48:53
821,37,20.3,9,20,12-Jun-2015 13:48:54
822,37,20.3,9,20,12-Jun-2015 13:48:55
823,37,20.3,9,20,12-Jun-2015 13:48:56
824,37,20.3,9,20,12-Jun-2015 13:48:57
825,37,20.3,9,20,12-Jun-2015 13:48:58
826,37,20.3,9,20,12-Jun-2015 13:48:59
827,37,20.3,9,20,12-Jun-2015 13:49:00
828,37,20.3,9,20,12-Jun-2015 13:49:01
829,37,20.3,9,20,12-Jun-2015 13:49:02
830,37,20.3,9,20,12-Jun-2015 13:49:03
831,37,20.3,9,20,12-Jun-2015 13:49:05
832,37,20.3,9,20,12-Jun-2015 13:49:06
833,37,20.3,9,20,12-Jun-2015 13:49:07
834,37,20.3,9,20,12-Jun-2015 13:49:08
835,37,20.3,9,20,12-Jun-2015 13:49:09
836,37,20.3,9,20,12-Jun-2015 13:49:10
837,37,20.3,9,20,12-Jun-2015 13:49:11
838,37,20.3,9,20,12-Jun-2015 13:49:12
839,37,20.3,9,20,12-Jun-2015 13:49:13
840,37,20.3,9,20,12-Jun-2015 13:49:14
841,37,20.3,9,20,12-Jun-2015 13:49:15
842,37,20.3,9,20,12-Jun-2015 13:49:16
843,37,20.3,9,20,12-Jun-2015 13:49:17
844,37,20.3,9,20,12-Jun-2015 13:49:18
845,37,20.3,9,20,12-Jun-2015 13:49:19
846,37,20.3,9,20,12-Jun-2015 13:49:20
847,37,20.3,9,20,12-Jun-2015 13:49:21
848,37,20.3,9,20,12-Jun-2015 13:49:22
849,37,20.3,9,20,12-Jun-2015 13:49:23
850,37,20.3,9,20,12-Jun-2015 13:49:24
851,37,20.3,9,20,12-Jun-2015 13:49:25
852,37,20.3,9,20,12-Jun-2015 13:49:26
853,37,20.3,9,20,12-Jun-2015 13:49:27
854,37,20.3,9,20,12-Jun-2015 13:49:28
855,37,20.3,9,20,12-Jun-2015 13:49:29
856,37,20.3,9,20,12-Jun-2015 13:49:30
857,37,20.3,9,20,12-Jun-2015 13:49:31
858,37,20.3,9,20,12-Jun-2015 13:49:32
859,37,20.3,9,20,12-Jun-2015 13:49:33
860,37,20.3,9,20,12-Jun-2015 13:49:34
861,37,20.3,9,20,12-Jun-2015 13:49:35
862,37,20.3,9,20,12-Jun-2015 13:49:36
863,37,20.3,9,20,12-Jun-2015 13:49:37
864,37,20.3,9,20,12-Jun-2015 13:49:38
865,37,20.3,9,20,12-Jun-2015 13:49:39
866,37,20.3,9,20,12-Jun-2015 13:49:40
867,37,20.3,9,20,12-Jun-2015 13:49:41
868,37,20.3,9,20,12-Jun-2015 13:49:42
869,37,20.3,9,20,12-Jun-2015 13:49:43
870,37,20.3,9,20,12-Jun-2015 13:49:44
871,37,20.3,9,20,12-Jun-2015 13:49:45
872,37,20.3,9,20,12-Jun-2015 13:49:46
873,37,20.3,9,20,12-Jun-2015 13:49:47
874,37,20.3,9,20,12-Jun-2015 13:49:48
875,37,20.3,9,20,12-Jun-2015 13:49:49
876,37,20.3,9,20,12-Jun-2015 13:49:50
877,37,20.3,9,20,12-Jun-2015 13:49:51
878,37,20.3,9,20,12-Jun-2015 13:49:52
879,37,20.3,9,20,12-Jun-2015 13:49:53
880,37,20.3,9,20,12-Jun-2015 13:49:54
881,37,20.3,9,20,12-Jun-2015 13:49:55
882,37,20.3,9,20,12-Jun-2015 13:49:56
883,37,20.3,9,20,12-Jun-2015 13:49:57
884,37,20.3,9,20,12-Jun-2015 13:49:58
885,37,20.3,9,20,12-Jun-2015 13:49:59
886,37,20.3,9,20,12-Jun-2015 13:50:00
887,37,20.3,9,20,12-Jun-2015 13:50:01
888,37,20.3,9,20,12-Jun-2015 13:50:02
889,37,20.3,9,20,12-Jun-2015 13:50:03
890,37,20.3,9,20,12-Jun-2015 13:50:04
891,37,20.3,9,20,12-Jun-2015 13:50:05
892,37,20.3,9,20,12-Jun-2015 13:50:06
893,37,20.3,9,20,12-Jun-2015 13:50:07
894,37,20.3,9,20,12-Jun-2015 13:50:08
895,37,20.3,9,20,12-Jun-2015 13:50:09
896,37,20.3,9,20,12-Jun-2015 13:50:10
897,37,20.3,9,20,12-Jun-2015 13:50:11
898,37,20.3,9,20,12-Jun-2015 13:50:12
899,37,20.3,9,20,12-Jun-2015 13:50:13
900,37,20.3,9,20,12-Jun-2015 13:50:14
901,37,20.3,9,20,12-Jun-2015 13:50:15
902,37,20.3,9,20,12-Jun-2015 13:50:17
903,37,20.3,9,20,12-Jun-2015 13:50:18
904,37,20.3,9,20,12-Jun-2015 13:50:19
905,37,20.3,9,20,12-Jun-2015 13:50:20
906,37,20.3,9,20,12-Jun-2015 13:50:21
907,37,20.3,9,20,12-Jun-2015 13:50:22
908,37,20.3,9,20,12-Jun-2015 13:50:23
909,37,20.3,9,20,12-Jun-2015 13:50:24
910,37,20.3,9,20,12-Jun-2015 13:50:25
911,37,20.3,9,20,12-Jun-2015 13:50:26
912,37,20.3,9,20,12-Jun-2015 13:50:27
913,37,20.3,9,20,12-Jun-2015 13:50:28
914,37,20.3,9,20,12-Jun-2015 13:50:29
915,37,20.3,9,20,12-Jun-2015 13:50:30
916,37,20.3,9,20,12-Jun-2015 13:50:31
917,37,20.3,9,20,12-Jun-2015 13:50:32
918,37,20.3,9,20,12-Jun-2015 13:50:33
919,37,20.3,9,20,12-Jun-2015 13:50:34
920,37,20.3,9,20,12-Jun-2015 13:50:35
921,37,20.3,9,20,12-Jun-2015 13:50:36
922,37,20.3,9,20,12-Jun-2015 13:50:37
923,37,20.3,9,20,12-Jun-2015 13:50:38
924,37,20.3,9,20,12-Jun-2015 13:50:39
925,37,20.3,9,20,12-Jun-2015 13:50:40
926,37,20.3,9,20,12-Jun-2015 13:50:41
927,37,20.3,9,20,12-Jun-2015 13:50:42
928,37,20.3,9,20,12-Jun-2015 13:50:43
929,37,20.3,9,20,12-Jun-2015 13:50:44
930,37,20.3,9,20,12-Jun-2015 13:50:45
931,37,20.3,9,20,12-Jun-2015 13:50:46
932,37,20.3,9,20,12-Jun-2015 13:50:47
933,37,20.3,9,20,12-Jun-2015 13:50:48
934,37,20.3,9,20,12-Jun-2015 13:50:49
935,37,20.3,9,20,12-Jun-2015 13:50:50
936,37,20.3,9,20,12-Jun-2015 13:50:51
937,37,20.3,9,20,12-Jun-2015 13:50:52
938,37,20.3,9,20,12-Jun-2015 13:50:53
939,37,20.3,9,20,12-Jun-2015 13:50:54
940,37,20.3,9,20,12-Jun-2015 13:50:55
941,37,20.3,9,20,12-Jun-2015 13:50:56
942,37,20.3,9,20,12-Jun-2015 13:50:57
943,37,20.3,9,20,12-Jun-2015 13:50:58
944,37,20.3,9,20,12-Jun-2015 13:50:59
945,37,20.3,9,20,12-Jun-2015 13:51:00
946,37,20.3,9,20,12-Jun-2015 13:51:01
947,37,20.3,9,20,12-Jun-2015 13:51:02
948,37,20.3,9,20,12-Jun-2015 13:51:03
949,37,20.3,9,20,12-Jun-2015 13:51:04
950,37,20.3,9,20,12-Jun-2015 13:51:05
951,37,20.3,9,20,12-Jun-2015 13:51:06
952,37,20.3,9,20,12-Jun-2015 13:51:07
953,37,20.3,9,20,12-Jun-2015 13:51:08
954,37,20.3,9,20,12-Jun-2015 13:51:09
955,37,20.3,9,20,12-Jun-2015 13:51:10
956,37,20.3,9,20,12-Jun-2015 13:51:11
957,37,20.3,9,20,12-Jun-2015 13:51:12
958,37,20.3,9,20,12-Jun-2015 13:51:13
959,37,20.3,9,20,12-Jun-2015 13:51:14
960,37,20.3,9,20,12-Jun-2015 13:51:15
961,37,20.3,9,20,12-Jun-2015 13:51:16
962,37,20.3,9,20,12-Jun-2015 13:51:17
963,37,20.3,9,20,12-Jun-2015 13:51:18
964,37,20.3,9,20,12-Jun-2015 13:51:19
965,37,20.3,9,20,12-Jun-2015 13:51:20
966,37,20.3,9,20,12-Jun-2015 13:51:21
967,37,20.3,9,20,12-Jun-2015 13:51:22
968,37,20.3,9,20,12-Jun-2015 13:51:23
969,37,20.3,9,20,12-Jun-2015 13:51:24
970,37,20.3,9,20,12-Jun-2015 13:51:25
971,37,20.3,9,20,12-Jun-2015 13:51:26
972,37,20.3,9,20,12-Jun-2015 13:51:27
973,37,20.3,9,20,12-Jun-2015 13:51:28
974,37,20.3,9,20,12-Jun-2015 13:51:30
975,37,20.3,9,20,12-Jun-2015 13:51:31
976,37,20.3,9,20,12-Jun-2015 13:51:32
977,37,20.3,9,20,12-Jun-2015 13:51:33
978,37,20.3,9,20,12-Jun-2015 13:51:34
979,37,20.3,9,20,12-Jun-2015 13:51:35
980,37,20.3,9,20,12-Jun-2015 13:51:36
981,37,20.3,9,20,12-Jun-2015 13:51:37
982,37,20.3,9,20,12-Jun-2015 13:51:38
983,37,20.3,9,20,12-Jun-2015 13:51:39
984,37,20.3,9,20,12-Jun-2015 13:51:40
985,37,20.3,9,20,12-Jun-2015 13:51:41
986,37,20.3,9,20,12-Jun-2015 13:51:42
987,37,20.3,9,20,12-Jun-2015 13:51:43
988,37,20.3,9,20,12-Jun-2015 13:51:44
989,37,20.3,9,20,12-Jun-2015 13:51:45
990,37,20.3,9,20,12-Jun-2015 13:51:46
991,37,20.3,9,20,12-Jun-2015 13:51:47
992,37,20.3,9,20,12-Jun-2015 13:51:48
993,37,20.3,9,20,12-Jun-2015 13:51:49
994,37,20.3,9,20,12-Jun-2015 13:51:50
995,37,20.3,9,20,12-Jun-2015 13:51:51
996,37,20.3,9,20,12-Jun-2015 13:51:52
997,37,20.3,9,20,12-Jun-2015 13:51:53
998,37,20.3,9,20,12-Jun-2015 13:51:54
999,37,20.3,9,20,12-Jun-2015 13:51:55
1000,37,20.3,9,20,12-Jun-2015 13:51:56
1001,37,20.3,9,20,12-Jun-2015 13:51:57
1002,37,20.3,9,20,12-Jun-2015 13:51:58
1003,37,20.3,9,20,12-Jun-2015 13:51:59
1004,37,20.3,9,20,12-Jun-2015 13:52:00
1005,37,20.3,9,20,12-Jun-2015 13:52:01
1006,37,20.3,9,20,12-Jun-2015 13:52:02
1007,37,20.3,9,20,12-Jun-2015 13:52:03
1008,37,20.3,9,20,12-Jun-2015 13:52:04
1009,37,20.3,9,20,12-Jun-2015 13:52:05
1010,37,20.3,9,20,12-Jun-2015 13:52:06
1011,37,20.3,9,20,12-Jun-2015 13:52:07
1012,37,20.3,9,20,12-Jun-2015 13:52:08
1013,37,20.3,9,20,12-Jun-2015 13:52:09
1014,37,20.3,9,20,12-Jun-2015 13:52:10
1015,37,20.3,9,20,12-Jun-2015 13:52:11
1016,37,20.3,9,20,12-Jun-2015 13:52:12
1017,37,20.3,9,20,12-Jun-2015 13:52:13
1018,37,20.3,9,20,12-Jun-2015 13:52:14
1019,37,20.3,9,20,12-Jun-2015 13:52:15
1020,37,20.3,9,20,12-Jun-2015 13:52:16
1021,37,20.3,9,20,12-Jun-2015 13:52:17
1022,37,20.3,9,20,12-Jun-2015 13:52:18
1023,37,20.3,9,20,12-Jun-2015 13:52:19
1024,37,20.3,9,20,12-Jun-2015 13:52:20
1025,37,20.3,9,20,12-Jun-2015 13:52:21
1026,37,20.3,9,20,12-Jun-2015 13:52:22
1027,37,20.3,9,20,12-Jun-2015 13:52:23
1028,37,20.3,9,20,12-Jun-2015 13:52:24
1029,37,20.3,9,20,12-Jun-2015 13:52:25
1030,37,20.3,9,20,12-Jun-2015 13:52:26
1031,37,20.3,9,20,12-Jun-2015 13:52:27
1032,37,20.3,9,20,12-Jun-2015 13:52:28
1033,37,20.3,9,20,12-Jun-2015 13:52:29
1034,37,20.3,9,20,12-Jun-2015 13:52:30
1035,37,20.3,9,20,12-Jun-2015 13:52:31
1036,37,20.3,9,20,12-Jun-2015 13:52:32
1037,37,20.3,9,20,12-Jun-2015 13:52:33
1038,37,20.3,9,20,12-Jun-2015 13:52:34
1039,37,20.3,9,20,12-Jun-2015 13:52:35
1040,37,20.3,9,20,12-Jun-2015 13:52:36
1041,37,20.3,9,20,12-Jun-2015 13:52:37
1042,37,20.3,9,20,12-Jun-2015 13:52:38
1043,37,20.3,9,20,12-Jun-2015 13:52:39
1044,37,20.3,9,20,12-Jun-2015 13:52:40
1045,37,20.3,9,20,12-Jun-2015 13:52:42
1046,37,20.3,9,20,12-Jun-2015 13:52:43
1047,37,20.3,9,20,12-Jun-2015 13:52:44
1048,37,20.3,9,20,12-Jun-2015 13:52:45
1049,37,20.3,9,20,12-Jun-2015 13:52:46
1050,37,20.3,9,20,12-Jun-2015 13:52:47
1051,37,20.3,9,20,12-Jun-2015 13:52:48
1052,37,20.3,9,20,12-Jun-2015 13:52:49
1053,37,20.3,9,20,12-Jun-2015 13:52:50
1054,37,20.3,9,20,12-Jun-2015 13:52:51
1055,37,20.3,9,20,12-Jun-2015 13:52:52
1056,37,20.3,9,20,12-Jun-2015 13:52:53
1057,37,20.3,9,20,12-Jun-2015 13:52:54
1058,37,20.3,9,20,12-Jun-2015 13:52:55
1059,37,20.3,9,20,12-Jun-2015 13:52:56
1060,37,20.3,9,20,12-Jun-2015 13:52:57
1061,37,20.3,9,20,12-Jun-2015 13:52:58
1062,37,20.3,9,20,12-Jun-2015 13:52:59
1063,37,20.3,9,20,12-Jun-2015 13:53:00
1064,37,20.3,9,20,12-Jun-2015 13:53:01
1065,37,20.3,9,20,12-Jun-2015 13:53:02
1066,37,20.3,9,20,12-Jun-2015 13:53:03
1067,37,20.3,9,20,12-Jun-2015 13:53:04
1068,37,20.3,9,20,12-Jun-2015 13:53:05
1069,37,20.3,9,20,12-Jun-2015 13:53:06
1070,37,20.3,9,20,12-Jun-2015 13:53:07
1071,37,20.3,9,20,12-Jun-2015 13:53:08
1072,37,20.3,9,20,12-Jun-2015 13:53:09
1073,37,20.3,9,20,12-Jun-2015 13:53:10
1074,37,20.3,9,20,12-Jun-2015 13:53:11
1075,37,20.3,9,20,12-Jun-2015 13:53:12
1076,37,20.3,9,20,12-Jun-2015 13:53:13
1077,37,20.3,9,20,12-Jun-2015 13:53:14
1078,37,20.3,9,20,12-Jun-2015 13:53:15
1079,37,20.3,9,20,12-Jun-2015 13:53:16
1080,37,20.3,9,20,12-Jun-2015 13:53:17
1081,37,20.3,9,20,12-Jun-2015 13:53:18
1082,37,20.3,9,20,12-Jun-2015 13:53:19
1083,37,20.3,9,20,12-Jun-2015 13:53:20
1084,37,20.3,9,20,12-Jun-2015 13:53:21
1085,37,20.3,9,20,12-Jun-2015 13:53:22
1086,37,20.3,9,20,12-Jun-2015 13:53:23
1087,37,20.3,9,20,12-Jun-2015 13:53:24
1088,37,20.3,9,20,12-Jun-2015 13:53:25
1089,37,20.3,9,20,12-Jun-2015 13:53:26
1090,37,20.3,9,20,12-Jun-2015 13:53:27
1091,37,20.3,9,20,12-Jun-2015 13:53:28
1092,37,20.3,9,20,12-Jun-2015 13:53:29
1093,37,20.3,9,20,12-Jun-2015 13:53:30
1094,37,20.3,9,20,12-Jun-2015 13:53:31
1095,37,20.3,9,20,12-Jun-2015 13:53:32
1096,37,20.3,9,20,12-Jun-2015 13:53:33
1097,37,20.3,9,20,12-Jun-2015 13:53:34
1098,37,20.3,9,20,12-Jun-2015 13:53:35
1099,37,20.3,9,20,12-Jun-2015 13:53:36
1100,37,20.3,9,20,12-Jun-2015 13:53:37
1101,37,20.3,9,20,12-Jun-2015 13:53:38
1102,37,20.3,9,20,12-Jun-2015 13:53:39
1103,37,20.3,9,20,12-Jun-2015 13:53:40
1104,37,20.3,9,20,12-Jun-2015 13:53:41
1105,37,20.3,9,20,12-Jun-2015 13:53:42
1106,37,20.3,9,20,12-Jun-2015 13:53:43
1107,37,20.3,9,20,12-Jun-2015 13:53:44
1108,37,20.3,9,20,12-Jun-2015 13:53:45
1109,37,20.3,9,20,12-Jun-2015 13:53:46
1110,37,20.3,9,20,12-Jun-2015 13:53:47
1111,37,20.3,9,20,12-Jun-2015 13:53:48
1112,37,20.3,9,20,12-Jun-2015 13:53:49
1113,37,20.3,9,20,12-Jun-2015 13:53:50
1114,37,20.3,9,20,12-Jun-2015 13:53:51
1115,37,20.3,9,20,12-Jun-2015 13:53:52
1116,37,20.3,9,20,12-Jun-2015 13:53:54
1117,37,20.3,9,20,12-Jun-2015 13:53:55
1118,37,20.3,9,20,12-Jun-2015 13:53:56
1119,37,20.3,9,20,12-Jun-2015 13:53:57
1120,37,20.3,9,20,12-Jun-2015 13:53:58
1121,37,20.3,9,20,12-Jun-2015 13:53:59
1122,37,20.3,9,20,12-Jun-2015 13:54:00
1123,37,20.3,9,20,12-Jun-2015 13:54:01
1124,37,20.3,9,20,12-Jun-2015 13:54:02
1125,37,20.3,9,20,12-Jun-2015 13:54:03
1126,37,20.3,9,20,12-Jun-2015 13:54:04
1127,37,20.3,9,20,12-Jun-2015 13:54:05
1128,37,20.3,9,20,12-Jun-2015 13:54:06
1129,37,20.3,9,20,12-Jun-2015 13:54:07
1130,37,20.3,9,20,12-Jun-2015 13:54:08
1131,37,20.3,9,20,12-Jun-2015 13:54:09
1132,37,20.3,9,20,12-Jun-2015 13:54:10
1133,37,20.3,9,20,12-Jun-2015 13:54:11
1134,37,20.3,9,20,12-Jun-2015 13:54:12
1135,37,20.3,9,20,12-Jun-2015 13:54:13
1136,37,20.3,9,20,12-Jun-2015 13:54:14
1137,37,20.3,9,20,12-Jun-2015 13:54:15
1138,37,20.3,9,20,12-Jun-2015 13:54:16
1139,37,20.3,9,20,12-Jun-2015 13:54:17
1140,37,20.3,9,20,12-Jun-2015 13:54:18
1141,37,20.3,9,20,12-Jun-2015 13:54:19
1142,37,20.3,9,20,12-Jun-2015 13:54:20
1143,37,20.3,9,20,12-Jun-2015 13:54:21
1144,37,20.3,9,20,12-Jun-2015 13:54:22
1145,37,20.3,9,20,12-Jun-2015 13:54:23
1146,37,20.3,9,20,12-Jun-2015 13:54:24
1147,37,20.3,9,20,12-Jun-2015 13:54:25
1148,37,20.3,9,20,12-Jun-2015 13:54:26
1149,37,20.3,9,20,12-Jun-2015 13:54:27
1150,37,20.3,9,20,12-Jun-2015 13:54:28
1151,37,20.3,9,20,12-Jun-2015 13:54:29
1152,37,20.3,9,20,12-Jun-2015 13:54:30
1153,37,20.3,9,20,12-Jun-2015 13:54:31
1154,37,20.3,9,20,12-Jun-2015 13:54:32
1155,37,20.3,9,20,12-Jun-2015 13:54:33
1156,37,20.3,9,20,12-Jun-2015 13:54:34
1157,37,20.3,9,20,12-Jun-2015 13:54:35
1158,37,20.3,9,20,12-Jun-2015 13:54:36
1159,37,20.3,9,20,12-Jun-2015 13:54:37
1160,37,20.3,9,20,12-Jun-2015 13:54:38
1161,37,20.3,9,20,12-Jun-2015 13:54:39
1162,37,20.3,9,20,12-Jun-2015 13:54:40
1163,37,20.3,9,20,12-Jun-2015 13:54:41
1164,37,20.3,9,20,12-Jun-2015 13:54:42
1165,37,20.3,9,20,12-Jun-2015 13:54:43
1166,37,20.3,9,20,12-Jun-2015 13:54:44
1167,37,20.3,9,20,12-Jun-2015 13:54:45
1168,37,20.3,9,20,12-Jun-2015 13:54:46
1169,37,20.3,9,20,12-Jun-2015 13:54:47
1170,37,20.3,9,20,12-Jun-2015 13:54:48
1171,37,20.3,9,20,12-Jun-2015 13:54:49
1172,37,20.3,9,20,12-Jun-2015 13:54:50
1173,37,20.3,9,20,12-Jun-2015 13:54:51
1174,37,20.3,9,20,12-Jun-2015 13:54:52
1175,37,20.3,9,20,12-Jun-2015 13:54:53
1176,37,20.3,9,20,12-Jun-2015 13:54:54
1177,37,20.3,9,20,12-Jun-2015 13:54:55
1178,37,20.3,9,20,12-Jun-2015 13:54:56
1179,37,20.3,9,20,12-Jun-2015 13:54:57
1180,37,20.3,9,20,12-Jun-2015 13:54:58
1181,37,20.3,9,20,12-Jun-2015 13:54:59
1182,37,20.3,9,20,12-Jun-2015 13:55:00
1183,37,20.3,9,20,12-Jun-2015 13:55:01
1184,37,20.3,9,20,12-Jun-2015 13:55:02
1185,37,20.3,9,20,12-Jun-2015 13:55:03
1186,37,20.3,9,20,12-Jun-2015 13:55:04
1187,37,20.3,9,20,12-Jun-2015 13:55:05
1188,37,20.3,9,20,12-Jun-2015 13:55:07
1189,37,20.3,9,20,12-Jun-2015 13:55:08
1190,37,20.3,9,20,12-Jun-2015 13:55:09
1191,37,20.3,9,20,12-Jun-2015 13:55:10
1192,37,20.3,9,20,12-Jun-2015 13:55:11
1193,37,20.3,9,20,12-Jun-2015 13:55:12
1194,37,20.3,9,20,12-Jun-2015 13:55:13
1195,37,20.3,9,20,12-Jun-2015 13:55:14
1196,37,20.3,9,20,12-Jun-2015 13:55:15
1197,37,20.3,9,20,12-Jun-2015 13:55:16
1198,37,20.3,9,20,12-Jun-2015 13:55:17
1199,37,20.3,9,20,12-Jun-2015 13:55:18
1200,37,20.3,9,20,12-Jun-2015 13:55:19
1201,37,20.3,9,20,12-Jun-2015 13:55:20
1202,37,20.3,9,20,12-Jun-2015 13:55:21
1203,37,20.3,9,20,12-Jun-2015 13:55:22
1204,37,20.3,9,20,12-Jun-2015 13:55:23
1205,37,20.3,9,20,12-Jun-2015 13:55:24
1206,37,20.3,9,20,12-Jun-2015 13:55:25
1207,37,20.3,9,20,12-Jun-2015 13:55:26
1208,37,20.3,9,20,12-Jun-2015 13:55:27
1209,37,20.3,9,20,12-Jun-2015 13:55:28
1210,37,20.3,9,20,12-Jun-2015 13:55:29
1211,37,20.3,9,20,12-Jun-2015 13:55:30
1212,37,20.3,9,20,12-Jun-2015 13:55:31
1213,37,20.3,9,20,12-Jun-2015 13:55:32
1214,37,20.3,9,20,12-Jun-2015 13:55:33
1215,37,20.3,9,20,12-Jun-2015 13:55:34
1216,37,20.3,9,20,12-Jun-2015 13:55:35
1217,37,20.3,9,20,12-Jun-2015 13:55:36
1218,37,20.3,9,20,12-Jun-2015 13:55:37
1219,37,20.3,9,20,12-Jun-2015 13:55:38
1220,37,20.3,9,20,12-Jun-2015 13:55:39
1221,37,20.3,9,20,12-Jun-2015 13:55:40
1222,37,20.3,9,20,12-Jun-2015 13:55:41
1223,37,20.3,9,20,12-Jun-2015 13:55:42
1224,37,20.3,9,20,12-Jun-2015 13:55:43
1225,37,20.3,9,20,12-Jun-2015 13:55:44
1226,37,20.3,9,20,12-Jun-2015 13:55:45
1227,37,20.3,9,20,12-Jun-2015 13:55:46
1228,37,20.3,9,20,12-Jun-2015 13:55:47
1229,37,20.3,9,20,12-Jun-2015 13:55:48
1230,37,20.3,9,20,12-Jun-2015 13:55:49
1231,37,20.3,9,20,12-Jun-2015 13:55:50
1232,37,20.3,9,20,12-Jun-2015 13:55:51
1233,37,20.3,9,20,12-Jun-2015 13:55:52
1234,37,20.3,9,20,12-Jun-2015 13:55:53
1235,37,20.3,9,20,12-Jun-2015 13:55:54
1236,37,20.3,9,20,12-Jun-2015 13:55:55
1237,37,20.3,9,20,12-Jun-2015 13:55:56
1238,37,20.3,9,20,12-Jun-2015 13:55:57
1239,37,20.3,9,20,12-Jun-2015 13:55:58
1240,37,20.3,9,20,12-Jun-2015 13:55:59
1241,37,20.3,9,20,12-Jun-2015 13:56:00
1242,37,20.3,9,20,12-Jun-2015 13:56:01
1243,37,20.3,9,20,12-Jun-2015 13:56:02
1244,37,20.3,9,20,12-Jun-2015 13:56:03
1245,37,20.3,9,20,12-Jun-2015 13:56:04
1246,37,20.3,9,20,12-Jun-2015 13:56:05
1247,37,20.3,9,20,12-Jun-2015 13:56:06
1248,37,20.3,9,20,12-Jun-2015 13:56:07
1249,37,20.3,9,20,12-Jun-2015 13:56:08
1250,37,20.3,9,20,12-Jun-2015 13:56:09
1251,37,20.3,9,20,12-Jun-2015 13:56:10
1252,37,20.3,9,20,12-Jun-2015 13:56:11
1253,37,20.3,9,20,12-Jun-2015 13:56:12
1254,37,20.3,9,20,12-Jun-2015 13:56:13
1255,37,20.3,9,20,12-Jun-2015 13:56:14
1256,37,20.3,9,20,12-Jun-2015 13:56:15
1257,37,20.3,9,20,12-Jun-2015 13:56:16
1258,37,20.3,9,20,12-Jun-2015 13:56:17
1259,37,20.3,9,20,12-Jun-2015 13:56:19
1260,37,20.3,9,20,12-Jun-2015 13:56:20
1261,37,20.3,9,20,12-Jun-2015 13:56:21
1262,37,20.3,9,20,12-Jun-2015 13:56:22
1263,37,20.3,9,20,12-Jun-2015 13:56:23
1264,37,20.3,9,20,12-Jun-2015 13:56:24
1265,37,20.3,9,20,12-Jun-2015 13:56:25
1266,37,20.3,9,20,12-Jun-2015 13:56:26
1267,37,20.3,9,20,12-Jun-2015 13:56:27
1268,37,20.3,9,20,12-Jun-2015 13:56:28
1269,37,20.3,9,20,12-Jun-2015 13:56:29
1270,37,20.3,9,20,12-Jun-2015 13:56:30
1271,37,20.3,9,20,12-Jun-2015 13:56:31
1272,37,20.3,9,20,12-Jun-2015 13:56:32
1273,37,20.3,9,20,12-Jun-2015 13:56:33
1274,37,20.3,9,20,12-Jun-2015 13:56:34
1275,37,20.3,9,20,12-Jun-2015 13:56:35
1276,37,20.3,9,20,12-Jun-2015 13:56:36
1277,37,20.3,9,20,12-Jun-2015 13:56:37
1278,37,20.3,9,20,12-Jun-2015 13:56:38
1279,37,20.3,9,20,12-Jun-2015 13:56:39
1280,37,20.3,9,20,12-Jun-2015 13:56:40
1281,37,20.3,9,20,12-Jun-2015 13:56:41
1282,37,20.3,9,20,12-Jun-2015 13:56:42
1283,37,20.3,9,20,12-Jun-2015 13:56:43
1284,37,20.3,9,20,12-Jun-2015 13:56:44
1285,37,20.3,9,20,12-Jun-2015 13:56:45
1286,37,20.3,9,20,12-Jun-2015 13:56:46
1287,37,20.3,9,20,12-Jun-2015 13:56:47
1288,37,20.3,9,20,12-Jun-2015 13:56:48
1289,37,20.3,9,20,12-Jun-2015 13:56:49
1290,37,20.3,9,20,12-Jun-2015 13:56:50
1291,37,20.3,9,20,12-Jun-2015 13:56:51
1292,37,20.3,9,20,12-Jun-2015 13:56:52
1293,37,20.3,9,20,12-Jun-2015 13:56:53
1294,37,20.3,9,20,12-Jun-2015 13:56:54
1295,37,20.3,9,20,12-Jun-2015 13:56:55
1296,37,20.3,9,20,12-Jun-2015 13:56:56
1297,37,20.3,9,20,12-Jun-2015 13:56:57
1298,37,20.3,9,20,12-Jun-2015 13:56:58
1299,37,20.3,9,20,12-Jun-2015 13:56:59
1300,37,20.3,9,20,12-Jun-2015 13:57:00
1301,37,20.3,9,20,12-Jun-2015 13:57:01
1302,37,20.3,9,20,12-Jun-2015 13:57:02
1303,37,20.3,9,20,12-Jun-2015 13:57:03
1304,37,20.3,9,20,12-Jun-2015 13:57:04
1305,37,20.3,9,20,12-Jun-2015 13:57:05
1306,37,20.3,9,20,12-Jun-2015 13:57:06
1307,37,20.3,9,20,12-Jun-2015 13:57:07
1308,37,20.3,9,20,12-Jun-2015 13:57:08
1309,37,20.3,9,20,12-Jun-2015 13:57:09
1310,37,20.3,9,20,12-Jun-2015 13:57:10
1311,37,20.3,9,20,12-Jun-2015 13:57:11
1312,37,20.3,9,20,12-Jun-2015 13:57:12
1313,37,20.3,9,20,12-Jun-2015 13:57:13
1314,37,20.3,9,20,12-Jun-2015 13:57:14
1315,37,20.3,9,20,12-Jun-2015 13:57:15
1316,37,20.3,9,20,12-Jun-2015 13:57:16
1317,37,20.3,9,20,12-Jun-2015 13:57:17
1318,37,20.3,9,20,12-Jun-2015 13:57:18
1319,37,20.3,9,20,12-Jun-2015 13:57:19
1320,37,20.3,9,20,12-Jun-2015 13:57:20
1321,37,20.3,9,20,12-Jun-2015 13:57:21
1322,37,20.3,9,20,12-Jun-2015 13:57:22
1323,37,20.3,9,20,12-Jun-2015 13:57:23
1324,37,20.3,9,20,12-Jun-2015 13:57:24
1325,37,20.3,9,20,12-Jun-2015 13:57:25
1326,37,20.3,9,20,12-Jun-2015 13:57:26
1327,37,20.3,9,20,12-Jun-2015 13:57:27
1328,37,20.3,9,20,12-Jun-2015 13:57:28
1329,37,20.3,9,20,12-Jun-2015 13:57:29
1330,37,20.3,9,20,12-Jun-2015 13:57:31
1331,37,20.3,9,20,12-Jun-2015 13:57:32
1332,37,20.3,9,20,12-Jun-2015 13:57:33
1333,37,20.3,9,20,12-Jun-2015 13:57:34
1334,37,20.3,9,20,12-Jun-2015 13:57:35
1335,37,20.3,9,20,12-Jun-2015 13:57:36
1336,37,20.3,9,20,12-Jun-2015 13:57:37
1337,37,20.3,9,20,12-Jun-2015 13:57:38
1338,37,20.3,9,20,12-Jun-2015 13:57:39
1339,37,20.3,9,20,12-Jun-2015 13:57:40
1340,37,20.3,9,20,12-Jun-2015 13:57:41
1341,37,20.3,9,20,12-Jun-2015 13:57:42
1342,37,20.3,9,20,12-Jun-2015 13:57:43
1343,37,20.3,9,20,12-Jun-2015 13:57:44
1344,37,20.3,9,20,12-Jun-2015 13:57:45
1345,37,20.3,9,20,12-Jun-2015 13:57:46
1346,37,20.3,9,20,12-Jun-2015 13:57:47
1347,37,20.3,9,20,12-Jun-2015 13:57:48
1348,37,20.3,9,20,12-Jun-2015 13:57:49
1349,37,20.3,9,20,12-Jun-2015 13:57:50
1350,37,20.3,9,20,12-Jun-2015 13:57:51
1351,37,20.3,9,20,12-Jun-2015 13:57:52
1352,37,20.3,9,20,12-Jun-2015 13:57:53
1353,37,20.3,9,20,12-Jun-2015 13:57:54
1354,37,20.3,9,20,12-Jun-2015 13:57:55
1355,37,20.3,9,20,12-Jun-2015 13:57:56
1356,37,20.3,9,20,12-Jun-2015 13:57:57
1357,37,20.3,9,20,12-Jun-2015 13:57:58
1358,37,20.3,9,20,12-Jun-2015 13:57:59
1359,37,20.3,9,20,12-Jun-2015 13:58:00
1360,37,20.3,9,20,12-Jun-2015 13:58:01
1361,37,20.3,9,20,12-Jun-2015 13:58:02
1362,37,20.3,9,20,12-Jun-2015 13:58:03
1363,37,20.3,9,20,12-Jun-2015 13:58:04
1364,37,20.3,9,20,12-Jun-2015 13:58:05
1365,37,20.3,9,20,12-Jun-2015 13:58:06
1366,37,20.3,9,20,12-Jun-2015 13:58:07
1367,37,20.3,9,20,12-Jun-2015 13:58:08
1368,37,20.3,9,20,12-Jun-2015 13:58:09
1369,37,20.3,9,20,12-Jun-2015 13:58:10
1370,37,20.3,9,20,12-Jun-2015 13:58:11
1371,37,20.3,9,20,12-Jun-2015 13:58:12
1372,37,20.3,9,20,12-Jun-2015 13:58:13
1373,37,20.3,9,20,12-Jun-2015 13:58:14
1374,37,20.3,9,20,12-Jun-2015 13:58:15
1375,37,20.3,9,20,12-Jun-2015 13:58:16
1376,37,20.3,9,20,12-Jun-2015 13:58:17
1377,37,20.3,9,20,12-Jun-2015 13:58:18
1378,37,20.3,9,20,12-Jun-2015 13:58:19
1379,37,20.3,9,20,12-Jun-2015 13:58:20
1380,37,20.3,9,20,12-Jun-2015 13:58:21
1381,37,20.3,9,20,12-Jun-2015 13:58:22
1382,37,20.3,9,20,12-Jun-2015 13:58:23
1383,37,20.3,9,20,12-Jun-2015 13:58:24
1384,37,20.3,9,20,12-Jun-2015 13:58:25
1385,37,20.3,9,20,12-Jun-2015 13:58:26
1386,37,20.3,9,20,12-Jun-2015 13:58:27
1387,37,20.3,9,20,12-Jun-2015 13:58:28
1388,37,20.3,9,20,12-Jun-2015 13:58:29
1389,37,20.3,9,20,12-Jun-2015 13:58:30
1390,37,20.3,9,20,12-Jun-2015 13:58:31
1391,37,20.3,9,20,12-Jun-2015 13:58:32
1392,37,20.3,9,20,12-Jun-2015 13:58:33
1393,37,20.3,9,20,12-Jun-2015 13:58:34
1394,37,20.3,9,20,12-Jun-2015 13:58:35
1395,37,20.3,9,20,12-Jun-2015 13:58:36
1396,37,20.3,9,20,12-Jun-2015 13:58:37
1397,37,20.3,9,20,12-Jun-2015 13:58:38
1398,37,20.3,9,20,12-Jun-2015 13:58:39
1399,37,20.3,9,20,12-Jun-2015 13:58:40
1400,37,20.3,9,20,12-Jun-2015 13:58:41
1401,37,20.3,9,20,12-Jun-2015 13:58:42
1402,37,20.3,9,20,12-Jun-2015 13:58:44
1403,37,20.3,9,20,12-Jun-2015 13:58:45
1404,37,20.3,9,20,12-Jun-2015 13:58:46
1405,37,20.3,9,20,12-Jun-2015 13:58:47
1406,37,20.3,9,20,12-Jun-2015 13:58:48
1407,37,20.3,9,20,12-Jun-2015 13:58:49
1408,37,20.3,9,20,12-Jun-2015 13:58:50
1409,37,20.3,9,20,12-Jun-2015 13:58:51
1410,37,20.3,9,20,12-Jun-2015 13:58:52
1411,37,20.3,9,20,12-Jun-2015 13:58:53
1412,37,20.3,9,20,12-Jun-2015 13:58:54
1413,37,20.3,9,20,12-Jun-2015 13:58:55
1414,37,20.3,9,20,12-Jun-2015 13:58:56
1415,37,20.3,9,20,12-Jun-2015 13:58:57
1416,37,20.3,9,20,12-Jun-2015 13:58:58
1417,37,20.3,9,20,12-Jun-2015 13:58:59
1418,37,20.3,9,20,12-Jun-2015 13:59:00
1419,37,20.3,9,20,12-Jun-2015 13:59:01
1420,37,20.3,9,20,12-Jun-2015 13:59:02
1421,37,20.3,9,20,12-Jun-2015 13:59:03
1422,37,20.3,9,20,12-Jun-2015 13:59:04
1423,37,20.3,9,20,12-Jun-2015 13:59:05
1424,37,20.3,9,20,12-Jun-2015 13:59:06
1425,37,20.3,9,20,12-Jun-2015 13:59:07
1426,37,20.3,9,20,12-Jun-2015 13:59:08
1427,37,20.3,9,20,12-Jun-2015 13:59:09
1428,37,20.3,9,20,12-Jun-2015 13:59:10
1429,37,20.3,9,20,12-Jun-2015 13:59:11
1430,37,20.3,9,20,12-Jun-2015 13:59:12
1431,37,20.3,9,20,12-Jun-2015 13:59:13
1432,37,20.3,9,20,12-Jun-2015 13:59:14
1433,37,20.3,9,20,12-Jun-2015 13:59:15
1434,37,20.3,9,20,12-Jun-2015 13:59:16
1435,37,20.3,9,20,12-Jun-2015 13:59:17
1436,37,20.3,9,20,12-Jun-2015 13:59:18
1437,37,20.3,9,20,12-Jun-2015 13:59:19
1438,37,20.3,9,20,12-Jun-2015 13:59:20
1439,37,20.3,9,20,12-Jun-2015 13:59:21
1440,37,20.3,9,20,12-Jun-2015 13:59:22
1441,37,20.3,9,20,12-Jun-2015 13:59:23
1442,37,20.3,9,20,12-Jun-2015 13:59:24
1443,37,20.3,9,20,12-Jun-2015 13:59:25
1444,37,20.3,9,20,12-Jun-2015 13:59:26
1445,37,20.3,9,20,12-Jun-2015 13:59:27
1446,37,20.3,9,20,12-Jun-2015 13:59:28
1447,37,20.3,9,20,12-Jun-2015 13:59:29
1448,37,20.3,9,20,12-Jun-2015 13:59:30
1449,37,20.3,9,20,12-Jun-2015 13:59:31
1450,37,20.3,9,20,12-Jun-2015 13:59:32
1451,37,20.3,9,20,12-Jun-2015 13:59:33
1452,37,20.3,9,20,12-Jun-2015 13:59:34
1453,37,20.3,9,20,12-Jun-2015 13:59:35
1454,37,20.3,9,20,12-Jun-2015 13:59:36
1455,37,20.3,9,20,12-Jun-2015 13:59:37
1456,37,20.3,9,20,12-Jun-2015 13:59:38
1457,37,20.3,9,20,12-Jun-2015 13:59:39
1458,37,20.3,9,20,12-Jun-2015 13:59:40
1459,37,20.3,9,20,12-Jun-2015 13:59:41
1460,37,20.3,9,20,12-Jun-2015 13:59:42
1461,37,20.3,9,20,12-Jun-2015 13:59:43
1462,37,20.3,9,20,12-Jun-2015 13:59:44
1463,37,20.3,9,20,12-Jun-2015 13:59:45
1464,37,20.3,9,20,12-Jun-2015 13:59:46
1465,37,20.3,9,20,12-Jun-2015 13:59:47
1466,37,20.3,9,20,12-Jun-2015 13:59:48
1467,37,20.3,9,20,12-Jun-2015 13:59:49
1468,37,20.3,9,20,12-Jun-2015 13:59:50
1469,37,20.3,9,20,12-Jun-2015 13:59:51
1470,37,20.3,9,20,12-Jun-2015 13:59:52
1471,37,20.3,9,20,12-Jun-2015 13:59:53
1472,37,20.3,9,20,12-Jun-2015 13:59:54
1473,37,20.3,9,20,12-Jun-2015 13:59:56
1474,37,20.3,9,20,12-Jun-2015 13:59:57
1475,37,20.3,9,20,12-Jun-2015 13:59:58
1476,37,20.3,9,20,12-Jun-2015 13:59:59
1477,37,20.3,9,20,12-Jun-2015 14:00:00
1478,37,20.3,9,20,12-Jun-2015 14:00:01
1479,37,20.3,9,20,12-Jun-2015 14:00:02
1480,37,20.3,9,20,12-Jun-2015 14:00:03
1481,37,20.3,9,20,12-Jun-2015 14:00:04
1482,37,20.3,9,20,12-Jun-2015 14:00:05
1483,37,20.3,9,20,12-Jun-2015 14:00:06
1484,37,20.3,9,20,12-Jun-2015 14:00:07
1485,37,20.3,9,20,12-Jun-2015 14:00:08
1486,37,20.3,9,20,12-Jun-2015 14:00:09
1487,37,20.3,9,20,12-Jun-2015 14:00:10
1488,37,20.3,9,20,12-Jun-2015 14:00:11
1489,37,20.3,9,20,12-Jun-2015 14:00:12
1490,37,20.3,9,20,12-Jun-2015 14:00:13
1491,37,20.3,9,20,12-Jun-2015 14:00:14
1492,37,20.3,9,20,12-Jun-2015 14:00:15
1493,37,20.3,9,20,12-Jun-2015 14:00:16
1494,37,20.3,9,20,12-Jun-2015 14:00:17
1495,37,20.3,9,20,12-Jun-2015 14:00:18
1496,37,20.3,9,20,12-Jun-2015 14:00:19
1497,37,20.3,9,20,12-Jun-2015 14:00:20
1498,37,20.3,9,20,12-Jun-2015 14:00:21
1499,37,20.3,9,20,12-Jun-2015 14:00:22
1500,37,20.3,9,20,12-Jun-2015 14:00:23
1501,37,20.3,9,20,12-Jun-2015 14:00:24
1502,37,20.3,9,20,12-Jun-2015 14:00:25
1503,37,20.3,9,20,12-Jun-2015 14:00:26
1504,37,20.3,9,20,12-Jun-2015 14:00:27
1505,37,20.3,9,20,12-Jun-2015 14:00:28
1506,37,20.3,9,20,12-Jun-2015 14:00:29
1507,37,20.3,9,20,12-Jun-2015 14:00:30
1508,37,20.3,9,20,12-Jun-2015 14:00:31
1509,37,20.3,9,20,12-Jun-2015 14:00:32
1510,37,20.3,9,20,12-Jun-2015 14:00:33
1511,37,20.3,9,20,12-Jun-2015 14:00:34
1512,37,20.3,9,20,12-Jun-2015 14:00:35
1513,37,20.3,9,20,12-Jun-2015 14:00:36
1514,37,20.3,9,20,12-Jun-2015 14:00:37
1515,37,20.3,9,20,12-Jun-2015 14:00:38
1516,37,20.3,9,20,12-Jun-2015 14:00:39
1517,37,20.3,9,20,12-Jun-2015 14:00:40
1518,37,20.3,9,20,12-Jun-2015 14:00:41
1519,37,20.3,9,20,12-Jun-2015 14:00:42
1520,37,20.3,9,20,12-Jun-2015 14:00:43
1521,37,20.3,9,20,12-Jun-2015 14:00:44
1522,37,20.3,9,20,12-Jun-2015 14:00:45
1523,37,20.3,9,20,12-Jun-2015 14:00:46
1524,37,20.3,9,20,12-Jun-2015 14:00:47
1525,37,20.3,9,20,12-Jun-2015 14:00:48
1526,37,20.3,9,20,12-Jun-2015 14:00:49
1527,37,20.3,9,20,12-Jun-2015 14:00:50
1528,37,20.3,9,20,12-Jun-2015 14:00:51
1529,37,20.3,9,20,12-Jun-2015 14:00:52
1530,37,20.3,9,20,12-Jun-2015 14:00:53
1531,37,20.3,9,20,12-Jun-2015 14:00:54
1532,37,20.3,9,20,12-Jun-2015 14:00:55
1533,37,20.3,9,20,12-Jun-2015 14:00:56
1534,37,20.3,9,20,12-Jun-2015 14:00:57
1535,37,20.3,9,20,12-Jun-2015 14:00:58
1536,37,20.3,9,20,12-Jun-2015 14:00:59
1537,37,20.3,9,20,12-Jun-2015 14:01:00
1538,37,20.3,9,20,12-Jun-2015 14:01:01
1539,37,20.3,9,20,12-Jun-2015 14:01:02
1540,37,20.3,9,20,12-Jun-2015 14:01:03
1541,37,20.3,9,20,12-Jun-2015 14:01:04
1542,37,20.3,9,20,12-Jun-2015 14:01:05
1543,37,20.3,9,20,12-Jun-2015 14:01:06
1544,37,20.3,9,20,12-Jun-2015 14:01:07
1545,37,20.3,9,20,12-Jun-2015 14:01:09
1546,37,20.3,9,20,12-Jun-2015 14:01:10
1547,37,20.3,9,20,12-Jun-2015 14:01:11
1548,37,20.3,9,20,12-Jun-2015 14:01:12
1549,37,20.3,9,20,12-Jun-2015 14:01:13
1550,37,20.3,9,20,12-Jun-2015 14:01:14
1551,37,20.3,9,20,12-Jun-2015 14:01:15
1552,37,20.3,9,20,12-Jun-2015 14:01:16
1553,37,20.3,9,20,12-Jun-2015 14:01:17
1554,37,20.3,9,20,12-Jun-2015 14:01:18
1555,37,20.3,9,20,12-Jun-2015 14:01:19
1556,37,20.3,9,20,12-Jun-2015 14:01:20
1557,37,20.3,9,20,12-Jun-2015 14:01:21
1558,37,20.3,9,20,12-Jun-2015 14:01:22
1559,37,20.3,9,20,12-Jun-2015 14:01:23
1560,37,20.3,9,20,12-Jun-2015 14:01:24
1561,37,20.3,9,20,12-Jun-2015 14:01:25
1562,37,20.3,9,20,12-Jun-2015 14:01:26
1563,37,20.3,9,20,12-Jun-2015 14:01:27
1564,37,20.3,9,20,12-Jun-2015 14:01:28
1565,37,20.3,9,20,12-Jun-2015 14:01:29
1566,37,20.3,9,20,12-Jun-2015 14:01:30
1567,37,20.3,9,20,12-Jun-2015 14:01:31
1568,37,20.3,9,20,12-Jun-2015 14:01:32
1569,37,20.3,9,20,12-Jun-2015 14:01:33
1570,37,20.3,9,20,12-Jun-2015 14:01:34
1571,37,20.3,9,20,12-Jun-2015 14:01:35
1572,37,20.3,9,20,12-Jun-2015 14:01:36
1573,37,20.3,9,20,12-Jun-2015 14:01:37
1574,37,20.3,9,20,12-Jun-2015 14:01:38
1575,37,20.3,9,20,12-Jun-2015 14:01:39
1576,37,20.3,9,20,12-Jun-2015 14:01:40
1577,37,20.3,9,20,12-Jun-2015 14:01:41
1578,37,20.3,9,20,12-Jun-2015 14:01:42
1579,37,20.3,9,20,12-Jun-2015 14:01:43
1580,37,20.3,9,20,12-Jun-2015 14:01:44
1581,37,20.3,9,20,12-Jun-2015 14:01:45
1582,37,20.3,9,20,12-Jun-2015 14:01:46
1583,37,20.3,9,20,12-Jun-2015 14:01:47
1584,37,20.3,9,20,12-Jun-2015 14:01:48
1585,37,20.3,9,20,12-Jun-2015 14:01:49
1586,37,20.3,9,20,12-Jun-2015 14:01:50
1587,37,20.3,9,20,12-Jun-2015 14:01:51
1588,37,20.3,9,20,12-Jun-2015 14:01:52
1589,37,20.3,9,20,12-Jun-2015 14:01:53
1590,37,20.3,9,20,12-Jun-2015 14:01:54
1591,37,20.3,9,20,12-Jun-2015 14:01:55
1592,37,20.3,9,20,12-Jun-2015 14:01:56
1593,37,20.3,9,20,12-Jun-2015 14:01:57
1594,37,20.3,9,20,12-Jun-2015 14:01:58
1595,37,20.3,9,20,12-Jun-2015 14:01:59
1596,37,20.3,9,20,12-Jun-2015 14:02:00
1597,37,20.3,9,20,12-Jun-2015 14:02:01
1598,37,20.3,9,20,12-Jun-2015 14:02:02
1599,37,20.3,9,20,12-Jun-2015 14:02:03
1600,37,20.3,9,20,12-Jun-2015 14:02:04
1601,37,20.3,9,20,12-Jun-2015 14:02:05
1602,37,20.3,9,20,12-Jun-2015 14:02:06
1603,37,20.3,9,20,12-Jun-2015 14:02:07
1604,37,20.3,9,20,12-Jun-2015 14:02:08
1605,37,20.3,9,20,12-Jun-2015 14:02:09
1606,37,20.3,9,20,12-Jun-2015 14:02:10
1607,37,20.3,9,20,12-Jun-2015 14:02:11
1608,37,20.3,9,20,12-Jun-2015 14:02:12
1609,37,20.3,9,20,12-Jun-2015 14:02:13
1610,37,20.3,9,20,12-Jun-2015 14:02:14
1611,37,20.3,9,20,12-Jun-2015 14:02:15
1612,37,20.3,9,20,12-Jun-2015 14:02:16
1613,37,20.3,9,20,12-Jun-2015 14:02:17
1614,37,20.3,9,20,12-Jun-2015 14:02:18
1615,37,20.3,9,20,12-Jun-2015 14:02:19
1616,37,20.3,9,20,12-Jun-2015 14:02:21
1617,37,20.3,9,20,12-Jun-2015 14:02:22
1618,37,20.3,9,20,12-Jun-2015 14:02:23
1619,37,20.3,9,20,12-Jun-2015 14:02:24
1620,37,20.3,9,20,12-Jun-2015 14:02:25
1621,37,20.3,9,20,12-Jun-2015 14:02:26
1622,37,20.3,9,20,12-Jun-2015 14:02:27
1623,37,20.3,9,20,12-Jun-2015 14:02:28
1624,37,20.3,9,20,12-Jun-2015 14:02:29
1625,37,20.3,9,20,12-Jun-2015 14:02:30
1626,37,20.3,9,20,12-Jun-2015 14:02:31
1627,37,20.3,9,20,12-Jun-2015 14:02:32
1628,37,20.3,9,20,12-Jun-2015 14:02:33
1629,37,20.3,9,20,12-Jun-2015 14:02:34
1630,37,20.3,9,20,12-Jun-2015 14:02:35
1631,37,20.3,9,20,12-Jun-2015 14:02:36
1632,37,20.3,9,20,12-Jun-2015 14:02:37
1633,37,20.3,9,20,12-Jun-2015 14:02:38
1634,37,20.3,9,20,12-Jun-2015 14:02:39
1635,37,20.3,9,20,12-Jun-2015 14:02:40
1636,37,20.3,9,20,12-Jun-2015 14:02:41
1637,37,20.3,9,20,12-Jun-2015 14:02:42
1638,37,20.3,9,20,12-Jun-2015 14:02:43
1639,37,20.3,9,20,12-Jun-2015 14:02:44
1640,37,20.3,9,20,12-Jun-2015 14:02:45
1641,37,20.3,9,20,12-Jun-2015 14:02:46
1642,37,20.3,9,20,12-Jun-2015 14:02:47
1643,37,20.3,9,20,12-Jun-2015 14:02:48
1644,37,20.3,9,20,12-Jun-2015 14:02:49
1645,37,20.3,9,20,12-Jun-2015 14:02:50
1646,37,20.3,9,20,12-Jun-2015 14:02:51
1647,37,20.3,9,20,12-Jun-2015 14:02:52
1648,37,20.3,9,20,12-Jun-2015 14:02:53
1649,37,20.3,9,20,12-Jun-2015 14:02:54
1650,37,20.3,9,20,12-Jun-2015 14:02:55
1651,37,20.3,9,20,12-Jun-2015 14:02:56
1652,37,20.3,9,20,12-Jun-2015 14:02:57
1653,37,20.3,9,20,12-Jun-2015 14:02:58
1654,37,20.3,9,20,12-Jun-2015 14:02:59
1655,37,20.3,9,20,12-Jun-2015 14:03:00
1656,37,20.3,9,20,12-Jun-2015 14:03:01
1657,37,20.3,9,20,12-Jun-2015 14:03:02
1658,37,20.3,9,20,12-Jun-2015 14:03:03
1659,37,20.3,9,20,12-Jun-2015 14:03:04
1660,37,20.3,9,20,12-Jun-2015 14:03:05
1661,37,20.3,9,20,12-Jun-2015 14:03:06
1662,37,20.3,9,20,12-Jun-2015 14:03:07
1663,37,20.3,9,20,12-Jun-2015 14:03:08
1664,37,20.3,9,20,12-Jun-2015 14:03:09
1665,37,20.3,9,20,12-Jun-2015 14:03:10
1666,37,20.3,9,20,12-Jun-2015 14:03:11
1667,37,20.3,9,20,12-Jun-2015 14:03:12
1668,37,20.3,9,20,12-Jun-2015 14:03:13
1669,37,20.3,9,20,12-Jun-2015 14:03:14
1670,37,20.3,9,20,12-Jun-2015 14:03:15
1671,37,20.3,9,20,12-Jun-2015 14:03:16
1672,37,20.3,9,20,12-Jun-2015 14:03:17
1673,37,20.3,9,20,12-Jun-2015 14:03:18
1674,37,20.3,9,20,12-Jun-2015 14:03:19
1675,37,20.3,9,20,12-Jun-2015 14:03:20
1676,37,20.3,9,20,12-Jun-2015 14:03:21
1677,37,20.3,9,20,12-Jun-2015 14:03:22
1678,37,20.3,9,20,12-Jun-2015 14:03:23
1679,37,20.3,9,20,12-Jun-2015 14:03:24
1680,37,20.3,9,20,12-Jun-2015 14:03:25
1681,37,20.3,9,20,12-Jun-2015 14:03:26
1682,37,20.3,9,20,12-Jun-2015 14:03:27
1683,37,20.3,9,20,12-Jun-2015 14:03:28
1684,37,20.3,9,20,12-Jun-2015 14:03:29
1685,37,20.3,9,20,12-Jun-2015 14:03:30
1686,37,20.3,9,20,12-Jun-2015 14:03:31
1687,37,20.3,9,20,12-Jun-2015 14:03:32
1688,37,20.3,9,20,12-Jun-2015 14:03:34
1689,37,20.3,9,20,12-Jun-2015 14:03:35
1690,37,20.3,9,20,12-Jun-2015 14:03:36
1691,37,20.3,9,20,12-Jun-2015 14:03:37
1692,37,20.3,9,20,12-Jun-2015 14:03:38
1693,37,20.3,9,20,12-Jun-2015 14:03:39
1694,37,20.3,9,20,12-Jun-2015 14:03:40
1695,37,20.3,9,20,12-Jun-2015 14:03:41
1696,37,20.3,9,20,12-Jun-2015 14:03:42
1697,37,20.3,9,20,12-Jun-2015 14:03:43
1698,37,20.3,9,20,12-Jun-2015 14:03:44
1699,37,20.3,9,20,12-Jun-2015 14:03:45
1700,37,20.3,9,20,12-Jun-2015 14:03:46
1701,37,20.3,9,20,12-Jun-2015 14:03:47
1702,37,20.3,9,20,12-Jun-2015 14:03:48
1703,37,20.3,9,20,12-Jun-2015 14:03:49
1704,37,20.3,9,20,12-Jun-2015 14:03:50
1705,37,20.3,9,20,12-Jun-2015 14:03:51
1706,37,20.3,9,20,12-Jun-2015 14:03:52
1707,37,20.3,9,20,12-Jun-2015 14:03:53
1708,37,20.3,9,20,12-Jun-2015 14:03:54
1709,37,20.3,9,20,12-Jun-2015 14:03:55
1710,37,20.3,9,20,12-Jun-2015 14:03:56
1711,37,20.3,9,20,12-Jun-2015 14:03:57
1712,37,20.3,9,20,12-Jun-2015 14:03:58
1713,37,20.3,9,20,12-Jun-2015 14:03:59
1714,37,20.3,9,20,12-Jun-2015 14:04:00
1715,37,20.3,9,20,12-Jun-2015 14:04:01
1716,37,20.3,9,20,12-Jun-2015 14:04:02
1717,37,20.3,9,20,12-Jun-2015 14:04:03
1718,37,20.3,9,20,12-Jun-2015 14:04:04
1719,37,20.3,9,20,12-Jun-2015 14:04:05
1720,37,20.3,9,20,12-Jun-2015 14:04:06
1721,37,20.3,9,20,12-Jun-2015 14:04:07
1722,37,20.3,9,20,12-Jun-2015 14:04:08
1723,37,20.3,9,20,12-Jun-2015 14:04:09
1724,37,20.3,9,20,12-Jun-2015 14:04:10
1725,37,20.3,9,20,12-Jun-2015 14:04:11
1726,37,20.3,9,20,12-Jun-2015 14:04:12
1727,37,20.3,9,20,12-Jun-2015 14:04:13
1728,37,20.3,9,20,12-Jun-2015 14:04:14
1729,37,20.3,9,20,12-Jun-2015 14:04:15
1730,37,20.3,9,20,12-Jun-2015 14:04:16
1731,37,20.3,9,20,12-Jun-2015 14:04:17
1732,37,20.3,9,20,12-Jun-2015 14:04:18
1733,37,20.3,9,20,12-Jun-2015 14:04:19
1734,37,20.3,9,20,12-Jun-2015 14:04:20
1735,37,20.3,9,20,12-Jun-2015 14:04:21
1736,37,20.3,9,20,12-Jun-2015 14:04:22
1737,37,20.3,10,20,12-Jun-2015 14:04:23
1738,37,20.3,10,20,12-Jun-2015 14:04:24
1739,37,20.3,10,20,12-Jun-2015 14:04:25
1740,37,20.3,10,20,12-Jun-2015 14:04:26
1741,37,20.3,10,20,12-Jun-2015 14:04:27
1742,37,20.3,10,20,12-Jun-2015 14:04:28
1743,37,20.3,10,20,12-Jun-2015 14:04:29
1744,37,20.3,10,20,12-Jun-2015 14:04:30
1745,37,20.3,10,20,12-Jun-2015 14:04:31
1746,37,20.3,10,20,12-Jun-2015 14:04:32
1747,37,20.3,10,20,12-Jun-2015 14:04:33
1748,37,20.3,10,20,12-Jun-2015 14:04:34
1749,37,20.3,10,20,12-Jun-2015 14:04:35
1750,37,20.3,10,20,12-Jun-2015 14:04:36
1751,37,20.3,10,20,12-Jun-2015 14:04:37
1752,37,20.3,10,20,12-Jun-2015 14:04:38
1753,37,20.3,10,20,12-Jun-2015 14:04:39
1754,37,20.3,10,20,12-Jun-2015 14:04:40
1755,37,20.3,10,20,12-Jun-2015 14:04:41
1756,37,20.3,10,20,12-Jun-2015 14:04:42
1757,37,20.3,10,20,12-Jun-2015 14:04:43
1758,37,20.3,10,20,12-Jun-2015 14:04:44
1759,37,20.3,10,20,12-Jun-2015 14:04:46
1760,37,20.3,10,20,12-Jun-2015 14:04:47
1761,37,20.3,10,20,12-Jun-2015 14:04:48
1762,37,20.3,10,20,12-Jun-2015 14:04:49
1763,37,20.3,10,20,12-Jun-2015 14:04:50
1764,37,20.3,10,20,12-Jun-2015 14:04:51
1765,37,20.3,10,20,12-Jun-2015 14:04:52
1766,37,20.3,10,20,12-Jun-2015 14:04:53
1767,37,20.3,10,20,12-Jun-2015 14:04:54
1768,37,20.3,10,20,12-Jun-2015 14:04:55
1769,37,20.3,10,20,12-Jun-2015 14:04:56
1770,37,20.3,10,20,12-Jun-2015 14:04:57
1771,37,20.3,10,20,12-Jun-2015 14:04:58
1772,37,20.3,10,20,12-Jun-2015 14:04:59
1773,37,20.3,10,20,12-Jun-2015 14:05:00
1774,37,20.3,10,20,12-Jun-2015 14:05:01
1775,37,20.3,10,20,12-Jun-2015 14:05:02
1776,37,20.3,10,20,12-Jun-2015 14:05:03
1777,37,20.3,10,20,12-Jun-2015 14:05:04
1778,37,20.3,10,20,12-Jun-2015 14:05:05
1779,37,20.3,10,20,12-Jun-2015 14:05:06
1780,37,20.3,10,20,12-Jun-2015 14:05:07
1781,37,20.3,10,20,12-Jun-2015 14:05:08
1782,37,20.3,10,20,12-Jun-2015 14:05:09
1783,37,20.3,10,20,12-Jun-2015 14:05:10
1784,37,20.3,10,20,12-Jun-2015 14:05:11
1785,37,20.3,10,20,12-Jun-2015 14:05:12
1786,37,20.3,10,20,12-Jun-2015 14:05:13
1787,37,20.3,10,20,12-Jun-2015 14:05:14
1788,37,20.3,10,20,12-Jun-2015 14:05:15
1789,37,20.3,10,20,12-Jun-2015 14:05:16
1790,37,20.3,10,20,12-Jun-2015 14:05:17
1791,37,20.3,10,20,12-Jun-2015 14:05:18
1792,37,20.3,10,20,12-Jun-2015 14:05:19
1793,37,20.3,10,20,12-Jun-2015 14:05:20
1794,37,20.3,10,20,12-Jun-2015 14:05:21
1795,37,20.3,10,20,12-Jun-2015 14:05:22
1796,37,20.3,10,20,12-Jun-2015 14:05:23
1797,37,20.3,10,20,12-Jun-2015 14:05:24
1798,37,20.3,10,20,12-Jun-2015 14:05:25
1799,37,20.3,10,20,12-Jun-2015 14:05:26
1800,37,20.3,10,20,12-Jun-2015 14:05:27
1801,37,20.3,10,20,12-Jun-2015 14:05:28
1802,37,20.3,10,20,12-Jun-2015 14:05:29
1803,37,20.3,10,20,12-Jun-2015 14:05:30
1804,37,20.3,10,20,12-Jun-2015 14:05:31
1805,37,20.3,10,20,12-Jun-2015 14:05:32
1806,37,20.3,10,20,12-Jun-2015 14:05:33
1807,37,20.3,10,20,12-Jun-2015 14:05:34
1808,37,20.3,10,20,12-Jun-2015 14:05:35
1809,37,20.3,10,20,12-Jun-2015 14:05:36
1810,37,20.3,10,20,12-Jun-2015 14:05:37
1811,37,20.3,10,20,12-Jun-2015 14:05:38
1812,37,20.3,10,20,12-Jun-2015 14:05:39
1813,37,20.3,10,20,12-Jun-2015 14:05:40
1814,37,20.3,10,20,12-Jun-2015 14:05:41
1815,37,20.3,10,20,12-Jun-2015 14:05:42
1816,37,20.3,10,20,12-Jun-2015 14:05:43
1817,37,20.3,10,20,12-Jun-2015 14:05:44
1818,37,20.3,9,20,12-Jun-2015 14:05:45
1819,37,20.3,9,20,12-Jun-2015 14:05:46
1820,37,20.3,9,20,12-Jun-2015 14:05:47
1821,37,20.3,9,20,12-Jun-2015 14:05:48
1822,37,20.3,9,20,12-Jun-2015 14:05:49
1823,37,20.3,9,20,12-Jun-2015 14:05:50
1824,37,20.3,9,20,12-Jun-2015 14:05:51
1825,37,20.3,9,20,12-Jun-2015 14:05:52
1826,37,20.3,9,20,12-Jun-2015 14:05:53
1827,37,20.3,9,20,12-Jun-2015 14:05:54
1828,37,20.3,10,20,12-Jun-2015 14:05:55
1829,37,20.3,10,20,12-Jun-2015 14:05:56
1830,37,20.3,10,20,12-Jun-2015 14:05:58
1831,37,20.3,10,20,12-Jun-2015 14:05:59
1832,37,20.3,10,20,12-Jun-2015 14:06:00
1833,37,20.3,10,20,12-Jun-2015 14:06:01
1834,37,20.3,10,20,12-Jun-2015 14:06:02
1835,37,20.3,10,20,12-Jun-2015 14:06:03
1836,37,20.3,10,20,12-Jun-2015 14:06:04
1837,37,20.3,10,20,12-Jun-2015 14:06:05
1838,37,20.3,10,20,12-Jun-2015 14:06:06
1839,37,20.3,10,20,12-Jun-2015 14:06:07
1840,37,20.3,10,20,12-Jun-2015 14:06:08
1841,37,20.3,10,20,12-Jun-2015 14:06:09
1842,37,20.3,10,20,12-Jun-2015 14:06:10
1843,37,20.3,10,20,12-Jun-2015 14:06:11
1844,37,20.3,10,20,12-Jun-2015 14:06:12
1845,37,20.3,10,20,12-Jun-2015 14:06:13
1846,37,20.3,10,20,12-Jun-2015 14:06:14
1847,37,20.3,10,20,12-Jun-2015 14:06:15
1848,37,20.3,10,20,12-Jun-2015 14:06:16
1849,37,20.3,10,20,12-Jun-2015 14:06:17
1850,37,20.3,10,20,12-Jun-2015 14:06:18
1851,37,20.3,10,20,12-Jun-2015 14:06:19
1852,37,20.3,10,20,12-Jun-2015 14:06:20
1853,37,20.3,10,20,12-Jun-2015 14:06:21
1854,37,20.3,10,20,12-Jun-2015 14:06:22
1855,37,20.3,10,20,12-Jun-2015 14:06:23
1856,37,20.3,10,20,12-Jun-2015 14:06:24
1857,37,20.3,10,20,12-Jun-2015 14:06:25
1858,37,20.3,10,20,12-Jun-2015 14:06:26
1859,37,20.3,10,20,12-Jun-2015 14:06:27
1860,37,20.3,10,20,12-Jun-2015 14:06:28
1861,37,20.3,10,20,12-Jun-2015 14:06:29
1862,37,20.3,10,20,12-Jun-2015 14:06:30
1863,37,20.3,10,20,12-Jun-2015 14:06:31
1864,37,20.3,10,20,12-Jun-2015 14:06:32
1865,37,20.3,10,20,12-Jun-2015 14:06:33
1866,37,20.3,10,20,12-Jun-2015 14:06:34
1867,37,20.3,10,20,12-Jun-2015 14:06:35
1868,37,20.3,10,20,12-Jun-2015 14:06:36
1869,37,20.3,10,20,12-Jun-2015 14:06:37
1870,37,20.3,10,20,12-Jun-2015 14:06:38
1871,37,20.3,10,20,12-Jun-2015 14:06:39
1872,37,20.3,10,20,12-Jun-2015 14:06:40
1873,37,20.3,10,20,12-Jun-2015 14:06:41
1874,37,20.3,10,20,12-Jun-2015 14:06:42
1875,37,20.3,10,20,12-Jun-2015 14:06:43
1876,37,20.3,10,20,12-Jun-2015 14:06:44
1877,37,20.3,10,20,12-Jun-2015 14:06:45
1878,37,20.3,10,20,12-Jun-2015 14:06:46
1879,37,20.3,10,20,12-Jun-2015 14:06:47
1880,37,20.3,10,20,12-Jun-2015 14:06:48
1881,37,20.3,10,20,12-Jun-2015 14:06:49
1882,37,20.3,10,20,12-Jun-2015 14:06:50
1883,37,20.3,10,20,12-Jun-2015 14:06:51
1884,37,20.3,10,20,12-Jun-2015 14:06:52
1885,37,20.3,10,20,12-Jun-2015 14:06:53
1886,37,20.3,10,20,12-Jun-2015 14:06:54
1887,37,20.3,10,20,12-Jun-2015 14:06:55
1888,37,20.3,10,20,12-Jun-2015 14:06:56
1889,37,20.3,10,20,12-Jun-2015 14:06:57
1890,37,20.3,10,20,12-Jun-2015 14:06:58
1891,37,20.3,10,20,12-Jun-2015 14:06:59
1892,37,20.3,9,20,12-Jun-2015 14:07:00
1893,37,20.3,9,20,12-Jun-2015 14:07:01
1894,37,20.3,9,20,12-Jun-2015 14:07:02
1895,37,20.3,9,20,12-Jun-2015 14:07:03
1896,37,20.3,9,20,12-Jun-2015 14:07:04
1897,37,20.3,9,20,12-Jun-2015 14:07:05
1898,37,20.3,9,20,12-Jun-2015 14:07:06
1899,37,20.3,9,20,12-Jun-2015 14:07:07
1900,37,20.3,9,20,12-Jun-2015 14:07:08
1901,37,20.3,9,20,12-Jun-2015 14:07:09
1902,37,20.3,9,20,12-Jun-2015 14:07:11
1903,37,20.3,9,20,12-Jun-2015 14:07:12
1904,37,20.3,9,20,12-Jun-2015 14:07:13
1905,37,20.3,9,20,12-Jun-2015 14:07:14
1906,37,20.3,9,20,12-Jun-2015 14:07:15
1907,37,20.3,9,20,12-Jun-2015 14:07:16
1908,37,20.3,9,20,12-Jun-2015 14:07:17
1909,37,20.3,10,20,12-Jun-2015 14:07:18
1910,37,20.3,10,20,12-Jun-2015 14:07:19
1911,37,20.3,10,20,12-Jun-2015 14:07:20
1912,37,20.3,10,20,12-Jun-2015 14:07:21
1913,37,20.3,10,20,12-Jun-2015 14:07:22
1914,37,20.3,10,20,12-Jun-2015 14:07:23
1915,37,20.3,10,20,12-Jun-2015 14:07:24
1916,37,20.3,10,20,12-Jun-2015 14:07:25
1917,37,20.3,10,20,12-Jun-2015 14:07:26
1918,37,20.3,10,20,12-Jun-2015 14:07:27
1919,37,20.3,10,20,12-Jun-2015 14:07:28
1920,37,20.3,10,20,12-Jun-2015 14:07:29
1921,37,20.3,10,20,12-Jun-2015 14:07:30
1922,37,20.3,10,20,12-Jun-2015 14:07:31
1923,37,20.3,10,20,12-Jun-2015 14:07:32
1924,37,20.3,10,20,12-Jun-2015 14:07:33
1925,37,20.3,10,20,12-Jun-2015 14:07:34
1926,37,20.3,10,20,12-Jun-2015 14:07:35
1927,37,20.3,10,20,12-Jun-2015 14:07:36
1928,37,20.3,10,20,12-Jun-2015 14:07:37
1929,37,20.3,10,20,12-Jun-2015 14:07:38
1930,37,20.3,10,20,12-Jun-2015 14:07:39
1931,37,20.3,10,20,12-Jun-2015 14:07:40
1932,37,20.3,10,20,12-Jun-2015 14:07:41
1933,37,20.3,10,20,12-Jun-2015 14:07:42
1934,37,20.3,10,20,12-Jun-2015 14:07:43
1935,37,20.3,10,20,12-Jun-2015 14:07:44
1936,37,20.3,10,20,12-Jun-2015 14:07:45
1937,37,20.3,10,20,12-Jun-2015 14:07:46
1938,37,20.3,10,20,12-Jun-2015 14:07:47
1939,37,20.3,10,20,12-Jun-2015 14:07:48
1940,37,20.3,9,20,12-Jun-2015 14:07:49
1941,37,20.3,9,20,12-Jun-2015 14:07:50
1942,37,20.3,9,20,12-Jun-2015 14:07:51
1943,37,20.3,9,20,12-Jun-2015 14:07:52
1944,37,20.3,9,20,12-Jun-2015 14:07:53
1945,37,20.3,9,20,12-Jun-2015 14:07:54
1946,37,20.3,9,20,12-Jun-2015 14:07:55
1947,37,20.3,9,20,12-Jun-2015 14:07:56
1948,37,20.3,9,20,12-Jun-2015 14:07:57
1949,37,20.3,9,20,12-Jun-2015 14:07:58
1950,37,20.3,9,20,12-Jun-2015 14:07:59
1951,37,20.3,9,20,12-Jun-2015 14:08:00
1952,37,20.3,9,20,12-Jun-2015 14:08:01
1953,37,20.3,9,20,12-Jun-2015 14:08:02
1954,37,20.3,9,20,12-Jun-2015 14:08:03
1955,37,20.3,9,20,12-Jun-2015 14:08:04
1956,37,20.3,9,20,12-Jun-2015 14:08:05
1957,37,20.3,9,20,12-Jun-2015 14:08:06
1958,37,20.3,9,20,12-Jun-2015 14:08:07
1959,37,20.3,9,20,12-Jun-2015 14:08:08
1960,37,20.3,9,20,12-Jun-2015 14:08:09
1961,37,20.3,9,20,12-Jun-2015 14:08:10
1962,37,20.3,9,20,12-Jun-2015 14:08:11
1963,37,20.3,9,20,12-Jun-2015 14:08:12
1964,37,20.3,9,20,12-Jun-2015 14:08:13
1965,37,20.3,9,20,12-Jun-2015 14:08:14
1966,37,20.3,9,20,12-Jun-2015 14:08:15
1967,37,20.3,9,20,12-Jun-2015 14:08:16
1968,37,20.3,9,20,12-Jun-2015 14:08:17
1969,37,20.3,9,20,12-Jun-2015 14:08:18
1970,37,20.3,9,20,12-Jun-2015 14:08:19
1971,37,20.3,9,20,12-Jun-2015 14:08:20
1972,37,20.3,9,20,12-Jun-2015 14:08:21
1973,37,20.3,9,20,12-Jun-2015 14:08:23
1974,37,20.3,9,20,12-Jun-2015 14:08:24
1975,37,20.3,9,20,12-Jun-2015 14:08:25
1976,37,20.3,9,20,12-Jun-2015 14:08:26
1977,37,20.3,9,20,12-Jun-2015 14:08:27
1978,37,20.3,9,20,12-Jun-2015 14:08:28
1979,37,20.3,9,20,12-Jun-2015 14:08:29
1980,37,20.3,9,20,12-Jun-2015 14:08:30
1981,37,20.3,9,20,12-Jun-2015 14:08:31
1982,37,20.3,9,20,12-Jun-2015 14:08:32
1983,37,20.3,9,20,12-Jun-2015 14:08:33
1984,37,20.3,9,20,12-Jun-2015 14:08:34
1985,37,20.3,9,20,12-Jun-2015 14:08:35
1986,37,20.3,9,20,12-Jun-2015 14:08:36
1987,37,20.3,9,20,12-Jun-2015 14:08:37
1988,37,20.3,9,20,12-Jun-2015 14:08:38
1989,37,20.3,9,20,12-Jun-2015 14:08:39
1990,37,20.3,9,20,12-Jun-2015 14:08:40
1991,37,20.3,9,20,12-Jun-2015 14:08:41
1992,37,20.3,9,20,12-Jun-2015 14:08:42
1993,37,20.3,9,20,12-Jun-2015 14:08:43
1994,37,20.3,9,20,12-Jun-2015 14:08:44
1995,37,20.3,9,20,12-Jun-2015 14:08:45
1996,37,20.3,9,20,12-Jun-2015 14:08:46
1997,37,20.3,9,20,12-Jun-2015 14:08:47
1998,37,20.3,9,20,12-Jun-2015 14:08:48
1999,37,20.3,9,20,12-Jun-2015 14:08:49
2000,37,20.3,9,20,12-Jun-2015 14:08:50
2001,37,20.3,9,20,12-Jun-2015 14:08:51
2002,37,20.3,9,20,12-Jun-2015 14:08:52
2003,37,20.3,9,20,12-Jun-2015 14:08:53
2004,37,20.3,9,20,12-Jun-2015 14:08:54
2005,37,20.3,10,20,12-Jun-2015 14:08:55
2006,37,20.3,10,20,12-Jun-2015 14:08:56
2007,37,20.3,10,20,12-Jun-2015 14:08:57
2008,37,20.3,10,20,12-Jun-2015 14:08:58
2009,37,20.3,10,20,12-Jun-2015 14:08:59
2010,37,20.3,10,20,12-Jun-2015 14:09:00
2011,37,20.3,10,20,12-Jun-2015 14:09:01
2012,37,20.3,10,20,12-Jun-2015 14:09:02
2013,37,20.3,10,20,12-Jun-2015 14:09:03
2014,37,20.3,10,20,12-Jun-2015 14:09:04
2015,37,20.3,10,20,12-Jun-2015 14:09:05
2016,37,20.3,10,20,12-Jun-2015 14:09:06
2017,37,20.3,10,20,12-Jun-2015 14:09:07
2018,37,20.3,10,20,12-Jun-2015 14:09:08
2019,37,20.3,10,20,12-Jun-2015 14:09:09
2020,37,20.3,10,20,12-Jun-2015 14:09:10
2021,37,20.3,10,20,12-Jun-2015 14:09:11
2022,37,20.3,10,20,12-Jun-2015 14:09:12
2023,37,20.3,10,20,12-Jun-2015 14:09:13
2024,37,20.3,10,20,12-Jun-2015 14:09:14
2025,37,20.3,9,20,12-Jun-2015 14:09:15
2026,37,20.3,9,20,12-Jun-2015 14:09:16
2027,37,20.3,9,20,12-Jun-2015 14:09:17
2028,37,20.3,9,20,12-Jun-2015 14:09:18
2029,37,20.3,9,20,12-Jun-2015 14:09:19
2030,37,20.3,9,20,12-Jun-2015 14:09:20
2031,37,20.3,9,20,12-Jun-2015 14:09:21
2032,37,20.3,9,20,12-Jun-2015 14:09:22
2033,37,20.3,9,20,12-Jun-2015 14:09:23
2034,37,20.3,9,20,12-Jun-2015 14:09:24
2035,37,20.3,9,20,12-Jun-2015 14:09:25
2036,37,20.3,9,20,12-Jun-2015 14:09:26
2037,37,20.3,9,20,12-Jun-2015 14:09:27
2038,37,20.3,9,20,12-Jun-2015 14:09:28
2039,37,20.3,9,20,12-Jun-2015 14:09:29
2040,37,20.3,9,20,12-Jun-2015 14:09:30
2041,37,20.3,9,20,12-Jun-2015 14:09:31
2042,37,20.3,9,20,12-Jun-2015 14:09:32
2043,37,20.3,9,20,12-Jun-2015 14:09:33
2044,37,20.3,9,20,12-Jun-2015 14:09:35
2045,37,20.3,9,20,12-Jun-2015 14:09:36
2046,37,20.3,9,20,12-Jun-2015 14:09:37
2047,37,20.3,9,20,12-Jun-2015 14:09:38
2048,37,20.3,9,20,12-Jun-2015 14:09:39
2049,37,20.3,9,20,12-Jun-2015 14:09:40
2050,37,20.3,9,20,12-Jun-2015 14:09:41
2051,37,20.3,9,20,12-Jun-2015 14:09:42
2052,37,20.3,9,20,12-Jun-2015 14:09:43
2053,37,20.3,9,20,12-Jun-2015 14:09:44
2054,37,20.3,9,20,12-Jun-2015 14:09:45
2055,37,20.3,9,20,12-Jun-2015 14:09:46
2056,37,20.3,9,20,12-Jun-2015 14:09:47
2057,37,20.3,9,20,12-Jun-2015 14:09:48
2058,37,20.3,9,20,12-Jun-2015 14:09:49
2059,37,20.3,10,20,12-Jun-2015 14:09:50
2060,37,20.3,10,20,12-Jun-2015 14:09:51
2061,37,20.3,10,20,12-Jun-2015 14:09:52
2062,37,20.3,11,20,12-Jun-2015 14:09:53
2063,37,20.3,11,20,12-Jun-2015 14:09:54
2064,37,20.3,12,20,12-Jun-2015 14:09:55
2065,37,20.3,13,20,12-Jun-2015 14:09:56
2066,37,20.3,13,20,12-Jun-2015 14:09:57
2067,37,20.3,14,20,12-Jun-2015 14:09:58
2068,37,20.3,15,20,12-Jun-2015 14:09:59
2069,37,20.3,15,20,12-Jun-2015 14:10:00
2070,37,20.3,16,20,12-Jun-2015 14:10:01
2071,37,20.3,16,20,12-Jun-2015 14:10:02
2072,37,20.3,16,20,12-Jun-2015 14:10:03
2073,37,20.3,17,20,12-Jun-2015 14:10:04
2074,37,20.3,18,20,12-Jun-2015 14:10:05
2075,37,20.3,18,20,12-Jun-2015 14:10:06
2076,37,20.3,19,20,12-Jun-2015 14:10:07
2077,37,20.3,19,20,12-Jun-2015 14:10:08
2078,37,20.3,19,20,12-Jun-2015 14:10:09
2079,37,20.3,20,20,12-Jun-2015 14:10:10
2080,37,20.3,21,20,12-Jun-2015 14:10:11
2081,37,20.3,21,20,12-Jun-2015 14:10:12
2082,37,20.3,21,20,12-Jun-2015 14:10:13
2083,37,20.3,21,20,12-Jun-2015 14:10:14
2084,37,20.3,21,20,12-Jun-2015 14:10:15
2085,37,20.3,22,20,12-Jun-2015 14:10:16
2086,37,20.3,22,20,12-Jun-2015 14:10:17
2087,37,20.3,22,20,12-Jun-2015 14:10:18
2088,37,20.3,22,20,12-Jun-2015 14:10:19
2089,37,20.3,22,20,12-Jun-2015 14:10:20
2090,37,20.3,23,20,12-Jun-2015 14:10:21
2091,37,20.3,23,20,12-Jun-2015 14:10:22
2092,37,20.3,23,20,12-Jun-2015 14:10:23
2093,37,20.3,23,20,12-Jun-2015 14:10:24
2094,37,20.3,24,20,12-Jun-2015 14:10:25
2095,37,20.3,24,20,12-Jun-2015 14:10:26
2096,37,20.3,24,20,12-Jun-2015 14:10:27
2097,37,20.3,25,20,12-Jun-2015 14:10:28
2098,37,20.3,25,20,12-Jun-2015 14:10:29
2099,37,20.3,25,20,12-Jun-2015 14:10:30
2100,37,20.3,25,20,12-Jun-2015 14:10:31
2101,37,20.3,25,20,12-Jun-2015 14:10:32
2102,37,20.3,25,20,12-Jun-2015 14:10:33
2103,37,20.3,25,20,12-Jun-2015 14:10:34
2104,37,20.3,25,20,12-Jun-2015 14:10:35
2105,37,20.3,26,20,12-Jun-2015 14:10:36
2106,37,20.3,26,20,12-Jun-2015 14:10:37
2107,37,20.3,26,20,12-Jun-2015 14:10:38
2108,37,20.3,26,20,12-Jun-2015 14:10:39
2109,37,20.3,26,20,12-Jun-2015 14:10:40
2110,37,20.3,26,20,12-Jun-2015 14:10:41
2111,37,20.3,26,20,12-Jun-2015 14:10:42
2112,37,20.3,26,20,12-Jun-2015 14:10:43
2113,37,20.3,27,20,12-Jun-2015 14:10:44
2114,37,20.3,27,20,12-Jun-2015 14:10:45
2115,37,20.3,27,20,12-Jun-2015 14:10:46
2116,37,20.3,27,20,12-Jun-2015 14:10:48
2117,37,20.3,27,20,12-Jun-2015 14:10:49
2118,37,20.3,27,20,12-Jun-2015 14:10:50
2119,37,20.3,27,20,12-Jun-2015 14:10:51
2120,37,20.3,27,20,12-Jun-2015 14:10:52
2121,37,20.3,27,20,12-Jun-2015 14:10:53
2122,37,20.3,27,20,12-Jun-2015 14:10:54
2123,37,20.3,27,20,12-Jun-2015 14:10:55
2124,37,20.3,27,20,12-Jun-2015 14:10:56
2125,37,20.3,27,20,12-Jun-2015 14:10:57
2126,37,20.3,27,20,12-Jun-2015 14:10:58
2127,37,20.3,27,20,12-Jun-2015 14:10:59
2128,37,20.3,27,20,12-Jun-2015 14:11:00
2129,37,20.3,27,20,12-Jun-2015 14:11:01
2130,37,20.3,27,20,12-Jun-2015 14:11:02
2131,37,20.3,28,20,12-Jun-2015 14:11:03
2132,37,20.3,28,20,12-Jun-2015 14:11:04
2133,37,20.3,28,20,12-Jun-2015 14:11:05
2134,37,20.3,28,20,12-Jun-2015 14:11:06
2135,37,20.3,28,20,12-Jun-2015 14:11:07
2136,37,20.3,28,20,12-Jun-2015 14:11:08
2137,37,20.3,28,20,12-Jun-2015 14:11:09
2138,37,20.3,28,20,12-Jun-2015 14:11:10
2139,37,20.3,28,20,12-Jun-2015 14:11:11
