Condition,nTrials,nCorrect,pCorrect,iteration
Bilateral,522,180,34.48275862068966,0
Control,522,251,48.08429118773947,0
Bilateral,522,205,39.272030651341,1
Control,522,256,49.042145593869726,1
Bilateral,522,192,36.7816091954023,2
Control,522,254,48.65900383141762,2
Bilateral,522,190,36.39846743295019,3
Control,522,270,51.724137931034484,3
Bilateral,522,198,37.93103448275862,4
Control,522,249,47.701149425287355,4
Bilateral,522,195,37.35632183908046,5
Control,522,255,48.85057471264368,5
Bilateral,522,188,36.015325670498086,6
Control,522,254,48.65900383141762,6
Bilateral,522,199,38.122605363984675,7
Control,522,268,51.34099616858238,7
Bilateral,522,202,38.69731800766284,8
Control,522,267,51.14942528735632,8
Bilateral,522,190,36.39846743295019,9
Control,522,250,47.89272030651341,9
Bilateral,522,189,36.206896551724135,10
Control,522,247,47.31800766283525,10
Bilateral,522,201,38.50574712643678,11
Control,522,254,48.65900383141762,11
Bilateral,522,181,34.67432950191571,12
Control,522,273,52.29885057471264,12
Bilateral,522,204,39.08045977011494,13
Control,522,245,46.934865900383144,13
Bilateral,522,193,36.97318007662835,14
Control,522,261,50.0,14
Bilateral,522,205,39.272030651341,15
Control,522,266,50.95785440613027,15
Bilateral,522,199,38.122605363984675,16
Control,522,251,48.08429118773947,16
Bilateral,522,200,38.31417624521073,17
Control,522,266,50.95785440613027,17
Bilateral,522,178,34.099616858237546,18
Control,522,256,49.042145593869726,18
Bilateral,522,193,36.97318007662835,19
Control,522,259,49.616858237547895,19
Bilateral,522,194,37.16475095785441,20
Control,522,261,50.0,20
Bilateral,522,188,36.015325670498086,21
Control,522,264,50.57471264367817,21
Bilateral,522,181,34.67432950191571,22
Control,522,275,52.68199233716475,22
Bilateral,522,184,35.24904214559387,23
Control,522,234,44.827586206896555,23
Bilateral,522,186,35.63218390804598,24
Control,522,254,48.65900383141762,24
Bilateral,522,205,39.272030651341,25
Control,522,243,46.55172413793103,25
Bilateral,522,188,36.015325670498086,26
Control,522,253,48.46743295019157,26
Bilateral,522,171,32.758620689655174,27
Control,522,249,47.701149425287355,27
Bilateral,522,205,39.272030651341,28
Control,522,255,48.85057471264368,28
Bilateral,522,201,38.50574712643678,29
Control,522,255,48.85057471264368,29
Bilateral,522,184,35.24904214559387,30
Control,522,252,48.275862068965516,30
Bilateral,522,180,34.48275862068966,31
Control,522,264,50.57471264367817,31
Bilateral,522,180,34.48275862068966,32
Control,522,259,49.616858237547895,32
Bilateral,522,186,35.63218390804598,33
Control,522,264,50.57471264367817,33
Bilateral,522,184,35.24904214559387,34
Control,522,267,51.14942528735632,34
Bilateral,522,197,37.73946360153257,35
Control,522,250,47.89272030651341,35
Bilateral,522,188,36.015325670498086,36
Control,522,263,50.38314176245211,36
Bilateral,522,188,36.015325670498086,37
Control,522,249,47.701149425287355,37
Bilateral,522,189,36.206896551724135,38
Control,522,247,47.31800766283525,38
Bilateral,522,196,37.547892720306514,39
Control,522,250,47.89272030651341,39
Bilateral,522,193,36.97318007662835,40
Control,522,271,51.91570881226054,40
Bilateral,522,187,35.82375478927203,41
Control,522,265,50.76628352490421,41
Bilateral,522,185,35.440613026819925,42
Control,522,248,47.509578544061306,42
Bilateral,522,189,36.206896551724135,43
Control,522,255,48.85057471264368,43
Bilateral,522,181,34.67432950191571,44
Control,522,256,49.042145593869726,44
Bilateral,522,188,36.015325670498086,45
Control,522,258,49.42528735632184,45
Bilateral,522,198,37.93103448275862,46
Control,522,263,50.38314176245211,46
Bilateral,522,200,38.31417624521073,47
Control,522,271,51.91570881226054,47
Bilateral,522,174,33.33333333333333,48
Control,522,272,52.10727969348659,48
Bilateral,522,214,40.99616858237548,49
Control,522,263,50.38314176245211,49
Bilateral,522,206,39.46360153256705,50
Control,522,253,48.46743295019157,50
Bilateral,522,193,36.97318007662835,51
Control,522,254,48.65900383141762,51
Bilateral,522,195,37.35632183908046,52
Control,522,261,50.0,52
Bilateral,522,199,38.122605363984675,53
Control,522,269,51.53256704980843,53
Bilateral,522,206,39.46360153256705,54
Control,522,250,47.89272030651341,54
Bilateral,522,213,40.804597701149426,55
Control,522,252,48.275862068965516,55
Bilateral,522,175,33.524904214559385,56
Control,522,244,46.74329501915709,56
Bilateral,522,187,35.82375478927203,57
Control,522,253,48.46743295019157,57
Bilateral,522,172,32.95019157088122,58
Control,522,254,48.65900383141762,58
Bilateral,522,208,39.84674329501915,59
Control,522,246,47.12643678160919,59
Bilateral,522,184,35.24904214559387,60
Control,522,259,49.616858237547895,60
Bilateral,522,197,37.73946360153257,61
Control,522,242,46.36015325670498,61
Bilateral,522,180,34.48275862068966,62
Control,522,260,49.808429118773944,62
Bilateral,522,181,34.67432950191571,63
Control,522,248,47.509578544061306,63
Bilateral,522,188,36.015325670498086,64
Control,522,249,47.701149425287355,64
Bilateral,522,204,39.08045977011494,65
Control,522,263,50.38314176245211,65
Bilateral,522,189,36.206896551724135,66
Control,522,251,48.08429118773947,66
Bilateral,522,189,36.206896551724135,67
Control,522,254,48.65900383141762,67
Bilateral,522,191,36.59003831417624,68
Control,522,254,48.65900383141762,68
Bilateral,522,184,35.24904214559387,69
Control,522,257,49.23371647509578,69
Bilateral,522,180,34.48275862068966,70
Control,522,267,51.14942528735632,70
Bilateral,522,194,37.16475095785441,71
Control,522,263,50.38314176245211,71
Bilateral,522,215,41.18773946360153,72
Control,522,262,50.191570881226056,72
Bilateral,522,192,36.7816091954023,73
Control,522,250,47.89272030651341,73
Bilateral,522,177,33.90804597701149,74
Control,522,263,50.38314176245211,74
Bilateral,522,194,37.16475095785441,75
Control,522,261,50.0,75
Bilateral,522,172,32.95019157088122,76
Control,522,240,45.97701149425287,76
Bilateral,522,200,38.31417624521073,77
Control,522,256,49.042145593869726,77
Bilateral,522,188,36.015325670498086,78
Control,522,264,50.57471264367817,78
Bilateral,522,193,36.97318007662835,79
Control,522,263,50.38314176245211,79
Bilateral,522,198,37.93103448275862,80
Control,522,267,51.14942528735632,80
Bilateral,522,183,35.05747126436782,81
Control,522,272,52.10727969348659,81
Bilateral,522,188,36.015325670498086,82
Control,522,255,48.85057471264368,82
Bilateral,522,189,36.206896551724135,83
Control,522,255,48.85057471264368,83
Bilateral,522,202,38.69731800766284,84
Control,522,241,46.16858237547893,84
Bilateral,522,187,35.82375478927203,85
Control,522,261,50.0,85
Bilateral,522,193,36.97318007662835,86
Control,522,252,48.275862068965516,86
Bilateral,522,196,37.547892720306514,87
Control,522,247,47.31800766283525,87
Bilateral,522,200,38.31417624521073,88
Control,522,241,46.16858237547893,88
Bilateral,522,186,35.63218390804598,89
Control,522,266,50.95785440613027,89
Bilateral,522,203,38.88888888888889,90
Control,522,268,51.34099616858238,90
Bilateral,522,197,37.73946360153257,91
Control,522,267,51.14942528735632,91
Bilateral,522,166,31.800766283524908,92
Control,522,267,51.14942528735632,92
Bilateral,522,195,37.35632183908046,93
Control,522,286,54.78927203065134,93
Bilateral,522,197,37.73946360153257,94
Control,522,250,47.89272030651341,94
Bilateral,522,199,38.122605363984675,95
Control,522,250,47.89272030651341,95
Bilateral,522,203,38.88888888888889,96
Control,522,247,47.31800766283525,96
Bilateral,522,190,36.39846743295019,97
Control,522,244,46.74329501915709,97
Bilateral,522,192,36.7816091954023,98
Control,522,231,44.252873563218394,98
Bilateral,522,199,38.122605363984675,99
Control,522,253,48.46743295019157,99
Bilateral,522,178,34.099616858237546,100
Control,522,250,47.89272030651341,100
Bilateral,522,195,37.35632183908046,101
Control,522,250,47.89272030651341,101
Bilateral,522,190,36.39846743295019,102
Control,522,264,50.57471264367817,102
Bilateral,522,190,36.39846743295019,103
Control,522,255,48.85057471264368,103
Bilateral,522,201,38.50574712643678,104
Control,522,271,51.91570881226054,104
Bilateral,522,187,35.82375478927203,105
Control,522,258,49.42528735632184,105
Bilateral,522,186,35.63218390804598,106
Control,522,258,49.42528735632184,106
Bilateral,522,195,37.35632183908046,107
Control,522,267,51.14942528735632,107
Bilateral,522,195,37.35632183908046,108
Control,522,266,50.95785440613027,108
Bilateral,522,191,36.59003831417624,109
Control,522,241,46.16858237547893,109
Bilateral,522,191,36.59003831417624,110
Control,522,257,49.23371647509578,110
Bilateral,522,166,31.800766283524908,111
Control,522,251,48.08429118773947,111
Bilateral,522,189,36.206896551724135,112
Control,522,278,53.25670498084292,112
Bilateral,522,186,35.63218390804598,113
Control,522,258,49.42528735632184,113
Bilateral,522,187,35.82375478927203,114
Control,522,249,47.701149425287355,114
Bilateral,522,198,37.93103448275862,115
Control,522,243,46.55172413793103,115
Bilateral,522,200,38.31417624521073,116
Control,522,265,50.76628352490421,116
Bilateral,522,197,37.73946360153257,117
Control,522,253,48.46743295019157,117
Bilateral,522,186,35.63218390804598,118
Control,522,251,48.08429118773947,118
Bilateral,522,199,38.122605363984675,119
Control,522,265,50.76628352490421,119
Bilateral,522,172,32.95019157088122,120
Control,522,253,48.46743295019157,120
Bilateral,522,187,35.82375478927203,121
Control,522,229,43.86973180076628,121
Bilateral,522,185,35.440613026819925,122
Control,522,253,48.46743295019157,122
Bilateral,522,177,33.90804597701149,123
Control,522,254,48.65900383141762,123
Bilateral,522,176,33.71647509578544,124
Control,522,256,49.042145593869726,124
Bilateral,522,199,38.122605363984675,125
Control,522,246,47.12643678160919,125
Bilateral,522,192,36.7816091954023,126
Control,522,267,51.14942528735632,126
Bilateral,522,187,35.82375478927203,127
Control,522,257,49.23371647509578,127
Bilateral,522,201,38.50574712643678,128
Control,522,263,50.38314176245211,128
Bilateral,522,190,36.39846743295019,129
Control,522,286,54.78927203065134,129
Bilateral,522,178,34.099616858237546,130
Control,522,259,49.616858237547895,130
Bilateral,522,183,35.05747126436782,131
Control,522,248,47.509578544061306,131
Bilateral,522,199,38.122605363984675,132
Control,522,255,48.85057471264368,132
Bilateral,522,206,39.46360153256705,133
Control,522,245,46.934865900383144,133
Bilateral,522,210,40.229885057471265,134
Control,522,260,49.808429118773944,134
Bilateral,522,190,36.39846743295019,135
Control,522,264,50.57471264367817,135
Bilateral,522,191,36.59003831417624,136
Control,522,247,47.31800766283525,136
Bilateral,522,210,40.229885057471265,137
Control,522,253,48.46743295019157,137
Bilateral,522,193,36.97318007662835,138
Control,522,257,49.23371647509578,138
Bilateral,522,206,39.46360153256705,139
Control,522,275,52.68199233716475,139
Bilateral,522,178,34.099616858237546,140
Control,522,246,47.12643678160919,140
Bilateral,522,207,39.6551724137931,141
Control,522,254,48.65900383141762,141
Bilateral,522,194,37.16475095785441,142
Control,522,244,46.74329501915709,142
Bilateral,522,206,39.46360153256705,143
Control,522,260,49.808429118773944,143
Bilateral,522,215,41.18773946360153,144
Control,522,271,51.91570881226054,144
Bilateral,522,191,36.59003831417624,145
Control,522,244,46.74329501915709,145
Bilateral,522,190,36.39846743295019,146
Control,522,282,54.02298850574713,146
Bilateral,522,191,36.59003831417624,147
Control,522,234,44.827586206896555,147
Bilateral,522,190,36.39846743295019,148
Control,522,271,51.91570881226054,148
Bilateral,522,188,36.015325670498086,149
Control,522,267,51.14942528735632,149
Bilateral,522,182,34.86590038314176,150
Control,522,257,49.23371647509578,150
Bilateral,522,187,35.82375478927203,151
Control,522,248,47.509578544061306,151
Bilateral,522,204,39.08045977011494,152
Control,522,265,50.76628352490421,152
Bilateral,522,192,36.7816091954023,153
Control,522,241,46.16858237547893,153
Bilateral,522,182,34.86590038314176,154
Control,522,254,48.65900383141762,154
Bilateral,522,193,36.97318007662835,155
Control,522,242,46.36015325670498,155
Bilateral,522,206,39.46360153256705,156
Control,522,242,46.36015325670498,156
Bilateral,522,200,38.31417624521073,157
Control,522,264,50.57471264367817,157
Bilateral,522,188,36.015325670498086,158
Control,522,254,48.65900383141762,158
Bilateral,522,200,38.31417624521073,159
Control,522,230,44.06130268199234,159
Bilateral,522,190,36.39846743295019,160
Control,522,269,51.53256704980843,160
Bilateral,522,216,41.37931034482759,161
Control,522,255,48.85057471264368,161
Bilateral,522,182,34.86590038314176,162
Control,522,255,48.85057471264368,162
Bilateral,522,171,32.758620689655174,163
Control,522,256,49.042145593869726,163
Bilateral,522,195,37.35632183908046,164
Control,522,265,50.76628352490421,164
Bilateral,522,201,38.50574712643678,165
Control,522,276,52.87356321839081,165
Bilateral,522,199,38.122605363984675,166
Control,522,265,50.76628352490421,166
Bilateral,522,190,36.39846743295019,167
Control,522,257,49.23371647509578,167
Bilateral,522,205,39.272030651341,168
Control,522,244,46.74329501915709,168
Bilateral,522,193,36.97318007662835,169
Control,522,259,49.616858237547895,169
Bilateral,522,202,38.69731800766284,170
Control,522,228,43.67816091954023,170
Bilateral,522,198,37.93103448275862,171
Control,522,250,47.89272030651341,171
Bilateral,522,186,35.63218390804598,172
Control,522,259,49.616858237547895,172
Bilateral,522,195,37.35632183908046,173
Control,522,253,48.46743295019157,173
Bilateral,522,183,35.05747126436782,174
Control,522,258,49.42528735632184,174
Bilateral,522,181,34.67432950191571,175
Control,522,238,45.593869731800766,175
Bilateral,522,186,35.63218390804598,176
Control,522,248,47.509578544061306,176
Bilateral,522,198,37.93103448275862,177
Control,522,266,50.95785440613027,177
Bilateral,522,177,33.90804597701149,178
Control,522,271,51.91570881226054,178
Bilateral,522,171,32.758620689655174,179
Control,522,261,50.0,179
Bilateral,522,197,37.73946360153257,180
Control,522,235,45.01915708812261,180
Bilateral,522,183,35.05747126436782,181
Control,522,273,52.29885057471264,181
Bilateral,522,199,38.122605363984675,182
Control,522,256,49.042145593869726,182
Bilateral,522,210,40.229885057471265,183
Control,522,260,49.808429118773944,183
Bilateral,522,183,35.05747126436782,184
Control,522,256,49.042145593869726,184
Bilateral,522,191,36.59003831417624,185
Control,522,263,50.38314176245211,185
Bilateral,522,206,39.46360153256705,186
Control,522,258,49.42528735632184,186
Bilateral,522,195,37.35632183908046,187
Control,522,252,48.275862068965516,187
Bilateral,522,186,35.63218390804598,188
Control,522,271,51.91570881226054,188
Bilateral,522,196,37.547892720306514,189
Control,522,265,50.76628352490421,189
Bilateral,522,204,39.08045977011494,190
Control,522,274,52.490421455938694,190
Bilateral,522,196,37.547892720306514,191
Control,522,257,49.23371647509578,191
Bilateral,522,193,36.97318007662835,192
Control,522,267,51.14942528735632,192
Bilateral,522,204,39.08045977011494,193
Control,522,247,47.31800766283525,193
Bilateral,522,198,37.93103448275862,194
Control,522,232,44.44444444444444,194
Bilateral,522,190,36.39846743295019,195
Control,522,230,44.06130268199234,195
Bilateral,522,203,38.88888888888889,196
Control,522,275,52.68199233716475,196
Bilateral,522,199,38.122605363984675,197
Control,522,255,48.85057471264368,197
Bilateral,522,214,40.99616858237548,198
Control,522,240,45.97701149425287,198
Bilateral,522,206,39.46360153256705,199
Control,522,247,47.31800766283525,199
Bilateral,522,201,38.50574712643678,200
Control,522,238,45.593869731800766,200
Bilateral,522,190,36.39846743295019,201
Control,522,243,46.55172413793103,201
Bilateral,522,200,38.31417624521073,202
Control,522,248,47.509578544061306,202
Bilateral,522,185,35.440613026819925,203
Control,522,274,52.490421455938694,203
Bilateral,522,183,35.05747126436782,204
Control,522,266,50.95785440613027,204
Bilateral,522,186,35.63218390804598,205
Control,522,257,49.23371647509578,205
Bilateral,522,200,38.31417624521073,206
Control,522,254,48.65900383141762,206
Bilateral,522,183,35.05747126436782,207
Control,522,258,49.42528735632184,207
Bilateral,522,207,39.6551724137931,208
Control,522,268,51.34099616858238,208
Bilateral,522,192,36.7816091954023,209
Control,522,251,48.08429118773947,209
Bilateral,522,205,39.272030651341,210
Control,522,245,46.934865900383144,210
Bilateral,522,198,37.93103448275862,211
Control,522,257,49.23371647509578,211
Bilateral,522,198,37.93103448275862,212
Control,522,260,49.808429118773944,212
Bilateral,522,194,37.16475095785441,213
Control,522,238,45.593869731800766,213
Bilateral,522,200,38.31417624521073,214
Control,522,260,49.808429118773944,214
Bilateral,522,196,37.547892720306514,215
Control,522,258,49.42528735632184,215
Bilateral,522,182,34.86590038314176,216
Control,522,254,48.65900383141762,216
Bilateral,522,207,39.6551724137931,217
Control,522,258,49.42528735632184,217
Bilateral,522,206,39.46360153256705,218
Control,522,242,46.36015325670498,218
Bilateral,522,191,36.59003831417624,219
Control,522,257,49.23371647509578,219
Bilateral,522,188,36.015325670498086,220
Control,522,254,48.65900383141762,220
Bilateral,522,191,36.59003831417624,221
Control,522,260,49.808429118773944,221
Bilateral,522,170,32.56704980842912,222
Control,522,257,49.23371647509578,222
Bilateral,522,201,38.50574712643678,223
Control,522,274,52.490421455938694,223
Bilateral,522,199,38.122605363984675,224
Control,522,249,47.701149425287355,224
Bilateral,522,198,37.93103448275862,225
Control,522,246,47.12643678160919,225
Bilateral,522,197,37.73946360153257,226
Control,522,246,47.12643678160919,226
Bilateral,522,203,38.88888888888889,227
Control,522,244,46.74329501915709,227
Bilateral,522,196,37.547892720306514,228
Control,522,256,49.042145593869726,228
Bilateral,522,172,32.95019157088122,229
Control,522,246,47.12643678160919,229
Bilateral,522,193,36.97318007662835,230
Control,522,259,49.616858237547895,230
Bilateral,522,189,36.206896551724135,231
Control,522,245,46.934865900383144,231
Bilateral,522,183,35.05747126436782,232
Control,522,255,48.85057471264368,232
Bilateral,522,200,38.31417624521073,233
Control,522,264,50.57471264367817,233
Bilateral,522,197,37.73946360153257,234
Control,522,245,46.934865900383144,234
Bilateral,522,192,36.7816091954023,235
Control,522,252,48.275862068965516,235
Bilateral,522,196,37.547892720306514,236
Control,522,265,50.76628352490421,236
Bilateral,522,196,37.547892720306514,237
Control,522,260,49.808429118773944,237
Bilateral,522,190,36.39846743295019,238
Control,522,244,46.74329501915709,238
Bilateral,522,204,39.08045977011494,239
Control,522,257,49.23371647509578,239
Bilateral,522,186,35.63218390804598,240
Control,522,252,48.275862068965516,240
Bilateral,522,201,38.50574712643678,241
Control,522,253,48.46743295019157,241
Bilateral,522,200,38.31417624521073,242
Control,522,249,47.701149425287355,242
Bilateral,522,196,37.547892720306514,243
Control,522,260,49.808429118773944,243
Bilateral,522,195,37.35632183908046,244
Control,522,244,46.74329501915709,244
Bilateral,522,184,35.24904214559387,245
Control,522,252,48.275862068965516,245
Bilateral,522,179,34.2911877394636,246
Control,522,250,47.89272030651341,246
Bilateral,522,177,33.90804597701149,247
Control,522,260,49.808429118773944,247
Bilateral,522,172,32.95019157088122,248
Control,522,257,49.23371647509578,248
Bilateral,522,184,35.24904214559387,249
Control,522,239,45.785440613026815,249
Bilateral,522,178,34.099616858237546,250
Control,522,263,50.38314176245211,250
Bilateral,522,191,36.59003831417624,251
Control,522,253,48.46743295019157,251
Bilateral,522,192,36.7816091954023,252
Control,522,270,51.724137931034484,252
Bilateral,522,191,36.59003831417624,253
Control,522,265,50.76628352490421,253
Bilateral,522,189,36.206896551724135,254
Control,522,257,49.23371647509578,254
Bilateral,522,200,38.31417624521073,255
Control,522,248,47.509578544061306,255
Bilateral,522,185,35.440613026819925,256
Control,522,254,48.65900383141762,256
Bilateral,522,188,36.015325670498086,257
Control,522,237,45.40229885057471,257
Bilateral,522,200,38.31417624521073,258
Control,522,279,53.44827586206896,258
Bilateral,522,193,36.97318007662835,259
Control,522,258,49.42528735632184,259
Bilateral,522,182,34.86590038314176,260
Control,522,264,50.57471264367817,260
Bilateral,522,190,36.39846743295019,261
Control,522,252,48.275862068965516,261
Bilateral,522,205,39.272030651341,262
Control,522,265,50.76628352490421,262
Bilateral,522,191,36.59003831417624,263
Control,522,271,51.91570881226054,263
Bilateral,522,196,37.547892720306514,264
Control,522,265,50.76628352490421,264
Bilateral,522,192,36.7816091954023,265
Control,522,267,51.14942528735632,265
Bilateral,522,192,36.7816091954023,266
Control,522,251,48.08429118773947,266
Bilateral,522,170,32.56704980842912,267
Control,522,247,47.31800766283525,267
Bilateral,522,183,35.05747126436782,268
Control,522,259,49.616858237547895,268
Bilateral,522,194,37.16475095785441,269
Control,522,235,45.01915708812261,269
Bilateral,522,196,37.547892720306514,270
Control,522,268,51.34099616858238,270
Bilateral,522,182,34.86590038314176,271
Control,522,249,47.701149425287355,271
Bilateral,522,210,40.229885057471265,272
Control,522,271,51.91570881226054,272
Bilateral,522,190,36.39846743295019,273
Control,522,273,52.29885057471264,273
Bilateral,522,186,35.63218390804598,274
Control,522,247,47.31800766283525,274
Bilateral,522,192,36.7816091954023,275
Control,522,245,46.934865900383144,275
Bilateral,522,210,40.229885057471265,276
Control,522,255,48.85057471264368,276
Bilateral,522,200,38.31417624521073,277
Control,522,267,51.14942528735632,277
Bilateral,522,207,39.6551724137931,278
Control,522,251,48.08429118773947,278
Bilateral,522,206,39.46360153256705,279
Control,522,259,49.616858237547895,279
Bilateral,522,190,36.39846743295019,280
Control,522,247,47.31800766283525,280
Bilateral,522,177,33.90804597701149,281
Control,522,256,49.042145593869726,281
Bilateral,522,211,40.42145593869732,282
Control,522,262,50.191570881226056,282
Bilateral,522,188,36.015325670498086,283
Control,522,254,48.65900383141762,283
Bilateral,522,191,36.59003831417624,284
Control,522,264,50.57471264367817,284
Bilateral,522,191,36.59003831417624,285
Control,522,259,49.616858237547895,285
Bilateral,522,178,34.099616858237546,286
Control,522,272,52.10727969348659,286
Bilateral,522,206,39.46360153256705,287
Control,522,269,51.53256704980843,287
Bilateral,522,191,36.59003831417624,288
Control,522,260,49.808429118773944,288
Bilateral,522,199,38.122605363984675,289
Control,522,244,46.74329501915709,289
Bilateral,522,211,40.42145593869732,290
Control,522,239,45.785440613026815,290
Bilateral,522,178,34.099616858237546,291
Control,522,258,49.42528735632184,291
Bilateral,522,197,37.73946360153257,292
Control,522,248,47.509578544061306,292
Bilateral,522,208,39.84674329501915,293
Control,522,263,50.38314176245211,293
Bilateral,522,193,36.97318007662835,294
Control,522,254,48.65900383141762,294
Bilateral,522,187,35.82375478927203,295
Control,522,264,50.57471264367817,295
Bilateral,522,203,38.88888888888889,296
Control,522,251,48.08429118773947,296
Bilateral,522,167,31.992337164750957,297
Control,522,276,52.87356321839081,297
Bilateral,522,192,36.7816091954023,298
Control,522,265,50.76628352490421,298
Bilateral,522,186,35.63218390804598,299
Control,522,266,50.95785440613027,299
Bilateral,522,204,39.08045977011494,300
Control,522,264,50.57471264367817,300
Bilateral,522,202,38.69731800766284,301
Control,522,245,46.934865900383144,301
Bilateral,522,202,38.69731800766284,302
Control,522,232,44.44444444444444,302
Bilateral,522,194,37.16475095785441,303
Control,522,274,52.490421455938694,303
Bilateral,522,198,37.93103448275862,304
Control,522,266,50.95785440613027,304
Bilateral,522,176,33.71647509578544,305
Control,522,262,50.191570881226056,305
Bilateral,522,176,33.71647509578544,306
Control,522,261,50.0,306
Bilateral,522,191,36.59003831417624,307
Control,522,267,51.14942528735632,307
Bilateral,522,189,36.206896551724135,308
Control,522,280,53.63984674329502,308
Bilateral,522,198,37.93103448275862,309
Control,522,256,49.042145593869726,309
Bilateral,522,193,36.97318007662835,310
Control,522,241,46.16858237547893,310
Bilateral,522,192,36.7816091954023,311
Control,522,256,49.042145593869726,311
Bilateral,522,193,36.97318007662835,312
Control,522,257,49.23371647509578,312
Bilateral,522,180,34.48275862068966,313
Control,522,271,51.91570881226054,313
Bilateral,522,195,37.35632183908046,314
Control,522,256,49.042145593869726,314
Bilateral,522,196,37.547892720306514,315
Control,522,251,48.08429118773947,315
Bilateral,522,191,36.59003831417624,316
Control,522,259,49.616858237547895,316
Bilateral,522,198,37.93103448275862,317
Control,522,242,46.36015325670498,317
Bilateral,522,193,36.97318007662835,318
Control,522,266,50.95785440613027,318
Bilateral,522,187,35.82375478927203,319
Control,522,254,48.65900383141762,319
Bilateral,522,197,37.73946360153257,320
Control,522,258,49.42528735632184,320
Bilateral,522,183,35.05747126436782,321
Control,522,262,50.191570881226056,321
Bilateral,522,204,39.08045977011494,322
Control,522,243,46.55172413793103,322
Bilateral,522,180,34.48275862068966,323
Control,522,249,47.701149425287355,323
Bilateral,522,192,36.7816091954023,324
Control,522,266,50.95785440613027,324
Bilateral,522,182,34.86590038314176,325
Control,522,270,51.724137931034484,325
Bilateral,522,222,42.5287356321839,326
Control,522,246,47.12643678160919,326
Bilateral,522,184,35.24904214559387,327
Control,522,231,44.252873563218394,327
Bilateral,522,198,37.93103448275862,328
Control,522,239,45.785440613026815,328
Bilateral,522,184,35.24904214559387,329
Control,522,245,46.934865900383144,329
Bilateral,522,192,36.7816091954023,330
Control,522,256,49.042145593869726,330
Bilateral,522,196,37.547892720306514,331
Control,522,268,51.34099616858238,331
Bilateral,522,206,39.46360153256705,332
Control,522,258,49.42528735632184,332
Bilateral,522,184,35.24904214559387,333
Control,522,254,48.65900383141762,333
Bilateral,522,212,40.61302681992337,334
Control,522,273,52.29885057471264,334
Bilateral,522,193,36.97318007662835,335
Control,522,268,51.34099616858238,335
Bilateral,522,220,42.1455938697318,336
Control,522,251,48.08429118773947,336
Bilateral,522,178,34.099616858237546,337
Control,522,271,51.91570881226054,337
Bilateral,522,197,37.73946360153257,338
Control,522,286,54.78927203065134,338
Bilateral,522,208,39.84674329501915,339
Control,522,260,49.808429118773944,339
Bilateral,522,200,38.31417624521073,340
Control,522,253,48.46743295019157,340
Bilateral,522,183,35.05747126436782,341
Control,522,258,49.42528735632184,341
Bilateral,522,190,36.39846743295019,342
Control,522,266,50.95785440613027,342
Bilateral,522,200,38.31417624521073,343
Control,522,245,46.934865900383144,343
Bilateral,522,201,38.50574712643678,344
Control,522,253,48.46743295019157,344
Bilateral,522,188,36.015325670498086,345
Control,522,246,47.12643678160919,345
Bilateral,522,203,38.88888888888889,346
Control,522,243,46.55172413793103,346
Bilateral,522,193,36.97318007662835,347
Control,522,251,48.08429118773947,347
Bilateral,522,198,37.93103448275862,348
Control,522,252,48.275862068965516,348
Bilateral,522,202,38.69731800766284,349
Control,522,250,47.89272030651341,349
Bilateral,522,203,38.88888888888889,350
Control,522,266,50.95785440613027,350
Bilateral,522,181,34.67432950191571,351
Control,522,263,50.38314176245211,351
Bilateral,522,202,38.69731800766284,352
Control,522,261,50.0,352
Bilateral,522,174,33.33333333333333,353
Control,522,262,50.191570881226056,353
Bilateral,522,181,34.67432950191571,354
Control,522,242,46.36015325670498,354
Bilateral,522,177,33.90804597701149,355
Control,522,255,48.85057471264368,355
Bilateral,522,181,34.67432950191571,356
Control,522,241,46.16858237547893,356
Bilateral,522,188,36.015325670498086,357
Control,522,255,48.85057471264368,357
Bilateral,522,189,36.206896551724135,358
Control,522,274,52.490421455938694,358
Bilateral,522,211,40.42145593869732,359
Control,522,253,48.46743295019157,359
Bilateral,522,201,38.50574712643678,360
Control,522,258,49.42528735632184,360
Bilateral,522,187,35.82375478927203,361
Control,522,251,48.08429118773947,361
Bilateral,522,181,34.67432950191571,362
Control,522,256,49.042145593869726,362
Bilateral,522,188,36.015325670498086,363
Control,522,255,48.85057471264368,363
Bilateral,522,198,37.93103448275862,364
Control,522,259,49.616858237547895,364
Bilateral,522,186,35.63218390804598,365
Control,522,254,48.65900383141762,365
Bilateral,522,221,42.337164750957854,366
Control,522,246,47.12643678160919,366
Bilateral,522,203,38.88888888888889,367
Control,522,254,48.65900383141762,367
Bilateral,522,185,35.440613026819925,368
Control,522,262,50.191570881226056,368
Bilateral,522,189,36.206896551724135,369
Control,522,261,50.0,369
Bilateral,522,208,39.84674329501915,370
Control,522,250,47.89272030651341,370
Bilateral,522,195,37.35632183908046,371
Control,522,259,49.616858237547895,371
Bilateral,522,178,34.099616858237546,372
Control,522,268,51.34099616858238,372
Bilateral,522,185,35.440613026819925,373
Control,522,242,46.36015325670498,373
Bilateral,522,205,39.272030651341,374
Control,522,252,48.275862068965516,374
Bilateral,522,179,34.2911877394636,375
Control,522,247,47.31800766283525,375
Bilateral,522,221,42.337164750957854,376
Control,522,255,48.85057471264368,376
Bilateral,522,195,37.35632183908046,377
Control,522,259,49.616858237547895,377
Bilateral,522,190,36.39846743295019,378
Control,522,250,47.89272030651341,378
Bilateral,522,192,36.7816091954023,379
Control,522,239,45.785440613026815,379
Bilateral,522,191,36.59003831417624,380
Control,522,252,48.275862068965516,380
Bilateral,522,209,40.03831417624521,381
Control,522,252,48.275862068965516,381
Bilateral,522,194,37.16475095785441,382
Control,522,260,49.808429118773944,382
Bilateral,522,193,36.97318007662835,383
Control,522,249,47.701149425287355,383
Bilateral,522,191,36.59003831417624,384
Control,522,236,45.21072796934866,384
Bilateral,522,202,38.69731800766284,385
Control,522,241,46.16858237547893,385
Bilateral,522,217,41.57088122605364,386
Control,522,257,49.23371647509578,386
Bilateral,522,193,36.97318007662835,387
Control,522,279,53.44827586206896,387
Bilateral,522,177,33.90804597701149,388
Control,522,261,50.0,388
Bilateral,522,179,34.2911877394636,389
Control,522,254,48.65900383141762,389
Bilateral,522,194,37.16475095785441,390
Control,522,240,45.97701149425287,390
Bilateral,522,190,36.39846743295019,391
Control,522,244,46.74329501915709,391
Bilateral,522,193,36.97318007662835,392
Control,522,248,47.509578544061306,392
Bilateral,522,185,35.440613026819925,393
Control,522,241,46.16858237547893,393
Bilateral,522,192,36.7816091954023,394
Control,522,257,49.23371647509578,394
Bilateral,522,215,41.18773946360153,395
Control,522,269,51.53256704980843,395
Bilateral,522,205,39.272030651341,396
Control,522,265,50.76628352490421,396
Bilateral,522,178,34.099616858237546,397
Control,522,263,50.38314176245211,397
Bilateral,522,189,36.206896551724135,398
Control,522,252,48.275862068965516,398
Bilateral,522,184,35.24904214559387,399
Control,522,268,51.34099616858238,399
Bilateral,522,211,40.42145593869732,400
Control,522,255,48.85057471264368,400
Bilateral,522,214,40.99616858237548,401
Control,522,262,50.191570881226056,401
Bilateral,522,174,33.33333333333333,402
Control,522,268,51.34099616858238,402
Bilateral,522,174,33.33333333333333,403
Control,522,276,52.87356321839081,403
Bilateral,522,197,37.73946360153257,404
Control,522,263,50.38314176245211,404
Bilateral,522,183,35.05747126436782,405
Control,522,246,47.12643678160919,405
Bilateral,522,198,37.93103448275862,406
Control,522,247,47.31800766283525,406
Bilateral,522,196,37.547892720306514,407
Control,522,252,48.275862068965516,407
Bilateral,522,200,38.31417624521073,408
Control,522,267,51.14942528735632,408
Bilateral,522,195,37.35632183908046,409
Control,522,254,48.65900383141762,409
Bilateral,522,188,36.015325670498086,410
Control,522,265,50.76628352490421,410
Bilateral,522,172,32.95019157088122,411
Control,522,243,46.55172413793103,411
Bilateral,522,197,37.73946360153257,412
Control,522,262,50.191570881226056,412
Bilateral,522,187,35.82375478927203,413
Control,522,256,49.042145593869726,413
Bilateral,522,209,40.03831417624521,414
Control,522,250,47.89272030651341,414
Bilateral,522,219,41.95402298850575,415
Control,522,270,51.724137931034484,415
Bilateral,522,177,33.90804597701149,416
Control,522,248,47.509578544061306,416
Bilateral,522,202,38.69731800766284,417
Control,522,246,47.12643678160919,417
Bilateral,522,173,33.14176245210728,418
Control,522,268,51.34099616858238,418
Bilateral,522,186,35.63218390804598,419
Control,522,259,49.616858237547895,419
Bilateral,522,190,36.39846743295019,420
Control,522,267,51.14942528735632,420
Bilateral,522,179,34.2911877394636,421
Control,522,249,47.701149425287355,421
Bilateral,522,180,34.48275862068966,422
Control,522,240,45.97701149425287,422
Bilateral,522,219,41.95402298850575,423
Control,522,269,51.53256704980843,423
Bilateral,522,189,36.206896551724135,424
Control,522,236,45.21072796934866,424
Bilateral,522,206,39.46360153256705,425
Control,522,251,48.08429118773947,425
Bilateral,522,188,36.015325670498086,426
Control,522,267,51.14942528735632,426
Bilateral,522,177,33.90804597701149,427
Control,522,262,50.191570881226056,427
Bilateral,522,178,34.099616858237546,428
Control,522,269,51.53256704980843,428
Bilateral,522,188,36.015325670498086,429
Control,522,253,48.46743295019157,429
Bilateral,522,181,34.67432950191571,430
Control,522,266,50.95785440613027,430
Bilateral,522,195,37.35632183908046,431
Control,522,269,51.53256704980843,431
Bilateral,522,197,37.73946360153257,432
Control,522,266,50.95785440613027,432
Bilateral,522,174,33.33333333333333,433
Control,522,262,50.191570881226056,433
Bilateral,522,195,37.35632183908046,434
Control,522,277,53.06513409961686,434
Bilateral,522,189,36.206896551724135,435
Control,522,269,51.53256704980843,435
Bilateral,522,210,40.229885057471265,436
Control,522,248,47.509578544061306,436
Bilateral,522,182,34.86590038314176,437
Control,522,255,48.85057471264368,437
Bilateral,522,196,37.547892720306514,438
Control,522,243,46.55172413793103,438
Bilateral,522,188,36.015325670498086,439
Control,522,269,51.53256704980843,439
Bilateral,522,192,36.7816091954023,440
Control,522,239,45.785440613026815,440
Bilateral,522,199,38.122605363984675,441
Control,522,256,49.042145593869726,441
Bilateral,522,175,33.524904214559385,442
Control,522,256,49.042145593869726,442
Bilateral,522,183,35.05747126436782,443
Control,522,258,49.42528735632184,443
Bilateral,522,183,35.05747126436782,444
Control,522,250,47.89272030651341,444
Bilateral,522,191,36.59003831417624,445
Control,522,277,53.06513409961686,445
Bilateral,522,183,35.05747126436782,446
Control,522,254,48.65900383141762,446
Bilateral,522,194,37.16475095785441,447
Control,522,237,45.40229885057471,447
Bilateral,522,193,36.97318007662835,448
Control,522,224,42.911877394636015,448
Bilateral,522,202,38.69731800766284,449
Control,522,267,51.14942528735632,449
Bilateral,522,203,38.88888888888889,450
Control,522,252,48.275862068965516,450
Bilateral,522,207,39.6551724137931,451
Control,522,251,48.08429118773947,451
Bilateral,522,184,35.24904214559387,452
Control,522,274,52.490421455938694,452
Bilateral,522,215,41.18773946360153,453
Control,522,271,51.91570881226054,453
Bilateral,522,191,36.59003831417624,454
Control,522,271,51.91570881226054,454
Bilateral,522,203,38.88888888888889,455
Control,522,249,47.701149425287355,455
Bilateral,522,197,37.73946360153257,456
Control,522,251,48.08429118773947,456
Bilateral,522,179,34.2911877394636,457
Control,522,258,49.42528735632184,457
Bilateral,522,185,35.440613026819925,458
Control,522,247,47.31800766283525,458
Bilateral,522,195,37.35632183908046,459
Control,522,268,51.34099616858238,459
Bilateral,522,189,36.206896551724135,460
Control,522,261,50.0,460
Bilateral,522,183,35.05747126436782,461
Control,522,250,47.89272030651341,461
Bilateral,522,197,37.73946360153257,462
Control,522,248,47.509578544061306,462
Bilateral,522,211,40.42145593869732,463
Control,522,243,46.55172413793103,463
Bilateral,522,185,35.440613026819925,464
Control,522,255,48.85057471264368,464
Bilateral,522,195,37.35632183908046,465
Control,522,259,49.616858237547895,465
Bilateral,522,196,37.547892720306514,466
Control,522,246,47.12643678160919,466
Bilateral,522,172,32.95019157088122,467
Control,522,243,46.55172413793103,467
Bilateral,522,203,38.88888888888889,468
Control,522,246,47.12643678160919,468
Bilateral,522,197,37.73946360153257,469
Control,522,256,49.042145593869726,469
Bilateral,522,198,37.93103448275862,470
Control,522,248,47.509578544061306,470
Bilateral,522,205,39.272030651341,471
Control,522,257,49.23371647509578,471
Bilateral,522,173,33.14176245210728,472
Control,522,266,50.95785440613027,472
Bilateral,522,195,37.35632183908046,473
Control,522,251,48.08429118773947,473
Bilateral,522,184,35.24904214559387,474
Control,522,265,50.76628352490421,474
Bilateral,522,200,38.31417624521073,475
Control,522,246,47.12643678160919,475
Bilateral,522,192,36.7816091954023,476
Control,522,263,50.38314176245211,476
Bilateral,522,200,38.31417624521073,477
Control,522,242,46.36015325670498,477
Bilateral,522,185,35.440613026819925,478
Control,522,269,51.53256704980843,478
Bilateral,522,200,38.31417624521073,479
Control,522,273,52.29885057471264,479
Bilateral,522,202,38.69731800766284,480
Control,522,255,48.85057471264368,480
Bilateral,522,191,36.59003831417624,481
Control,522,265,50.76628352490421,481
Bilateral,522,201,38.50574712643678,482
Control,522,253,48.46743295019157,482
Bilateral,522,173,33.14176245210728,483
Control,522,260,49.808429118773944,483
Bilateral,522,202,38.69731800766284,484
Control,522,264,50.57471264367817,484
Bilateral,522,191,36.59003831417624,485
Control,522,257,49.23371647509578,485
Bilateral,522,205,39.272030651341,486
Control,522,250,47.89272030651341,486
Bilateral,522,201,38.50574712643678,487
Control,522,265,50.76628352490421,487
Bilateral,522,197,37.73946360153257,488
Control,522,258,49.42528735632184,488
Bilateral,522,189,36.206896551724135,489
Control,522,274,52.490421455938694,489
Bilateral,522,183,35.05747126436782,490
Control,522,256,49.042145593869726,490
Bilateral,522,188,36.015325670498086,491
Control,522,248,47.509578544061306,491
Bilateral,522,184,35.24904214559387,492
Control,522,274,52.490421455938694,492
Bilateral,522,189,36.206896551724135,493
Control,522,254,48.65900383141762,493
Bilateral,522,183,35.05747126436782,494
Control,522,264,50.57471264367817,494
Bilateral,522,194,37.16475095785441,495
Control,522,238,45.593869731800766,495
Bilateral,522,195,37.35632183908046,496
Control,522,252,48.275862068965516,496
Bilateral,522,202,38.69731800766284,497
Control,522,246,47.12643678160919,497
Bilateral,522,183,35.05747126436782,498
Control,522,251,48.08429118773947,498
Bilateral,522,210,40.229885057471265,499
Control,522,260,49.808429118773944,499
Bilateral,522,200,38.31417624521073,500
Control,522,253,48.46743295019157,500
Bilateral,522,201,38.50574712643678,501
Control,522,255,48.85057471264368,501
Bilateral,522,222,42.5287356321839,502
Control,522,265,50.76628352490421,502
Bilateral,522,187,35.82375478927203,503
Control,522,247,47.31800766283525,503
Bilateral,522,175,33.524904214559385,504
Control,522,249,47.701149425287355,504
Bilateral,522,198,37.93103448275862,505
Control,522,273,52.29885057471264,505
Bilateral,522,180,34.48275862068966,506
Control,522,261,50.0,506
Bilateral,522,184,35.24904214559387,507
Control,522,250,47.89272030651341,507
Bilateral,522,180,34.48275862068966,508
Control,522,249,47.701149425287355,508
Bilateral,522,184,35.24904214559387,509
Control,522,256,49.042145593869726,509
Bilateral,522,181,34.67432950191571,510
Control,522,257,49.23371647509578,510
Bilateral,522,192,36.7816091954023,511
Control,522,273,52.29885057471264,511
Bilateral,522,189,36.206896551724135,512
Control,522,247,47.31800766283525,512
Bilateral,522,200,38.31417624521073,513
Control,522,258,49.42528735632184,513
Bilateral,522,180,34.48275862068966,514
Control,522,268,51.34099616858238,514
Bilateral,522,202,38.69731800766284,515
Control,522,247,47.31800766283525,515
Bilateral,522,198,37.93103448275862,516
Control,522,252,48.275862068965516,516
Bilateral,522,209,40.03831417624521,517
Control,522,261,50.0,517
Bilateral,522,197,37.73946360153257,518
Control,522,280,53.63984674329502,518
Bilateral,522,190,36.39846743295019,519
Control,522,240,45.97701149425287,519
Bilateral,522,170,32.56704980842912,520
Control,522,261,50.0,520
Bilateral,522,192,36.7816091954023,521
Control,522,268,51.34099616858238,521
Bilateral,522,195,37.35632183908046,522
Control,522,263,50.38314176245211,522
Bilateral,522,178,34.099616858237546,523
Control,522,258,49.42528735632184,523
Bilateral,522,184,35.24904214559387,524
Control,522,257,49.23371647509578,524
Bilateral,522,181,34.67432950191571,525
Control,522,264,50.57471264367817,525
Bilateral,522,190,36.39846743295019,526
Control,522,270,51.724137931034484,526
Bilateral,522,205,39.272030651341,527
Control,522,257,49.23371647509578,527
Bilateral,522,194,37.16475095785441,528
Control,522,246,47.12643678160919,528
Bilateral,522,183,35.05747126436782,529
Control,522,255,48.85057471264368,529
Bilateral,522,186,35.63218390804598,530
Control,522,275,52.68199233716475,530
Bilateral,522,171,32.758620689655174,531
Control,522,261,50.0,531
Bilateral,522,209,40.03831417624521,532
Control,522,253,48.46743295019157,532
Bilateral,522,189,36.206896551724135,533
Control,522,257,49.23371647509578,533
Bilateral,522,188,36.015325670498086,534
Control,522,237,45.40229885057471,534
Bilateral,522,184,35.24904214559387,535
Control,522,267,51.14942528735632,535
Bilateral,522,197,37.73946360153257,536
Control,522,255,48.85057471264368,536
Bilateral,522,203,38.88888888888889,537
Control,522,241,46.16858237547893,537
Bilateral,522,182,34.86590038314176,538
Control,522,261,50.0,538
Bilateral,522,180,34.48275862068966,539
Control,522,249,47.701149425287355,539
Bilateral,522,184,35.24904214559387,540
Control,522,247,47.31800766283525,540
Bilateral,522,196,37.547892720306514,541
Control,522,261,50.0,541
Bilateral,522,201,38.50574712643678,542
Control,522,273,52.29885057471264,542
Bilateral,522,199,38.122605363984675,543
Control,522,254,48.65900383141762,543
Bilateral,522,184,35.24904214559387,544
Control,522,259,49.616858237547895,544
Bilateral,522,203,38.88888888888889,545
Control,522,251,48.08429118773947,545
Bilateral,522,175,33.524904214559385,546
Control,522,265,50.76628352490421,546
Bilateral,522,167,31.992337164750957,547
Control,522,264,50.57471264367817,547
Bilateral,522,184,35.24904214559387,548
Control,522,263,50.38314176245211,548
Bilateral,522,180,34.48275862068966,549
Control,522,267,51.14942528735632,549
Bilateral,522,196,37.547892720306514,550
Control,522,255,48.85057471264368,550
Bilateral,522,197,37.73946360153257,551
Control,522,241,46.16858237547893,551
Bilateral,522,182,34.86590038314176,552
Control,522,248,47.509578544061306,552
Bilateral,522,196,37.547892720306514,553
Control,522,260,49.808429118773944,553
Bilateral,522,180,34.48275862068966,554
Control,522,262,50.191570881226056,554
Bilateral,522,180,34.48275862068966,555
Control,522,268,51.34099616858238,555
Bilateral,522,189,36.206896551724135,556
Control,522,251,48.08429118773947,556
Bilateral,522,210,40.229885057471265,557
Control,522,261,50.0,557
Bilateral,522,206,39.46360153256705,558
Control,522,244,46.74329501915709,558
Bilateral,522,175,33.524904214559385,559
Control,522,245,46.934865900383144,559
Bilateral,522,182,34.86590038314176,560
Control,522,267,51.14942528735632,560
Bilateral,522,179,34.2911877394636,561
Control,522,254,48.65900383141762,561
Bilateral,522,199,38.122605363984675,562
Control,522,215,41.18773946360153,562
Bilateral,522,192,36.7816091954023,563
Control,522,259,49.616858237547895,563
Bilateral,522,195,37.35632183908046,564
Control,522,283,54.214559386973185,564
Bilateral,522,195,37.35632183908046,565
Control,522,263,50.38314176245211,565
Bilateral,522,185,35.440613026819925,566
Control,522,259,49.616858237547895,566
Bilateral,522,202,38.69731800766284,567
Control,522,243,46.55172413793103,567
Bilateral,522,199,38.122605363984675,568
Control,522,274,52.490421455938694,568
Bilateral,522,196,37.547892720306514,569
Control,522,251,48.08429118773947,569
Bilateral,522,190,36.39846743295019,570
Control,522,244,46.74329501915709,570
Bilateral,522,193,36.97318007662835,571
Control,522,270,51.724137931034484,571
Bilateral,522,198,37.93103448275862,572
Control,522,257,49.23371647509578,572
Bilateral,522,196,37.547892720306514,573
Control,522,248,47.509578544061306,573
Bilateral,522,191,36.59003831417624,574
Control,522,258,49.42528735632184,574
Bilateral,522,202,38.69731800766284,575
Control,522,243,46.55172413793103,575
Bilateral,522,186,35.63218390804598,576
Control,522,265,50.76628352490421,576
Bilateral,522,199,38.122605363984675,577
Control,522,239,45.785440613026815,577
Bilateral,522,194,37.16475095785441,578
Control,522,234,44.827586206896555,578
Bilateral,522,190,36.39846743295019,579
Control,522,267,51.14942528735632,579
Bilateral,522,200,38.31417624521073,580
Control,522,249,47.701149425287355,580
Bilateral,522,196,37.547892720306514,581
Control,522,259,49.616858237547895,581
Bilateral,522,198,37.93103448275862,582
Control,522,261,50.0,582
Bilateral,522,188,36.015325670498086,583
Control,522,257,49.23371647509578,583
Bilateral,522,204,39.08045977011494,584
Control,522,249,47.701149425287355,584
Bilateral,522,198,37.93103448275862,585
Control,522,267,51.14942528735632,585
Bilateral,522,178,34.099616858237546,586
Control,522,250,47.89272030651341,586
Bilateral,522,191,36.59003831417624,587
Control,522,263,50.38314176245211,587
Bilateral,522,194,37.16475095785441,588
Control,522,268,51.34099616858238,588
Bilateral,522,182,34.86590038314176,589
Control,522,253,48.46743295019157,589
Bilateral,522,187,35.82375478927203,590
Control,522,244,46.74329501915709,590
Bilateral,522,172,32.95019157088122,591
Control,522,246,47.12643678160919,591
Bilateral,522,190,36.39846743295019,592
Control,522,280,53.63984674329502,592
Bilateral,522,183,35.05747126436782,593
Control,522,276,52.87356321839081,593
Bilateral,522,180,34.48275862068966,594
Control,522,260,49.808429118773944,594
Bilateral,522,186,35.63218390804598,595
Control,522,251,48.08429118773947,595
Bilateral,522,196,37.547892720306514,596
Control,522,267,51.14942528735632,596
Bilateral,522,197,37.73946360153257,597
Control,522,274,52.490421455938694,597
Bilateral,522,192,36.7816091954023,598
Control,522,246,47.12643678160919,598
Bilateral,522,182,34.86590038314176,599
Control,522,253,48.46743295019157,599
Bilateral,522,188,36.015325670498086,600
Control,522,256,49.042145593869726,600
Bilateral,522,201,38.50574712643678,601
Control,522,253,48.46743295019157,601
Bilateral,522,178,34.099616858237546,602
Control,522,279,53.44827586206896,602
Bilateral,522,195,37.35632183908046,603
Control,522,238,45.593869731800766,603
Bilateral,522,182,34.86590038314176,604
Control,522,252,48.275862068965516,604
Bilateral,522,191,36.59003831417624,605
Control,522,258,49.42528735632184,605
Bilateral,522,187,35.82375478927203,606
Control,522,256,49.042145593869726,606
Bilateral,522,184,35.24904214559387,607
Control,522,235,45.01915708812261,607
Bilateral,522,211,40.42145593869732,608
Control,522,240,45.97701149425287,608
Bilateral,522,178,34.099616858237546,609
Control,522,246,47.12643678160919,609
Bilateral,522,178,34.099616858237546,610
Control,522,264,50.57471264367817,610
Bilateral,522,176,33.71647509578544,611
Control,522,259,49.616858237547895,611
Bilateral,522,196,37.547892720306514,612
Control,522,244,46.74329501915709,612
Bilateral,522,198,37.93103448275862,613
Control,522,272,52.10727969348659,613
Bilateral,522,188,36.015325670498086,614
Control,522,241,46.16858237547893,614
Bilateral,522,196,37.547892720306514,615
Control,522,254,48.65900383141762,615
Bilateral,522,206,39.46360153256705,616
Control,522,259,49.616858237547895,616
Bilateral,522,194,37.16475095785441,617
Control,522,255,48.85057471264368,617
Bilateral,522,188,36.015325670498086,618
Control,522,250,47.89272030651341,618
Bilateral,522,171,32.758620689655174,619
Control,522,248,47.509578544061306,619
Bilateral,522,198,37.93103448275862,620
Control,522,250,47.89272030651341,620
Bilateral,522,194,37.16475095785441,621
Control,522,249,47.701149425287355,621
Bilateral,522,188,36.015325670498086,622
Control,522,281,53.83141762452107,622
Bilateral,522,183,35.05747126436782,623
Control,522,243,46.55172413793103,623
Bilateral,522,189,36.206896551724135,624
Control,522,243,46.55172413793103,624
Bilateral,522,172,32.95019157088122,625
Control,522,260,49.808429118773944,625
Bilateral,522,197,37.73946360153257,626
Control,522,252,48.275862068965516,626
Bilateral,522,209,40.03831417624521,627
Control,522,239,45.785440613026815,627
Bilateral,522,203,38.88888888888889,628
Control,522,244,46.74329501915709,628
Bilateral,522,177,33.90804597701149,629
Control,522,248,47.509578544061306,629
Bilateral,522,186,35.63218390804598,630
Control,522,257,49.23371647509578,630
Bilateral,522,189,36.206896551724135,631
Control,522,252,48.275862068965516,631
Bilateral,522,187,35.82375478927203,632
Control,522,270,51.724137931034484,632
Bilateral,522,202,38.69731800766284,633
Control,522,241,46.16858237547893,633
Bilateral,522,189,36.206896551724135,634
Control,522,253,48.46743295019157,634
Bilateral,522,186,35.63218390804598,635
Control,522,263,50.38314176245211,635
Bilateral,522,189,36.206896551724135,636
Control,522,251,48.08429118773947,636
Bilateral,522,195,37.35632183908046,637
Control,522,259,49.616858237547895,637
Bilateral,522,176,33.71647509578544,638
Control,522,251,48.08429118773947,638
Bilateral,522,207,39.6551724137931,639
Control,522,261,50.0,639
Bilateral,522,208,39.84674329501915,640
Control,522,263,50.38314176245211,640
Bilateral,522,181,34.67432950191571,641
Control,522,255,48.85057471264368,641
Bilateral,522,195,37.35632183908046,642
Control,522,252,48.275862068965516,642
Bilateral,522,205,39.272030651341,643
Control,522,274,52.490421455938694,643
Bilateral,522,201,38.50574712643678,644
Control,522,265,50.76628352490421,644
Bilateral,522,202,38.69731800766284,645
Control,522,265,50.76628352490421,645
Bilateral,522,186,35.63218390804598,646
Control,522,263,50.38314176245211,646
Bilateral,522,192,36.7816091954023,647
Control,522,259,49.616858237547895,647
Bilateral,522,194,37.16475095785441,648
Control,522,273,52.29885057471264,648
Bilateral,522,224,42.911877394636015,649
Control,522,255,48.85057471264368,649
Bilateral,522,196,37.547892720306514,650
Control,522,234,44.827586206896555,650
Bilateral,522,209,40.03831417624521,651
Control,522,250,47.89272030651341,651
Bilateral,522,195,37.35632183908046,652
Control,522,251,48.08429118773947,652
Bilateral,522,195,37.35632183908046,653
Control,522,259,49.616858237547895,653
Bilateral,522,190,36.39846743295019,654
Control,522,260,49.808429118773944,654
Bilateral,522,193,36.97318007662835,655
Control,522,250,47.89272030651341,655
Bilateral,522,200,38.31417624521073,656
Control,522,259,49.616858237547895,656
Bilateral,522,196,37.547892720306514,657
Control,522,261,50.0,657
Bilateral,522,181,34.67432950191571,658
Control,522,269,51.53256704980843,658
Bilateral,522,184,35.24904214559387,659
Control,522,244,46.74329501915709,659
Bilateral,522,197,37.73946360153257,660
Control,522,240,45.97701149425287,660
Bilateral,522,184,35.24904214559387,661
Control,522,248,47.509578544061306,661
Bilateral,522,200,38.31417624521073,662
Control,522,286,54.78927203065134,662
Bilateral,522,201,38.50574712643678,663
Control,522,258,49.42528735632184,663
Bilateral,522,193,36.97318007662835,664
Control,522,243,46.55172413793103,664
Bilateral,522,190,36.39846743295019,665
Control,522,242,46.36015325670498,665
Bilateral,522,174,33.33333333333333,666
Control,522,244,46.74329501915709,666
Bilateral,522,190,36.39846743295019,667
Control,522,259,49.616858237547895,667
Bilateral,522,198,37.93103448275862,668
Control,522,273,52.29885057471264,668
Bilateral,522,195,37.35632183908046,669
Control,522,235,45.01915708812261,669
Bilateral,522,190,36.39846743295019,670
Control,522,282,54.02298850574713,670
Bilateral,522,177,33.90804597701149,671
Control,522,261,50.0,671
Bilateral,522,182,34.86590038314176,672
Control,522,250,47.89272030651341,672
Bilateral,522,207,39.6551724137931,673
Control,522,241,46.16858237547893,673
Bilateral,522,178,34.099616858237546,674
Control,522,260,49.808429118773944,674
Bilateral,522,163,31.226053639846747,675
Control,522,250,47.89272030651341,675
Bilateral,522,182,34.86590038314176,676
Control,522,246,47.12643678160919,676
Bilateral,522,200,38.31417624521073,677
Control,522,252,48.275862068965516,677
Bilateral,522,188,36.015325670498086,678
Control,522,242,46.36015325670498,678
Bilateral,522,197,37.73946360153257,679
Control,522,243,46.55172413793103,679
Bilateral,522,213,40.804597701149426,680
Control,522,275,52.68199233716475,680
Bilateral,522,193,36.97318007662835,681
Control,522,252,48.275862068965516,681
Bilateral,522,194,37.16475095785441,682
Control,522,245,46.934865900383144,682
Bilateral,522,182,34.86590038314176,683
Control,522,257,49.23371647509578,683
Bilateral,522,178,34.099616858237546,684
Control,522,238,45.593869731800766,684
Bilateral,522,198,37.93103448275862,685
Control,522,275,52.68199233716475,685
Bilateral,522,203,38.88888888888889,686
Control,522,256,49.042145593869726,686
Bilateral,522,199,38.122605363984675,687
Control,522,254,48.65900383141762,687
Bilateral,522,191,36.59003831417624,688
Control,522,243,46.55172413793103,688
Bilateral,522,192,36.7816091954023,689
Control,522,250,47.89272030651341,689
Bilateral,522,200,38.31417624521073,690
Control,522,254,48.65900383141762,690
Bilateral,522,205,39.272030651341,691
Control,522,262,50.191570881226056,691
Bilateral,522,200,38.31417624521073,692
Control,522,261,50.0,692
Bilateral,522,200,38.31417624521073,693
Control,522,241,46.16858237547893,693
Bilateral,522,167,31.992337164750957,694
Control,522,260,49.808429118773944,694
Bilateral,522,195,37.35632183908046,695
Control,522,253,48.46743295019157,695
Bilateral,522,203,38.88888888888889,696
Control,522,268,51.34099616858238,696
Bilateral,522,202,38.69731800766284,697
Control,522,267,51.14942528735632,697
Bilateral,522,190,36.39846743295019,698
Control,522,255,48.85057471264368,698
Bilateral,522,186,35.63218390804598,699
Control,522,259,49.616858237547895,699
Bilateral,522,203,38.88888888888889,700
Control,522,266,50.95785440613027,700
Bilateral,522,174,33.33333333333333,701
Control,522,269,51.53256704980843,701
Bilateral,522,189,36.206896551724135,702
Control,522,262,50.191570881226056,702
Bilateral,522,192,36.7816091954023,703
Control,522,263,50.38314176245211,703
Bilateral,522,198,37.93103448275862,704
Control,522,263,50.38314176245211,704
Bilateral,522,182,34.86590038314176,705
Control,522,238,45.593869731800766,705
Bilateral,522,196,37.547892720306514,706
Control,522,253,48.46743295019157,706
Bilateral,522,175,33.524904214559385,707
Control,522,255,48.85057471264368,707
Bilateral,522,196,37.547892720306514,708
Control,522,250,47.89272030651341,708
Bilateral,522,188,36.015325670498086,709
Control,522,246,47.12643678160919,709
Bilateral,522,174,33.33333333333333,710
Control,522,265,50.76628352490421,710
Bilateral,522,186,35.63218390804598,711
Control,522,246,47.12643678160919,711
Bilateral,522,190,36.39846743295019,712
Control,522,258,49.42528735632184,712
Bilateral,522,198,37.93103448275862,713
Control,522,260,49.808429118773944,713
Bilateral,522,207,39.6551724137931,714
Control,522,249,47.701149425287355,714
Bilateral,522,199,38.122605363984675,715
Control,522,254,48.65900383141762,715
Bilateral,522,190,36.39846743295019,716
Control,522,250,47.89272030651341,716
Bilateral,522,185,35.440613026819925,717
Control,522,245,46.934865900383144,717
Bilateral,522,179,34.2911877394636,718
Control,522,249,47.701149425287355,718
Bilateral,522,178,34.099616858237546,719
Control,522,253,48.46743295019157,719
Bilateral,522,180,34.48275862068966,720
Control,522,260,49.808429118773944,720
Bilateral,522,194,37.16475095785441,721
Control,522,253,48.46743295019157,721
Bilateral,522,211,40.42145593869732,722
Control,522,252,48.275862068965516,722
Bilateral,522,198,37.93103448275862,723
Control,522,268,51.34099616858238,723
Bilateral,522,185,35.440613026819925,724
Control,522,262,50.191570881226056,724
Bilateral,522,208,39.84674329501915,725
Control,522,281,53.83141762452107,725
Bilateral,522,210,40.229885057471265,726
Control,522,260,49.808429118773944,726
Bilateral,522,187,35.82375478927203,727
Control,522,256,49.042145593869726,727
Bilateral,522,200,38.31417624521073,728
Control,522,258,49.42528735632184,728
Bilateral,522,190,36.39846743295019,729
Control,522,256,49.042145593869726,729
Bilateral,522,184,35.24904214559387,730
Control,522,270,51.724137931034484,730
Bilateral,522,204,39.08045977011494,731
Control,522,256,49.042145593869726,731
Bilateral,522,192,36.7816091954023,732
Control,522,263,50.38314176245211,732
Bilateral,522,197,37.73946360153257,733
Control,522,234,44.827586206896555,733
Bilateral,522,188,36.015325670498086,734
Control,522,251,48.08429118773947,734
Bilateral,522,187,35.82375478927203,735
Control,522,246,47.12643678160919,735
Bilateral,522,180,34.48275862068966,736
Control,522,263,50.38314176245211,736
Bilateral,522,199,38.122605363984675,737
Control,522,252,48.275862068965516,737
Bilateral,522,193,36.97318007662835,738
Control,522,257,49.23371647509578,738
Bilateral,522,198,37.93103448275862,739
Control,522,247,47.31800766283525,739
Bilateral,522,179,34.2911877394636,740
Control,522,240,45.97701149425287,740
Bilateral,522,189,36.206896551724135,741
Control,522,270,51.724137931034484,741
Bilateral,522,202,38.69731800766284,742
Control,522,234,44.827586206896555,742
Bilateral,522,198,37.93103448275862,743
Control,522,259,49.616858237547895,743
Bilateral,522,230,44.06130268199234,744
Control,522,245,46.934865900383144,744
Bilateral,522,188,36.015325670498086,745
Control,522,260,49.808429118773944,745
Bilateral,522,186,35.63218390804598,746
Control,522,242,46.36015325670498,746
Bilateral,522,193,36.97318007662835,747
Control,522,262,50.191570881226056,747
Bilateral,522,199,38.122605363984675,748
Control,522,275,52.68199233716475,748
Bilateral,522,212,40.61302681992337,749
Control,522,263,50.38314176245211,749
Bilateral,522,191,36.59003831417624,750
Control,522,270,51.724137931034484,750
Bilateral,522,210,40.229885057471265,751
Control,522,252,48.275862068965516,751
Bilateral,522,204,39.08045977011494,752
Control,522,260,49.808429118773944,752
Bilateral,522,198,37.93103448275862,753
Control,522,265,50.76628352490421,753
Bilateral,522,186,35.63218390804598,754
Control,522,266,50.95785440613027,754
Bilateral,522,184,35.24904214559387,755
Control,522,264,50.57471264367817,755
Bilateral,522,195,37.35632183908046,756
Control,522,256,49.042145593869726,756
Bilateral,522,203,38.88888888888889,757
Control,522,261,50.0,757
Bilateral,522,189,36.206896551724135,758
Control,522,263,50.38314176245211,758
Bilateral,522,205,39.272030651341,759
Control,522,254,48.65900383141762,759
Bilateral,522,181,34.67432950191571,760
Control,522,267,51.14942528735632,760
Bilateral,522,198,37.93103448275862,761
Control,522,253,48.46743295019157,761
Bilateral,522,196,37.547892720306514,762
Control,522,266,50.95785440613027,762
Bilateral,522,196,37.547892720306514,763
Control,522,255,48.85057471264368,763
Bilateral,522,203,38.88888888888889,764
Control,522,258,49.42528735632184,764
Bilateral,522,182,34.86590038314176,765
Control,522,265,50.76628352490421,765
Bilateral,522,180,34.48275862068966,766
Control,522,251,48.08429118773947,766
Bilateral,522,188,36.015325670498086,767
Control,522,249,47.701149425287355,767
Bilateral,522,204,39.08045977011494,768
Control,522,262,50.191570881226056,768
Bilateral,522,202,38.69731800766284,769
Control,522,250,47.89272030651341,769
Bilateral,522,195,37.35632183908046,770
Control,522,251,48.08429118773947,770
Bilateral,522,182,34.86590038314176,771
Control,522,240,45.97701149425287,771
Bilateral,522,201,38.50574712643678,772
Control,522,246,47.12643678160919,772
Bilateral,522,195,37.35632183908046,773
Control,522,254,48.65900383141762,773
Bilateral,522,186,35.63218390804598,774
Control,522,246,47.12643678160919,774
Bilateral,522,194,37.16475095785441,775
Control,522,245,46.934865900383144,775
Bilateral,522,189,36.206896551724135,776
Control,522,253,48.46743295019157,776
Bilateral,522,192,36.7816091954023,777
Control,522,241,46.16858237547893,777
Bilateral,522,198,37.93103448275862,778
Control,522,244,46.74329501915709,778
Bilateral,522,178,34.099616858237546,779
Control,522,255,48.85057471264368,779
Bilateral,522,170,32.56704980842912,780
Control,522,251,48.08429118773947,780
Bilateral,522,179,34.2911877394636,781
Control,522,270,51.724137931034484,781
Bilateral,522,201,38.50574712643678,782
Control,522,246,47.12643678160919,782
Bilateral,522,196,37.547892720306514,783
Control,522,241,46.16858237547893,783
Bilateral,522,186,35.63218390804598,784
Control,522,242,46.36015325670498,784
Bilateral,522,186,35.63218390804598,785
Control,522,262,50.191570881226056,785
Bilateral,522,171,32.758620689655174,786
Control,522,238,45.593869731800766,786
Bilateral,522,189,36.206896551724135,787
Control,522,260,49.808429118773944,787
Bilateral,522,181,34.67432950191571,788
Control,522,254,48.65900383141762,788
Bilateral,522,206,39.46360153256705,789
Control,522,250,47.89272030651341,789
Bilateral,522,179,34.2911877394636,790
Control,522,252,48.275862068965516,790
Bilateral,522,188,36.015325670498086,791
Control,522,257,49.23371647509578,791
Bilateral,522,198,37.93103448275862,792
Control,522,251,48.08429118773947,792
Bilateral,522,182,34.86590038314176,793
Control,522,269,51.53256704980843,793
Bilateral,522,191,36.59003831417624,794
Control,522,251,48.08429118773947,794
Bilateral,522,190,36.39846743295019,795
Control,522,254,48.65900383141762,795
Bilateral,522,184,35.24904214559387,796
Control,522,266,50.95785440613027,796
Bilateral,522,201,38.50574712643678,797
Control,522,251,48.08429118773947,797
Bilateral,522,198,37.93103448275862,798
Control,522,256,49.042145593869726,798
Bilateral,522,208,39.84674329501915,799
Control,522,259,49.616858237547895,799
Bilateral,522,180,34.48275862068966,800
Control,522,268,51.34099616858238,800
Bilateral,522,194,37.16475095785441,801
Control,522,273,52.29885057471264,801
Bilateral,522,191,36.59003831417624,802
Control,522,239,45.785440613026815,802
Bilateral,522,179,34.2911877394636,803
Control,522,244,46.74329501915709,803
Bilateral,522,202,38.69731800766284,804
Control,522,249,47.701149425287355,804
Bilateral,522,191,36.59003831417624,805
Control,522,269,51.53256704980843,805
Bilateral,522,192,36.7816091954023,806
Control,522,253,48.46743295019157,806
Bilateral,522,194,37.16475095785441,807
Control,522,266,50.95785440613027,807
Bilateral,522,195,37.35632183908046,808
Control,522,261,50.0,808
Bilateral,522,190,36.39846743295019,809
Control,522,250,47.89272030651341,809
Bilateral,522,190,36.39846743295019,810
Control,522,258,49.42528735632184,810
Bilateral,522,195,37.35632183908046,811
Control,522,258,49.42528735632184,811
Bilateral,522,193,36.97318007662835,812
Control,522,262,50.191570881226056,812
Bilateral,522,184,35.24904214559387,813
Control,522,247,47.31800766283525,813
Bilateral,522,188,36.015325670498086,814
Control,522,258,49.42528735632184,814
Bilateral,522,190,36.39846743295019,815
Control,522,264,50.57471264367817,815
Bilateral,522,182,34.86590038314176,816
Control,522,258,49.42528735632184,816
Bilateral,522,202,38.69731800766284,817
Control,522,242,46.36015325670498,817
Bilateral,522,183,35.05747126436782,818
Control,522,255,48.85057471264368,818
Bilateral,522,188,36.015325670498086,819
Control,522,279,53.44827586206896,819
Bilateral,522,187,35.82375478927203,820
Control,522,260,49.808429118773944,820
Bilateral,522,168,32.18390804597701,821
Control,522,255,48.85057471264368,821
Bilateral,522,195,37.35632183908046,822
Control,522,247,47.31800766283525,822
Bilateral,522,176,33.71647509578544,823
Control,522,268,51.34099616858238,823
Bilateral,522,198,37.93103448275862,824
Control,522,245,46.934865900383144,824
Bilateral,522,182,34.86590038314176,825
Control,522,242,46.36015325670498,825
Bilateral,522,194,37.16475095785441,826
Control,522,251,48.08429118773947,826
Bilateral,522,198,37.93103448275862,827
Control,522,266,50.95785440613027,827
Bilateral,522,190,36.39846743295019,828
Control,522,264,50.57471264367817,828
Bilateral,522,183,35.05747126436782,829
Control,522,265,50.76628352490421,829
Bilateral,522,191,36.59003831417624,830
Control,522,236,45.21072796934866,830
Bilateral,522,188,36.015325670498086,831
Control,522,253,48.46743295019157,831
Bilateral,522,188,36.015325670498086,832
Control,522,256,49.042145593869726,832
Bilateral,522,183,35.05747126436782,833
Control,522,255,48.85057471264368,833
Bilateral,522,197,37.73946360153257,834
Control,522,253,48.46743295019157,834
Bilateral,522,207,39.6551724137931,835
Control,522,265,50.76628352490421,835
Bilateral,522,171,32.758620689655174,836
Control,522,259,49.616858237547895,836
Bilateral,522,196,37.547892720306514,837
Control,522,289,55.3639846743295,837
Bilateral,522,191,36.59003831417624,838
Control,522,250,47.89272030651341,838
Bilateral,522,203,38.88888888888889,839
Control,522,258,49.42528735632184,839
Bilateral,522,202,38.69731800766284,840
Control,522,243,46.55172413793103,840
Bilateral,522,183,35.05747126436782,841
Control,522,283,54.214559386973185,841
Bilateral,522,201,38.50574712643678,842
Control,522,247,47.31800766283525,842
Bilateral,522,197,37.73946360153257,843
Control,522,259,49.616858237547895,843
Bilateral,522,188,36.015325670498086,844
Control,522,248,47.509578544061306,844
Bilateral,522,174,33.33333333333333,845
Control,522,254,48.65900383141762,845
Bilateral,522,189,36.206896551724135,846
Control,522,250,47.89272030651341,846
Bilateral,522,188,36.015325670498086,847
Control,522,251,48.08429118773947,847
Bilateral,522,190,36.39846743295019,848
Control,522,277,53.06513409961686,848
Bilateral,522,175,33.524904214559385,849
Control,522,263,50.38314176245211,849
Bilateral,522,180,34.48275862068966,850
Control,522,259,49.616858237547895,850
Bilateral,522,203,38.88888888888889,851
Control,522,248,47.509578544061306,851
Bilateral,522,196,37.547892720306514,852
Control,522,266,50.95785440613027,852
Bilateral,522,195,37.35632183908046,853
Control,522,260,49.808429118773944,853
Bilateral,522,193,36.97318007662835,854
Control,522,262,50.191570881226056,854
Bilateral,522,186,35.63218390804598,855
Control,522,246,47.12643678160919,855
Bilateral,522,198,37.93103448275862,856
Control,522,268,51.34099616858238,856
Bilateral,522,188,36.015325670498086,857
Control,522,232,44.44444444444444,857
Bilateral,522,182,34.86590038314176,858
Control,522,250,47.89272030651341,858
Bilateral,522,201,38.50574712643678,859
Control,522,263,50.38314176245211,859
Bilateral,522,187,35.82375478927203,860
Control,522,229,43.86973180076628,860
Bilateral,522,203,38.88888888888889,861
Control,522,264,50.57471264367817,861
Bilateral,522,186,35.63218390804598,862
Control,522,265,50.76628352490421,862
Bilateral,522,213,40.804597701149426,863
Control,522,232,44.44444444444444,863
Bilateral,522,187,35.82375478927203,864
Control,522,250,47.89272030651341,864
Bilateral,522,186,35.63218390804598,865
Control,522,277,53.06513409961686,865
Bilateral,522,176,33.71647509578544,866
Control,522,259,49.616858237547895,866
Bilateral,522,199,38.122605363984675,867
Control,522,261,50.0,867
Bilateral,522,165,31.60919540229885,868
Control,522,266,50.95785440613027,868
Bilateral,522,205,39.272030651341,869
Control,522,271,51.91570881226054,869
Bilateral,522,190,36.39846743295019,870
Control,522,241,46.16858237547893,870
Bilateral,522,192,36.7816091954023,871
Control,522,252,48.275862068965516,871
Bilateral,522,197,37.73946360153257,872
Control,522,248,47.509578544061306,872
Bilateral,522,206,39.46360153256705,873
Control,522,243,46.55172413793103,873
Bilateral,522,185,35.440613026819925,874
Control,522,248,47.509578544061306,874
Bilateral,522,197,37.73946360153257,875
Control,522,260,49.808429118773944,875
Bilateral,522,186,35.63218390804598,876
Control,522,240,45.97701149425287,876
Bilateral,522,201,38.50574712643678,877
Control,522,257,49.23371647509578,877
Bilateral,522,165,31.60919540229885,878
Control,522,269,51.53256704980843,878
Bilateral,522,189,36.206896551724135,879
Control,522,251,48.08429118773947,879
Bilateral,522,193,36.97318007662835,880
Control,522,255,48.85057471264368,880
Bilateral,522,192,36.7816091954023,881
Control,522,256,49.042145593869726,881
Bilateral,522,210,40.229885057471265,882
Control,522,256,49.042145593869726,882
Bilateral,522,195,37.35632183908046,883
Control,522,260,49.808429118773944,883
Bilateral,522,167,31.992337164750957,884
Control,522,267,51.14942528735632,884
Bilateral,522,196,37.547892720306514,885
Control,522,263,50.38314176245211,885
Bilateral,522,194,37.16475095785441,886
Control,522,254,48.65900383141762,886
Bilateral,522,200,38.31417624521073,887
Control,522,288,55.172413793103445,887
Bilateral,522,183,35.05747126436782,888
Control,522,258,49.42528735632184,888
Bilateral,522,194,37.16475095785441,889
Control,522,260,49.808429118773944,889
Bilateral,522,182,34.86590038314176,890
Control,522,278,53.25670498084292,890
Bilateral,522,202,38.69731800766284,891
Control,522,258,49.42528735632184,891
Bilateral,522,205,39.272030651341,892
Control,522,239,45.785440613026815,892
Bilateral,522,195,37.35632183908046,893
Control,522,257,49.23371647509578,893
Bilateral,522,192,36.7816091954023,894
Control,522,254,48.65900383141762,894
Bilateral,522,192,36.7816091954023,895
Control,522,248,47.509578544061306,895
Bilateral,522,198,37.93103448275862,896
Control,522,253,48.46743295019157,896
Bilateral,522,178,34.099616858237546,897
Control,522,244,46.74329501915709,897
Bilateral,522,174,33.33333333333333,898
Control,522,259,49.616858237547895,898
Bilateral,522,206,39.46360153256705,899
Control,522,264,50.57471264367817,899
Bilateral,522,187,35.82375478927203,900
Control,522,258,49.42528735632184,900
Bilateral,522,192,36.7816091954023,901
Control,522,268,51.34099616858238,901
Bilateral,522,174,33.33333333333333,902
Control,522,273,52.29885057471264,902
Bilateral,522,192,36.7816091954023,903
Control,522,261,50.0,903
Bilateral,522,167,31.992337164750957,904
Control,522,264,50.57471264367817,904
Bilateral,522,206,39.46360153256705,905
Control,522,255,48.85057471264368,905
Bilateral,522,178,34.099616858237546,906
Control,522,253,48.46743295019157,906
Bilateral,522,194,37.16475095785441,907
Control,522,256,49.042145593869726,907
Bilateral,522,178,34.099616858237546,908
Control,522,248,47.509578544061306,908
Bilateral,522,183,35.05747126436782,909
Control,522,253,48.46743295019157,909
Bilateral,522,201,38.50574712643678,910
Control,522,277,53.06513409961686,910
Bilateral,522,167,31.992337164750957,911
Control,522,245,46.934865900383144,911
Bilateral,522,201,38.50574712643678,912
Control,522,263,50.38314176245211,912
Bilateral,522,188,36.015325670498086,913
Control,522,249,47.701149425287355,913
Bilateral,522,189,36.206896551724135,914
Control,522,257,49.23371647509578,914
Bilateral,522,216,41.37931034482759,915
Control,522,259,49.616858237547895,915
Bilateral,522,196,37.547892720306514,916
Control,522,239,45.785440613026815,916
Bilateral,522,183,35.05747126436782,917
Control,522,261,50.0,917
Bilateral,522,181,34.67432950191571,918
Control,522,266,50.95785440613027,918
Bilateral,522,191,36.59003831417624,919
Control,522,253,48.46743295019157,919
Bilateral,522,194,37.16475095785441,920
Control,522,270,51.724137931034484,920
Bilateral,522,198,37.93103448275862,921
Control,522,238,45.593869731800766,921
Bilateral,522,191,36.59003831417624,922
Control,522,252,48.275862068965516,922
Bilateral,522,184,35.24904214559387,923
Control,522,259,49.616858237547895,923
Bilateral,522,189,36.206896551724135,924
Control,522,250,47.89272030651341,924
Bilateral,522,207,39.6551724137931,925
Control,522,236,45.21072796934866,925
Bilateral,522,198,37.93103448275862,926
Control,522,251,48.08429118773947,926
Bilateral,522,177,33.90804597701149,927
Control,522,277,53.06513409961686,927
Bilateral,522,196,37.547892720306514,928
Control,522,257,49.23371647509578,928
Bilateral,522,209,40.03831417624521,929
Control,522,270,51.724137931034484,929
Bilateral,522,176,33.71647509578544,930
Control,522,249,47.701149425287355,930
Bilateral,522,195,37.35632183908046,931
Control,522,259,49.616858237547895,931
Bilateral,522,192,36.7816091954023,932
Control,522,250,47.89272030651341,932
Bilateral,522,187,35.82375478927203,933
Control,522,253,48.46743295019157,933
Bilateral,522,217,41.57088122605364,934
Control,522,268,51.34099616858238,934
Bilateral,522,199,38.122605363984675,935
Control,522,264,50.57471264367817,935
Bilateral,522,179,34.2911877394636,936
Control,522,276,52.87356321839081,936
Bilateral,522,192,36.7816091954023,937
Control,522,258,49.42528735632184,937
Bilateral,522,191,36.59003831417624,938
Control,522,266,50.95785440613027,938
Bilateral,522,191,36.59003831417624,939
Control,522,237,45.40229885057471,939
Bilateral,522,198,37.93103448275862,940
Control,522,252,48.275862068965516,940
Bilateral,522,191,36.59003831417624,941
Control,522,272,52.10727969348659,941
Bilateral,522,196,37.547892720306514,942
Control,522,263,50.38314176245211,942
Bilateral,522,191,36.59003831417624,943
Control,522,255,48.85057471264368,943
Bilateral,522,204,39.08045977011494,944
Control,522,255,48.85057471264368,944
Bilateral,522,210,40.229885057471265,945
Control,522,285,54.59770114942529,945
Bilateral,522,189,36.206896551724135,946
Control,522,266,50.95785440613027,946
Bilateral,522,193,36.97318007662835,947
Control,522,265,50.76628352490421,947
Bilateral,522,197,37.73946360153257,948
Control,522,265,50.76628352490421,948
Bilateral,522,174,33.33333333333333,949
Control,522,251,48.08429118773947,949
Bilateral,522,186,35.63218390804598,950
Control,522,264,50.57471264367817,950
Bilateral,522,192,36.7816091954023,951
Control,522,254,48.65900383141762,951
Bilateral,522,196,37.547892720306514,952
Control,522,264,50.57471264367817,952
Bilateral,522,183,35.05747126436782,953
Control,522,244,46.74329501915709,953
Bilateral,522,194,37.16475095785441,954
Control,522,251,48.08429118773947,954
Bilateral,522,188,36.015325670498086,955
Control,522,266,50.95785440613027,955
Bilateral,522,196,37.547892720306514,956
Control,522,270,51.724137931034484,956
Bilateral,522,192,36.7816091954023,957
Control,522,248,47.509578544061306,957
Bilateral,522,205,39.272030651341,958
Control,522,250,47.89272030651341,958
Bilateral,522,203,38.88888888888889,959
Control,522,259,49.616858237547895,959
Bilateral,522,206,39.46360153256705,960
Control,522,267,51.14942528735632,960
Bilateral,522,181,34.67432950191571,961
Control,522,246,47.12643678160919,961
Bilateral,522,199,38.122605363984675,962
Control,522,246,47.12643678160919,962
Bilateral,522,201,38.50574712643678,963
Control,522,270,51.724137931034484,963
Bilateral,522,195,37.35632183908046,964
Control,522,259,49.616858237547895,964
Bilateral,522,194,37.16475095785441,965
Control,522,254,48.65900383141762,965
Bilateral,522,189,36.206896551724135,966
Control,522,268,51.34099616858238,966
Bilateral,522,185,35.440613026819925,967
Control,522,271,51.91570881226054,967
Bilateral,522,188,36.015325670498086,968
Control,522,252,48.275862068965516,968
Bilateral,522,194,37.16475095785441,969
Control,522,268,51.34099616858238,969
Bilateral,522,181,34.67432950191571,970
Control,522,250,47.89272030651341,970
Bilateral,522,194,37.16475095785441,971
Control,522,251,48.08429118773947,971
Bilateral,522,177,33.90804597701149,972
Control,522,247,47.31800766283525,972
Bilateral,522,191,36.59003831417624,973
Control,522,247,47.31800766283525,973
Bilateral,522,190,36.39846743295019,974
Control,522,249,47.701149425287355,974
Bilateral,522,184,35.24904214559387,975
Control,522,277,53.06513409961686,975
Bilateral,522,202,38.69731800766284,976
Control,522,273,52.29885057471264,976
Bilateral,522,196,37.547892720306514,977
Control,522,246,47.12643678160919,977
Bilateral,522,185,35.440613026819925,978
Control,522,255,48.85057471264368,978
Bilateral,522,185,35.440613026819925,979
Control,522,250,47.89272030651341,979
Bilateral,522,196,37.547892720306514,980
Control,522,259,49.616858237547895,980
Bilateral,522,192,36.7816091954023,981
Control,522,259,49.616858237547895,981
Bilateral,522,192,36.7816091954023,982
Control,522,266,50.95785440613027,982
Bilateral,522,184,35.24904214559387,983
Control,522,259,49.616858237547895,983
Bilateral,522,193,36.97318007662835,984
Control,522,252,48.275862068965516,984
Bilateral,522,205,39.272030651341,985
Control,522,267,51.14942528735632,985
Bilateral,522,197,37.73946360153257,986
Control,522,262,50.191570881226056,986
Bilateral,522,195,37.35632183908046,987
Control,522,263,50.38314176245211,987
Bilateral,522,191,36.59003831417624,988
Control,522,256,49.042145593869726,988
Bilateral,522,192,36.7816091954023,989
Control,522,264,50.57471264367817,989
Bilateral,522,216,41.37931034482759,990
Control,522,262,50.191570881226056,990
Bilateral,522,199,38.122605363984675,991
Control,522,263,50.38314176245211,991
Bilateral,522,197,37.73946360153257,992
Control,522,252,48.275862068965516,992
Bilateral,522,202,38.69731800766284,993
Control,522,262,50.191570881226056,993
Bilateral,522,197,37.73946360153257,994
Control,522,259,49.616858237547895,994
Bilateral,522,200,38.31417624521073,995
Control,522,263,50.38314176245211,995
Bilateral,522,201,38.50574712643678,996
Control,522,257,49.23371647509578,996
Bilateral,522,202,38.69731800766284,997
Control,522,252,48.275862068965516,997
Bilateral,522,184,35.24904214559387,998
Control,522,237,45.40229885057471,998
Bilateral,522,203,38.88888888888889,999
Control,522,245,46.934865900383144,999
